tracking_no,event_at,event,hub
1200000001,2026-08-05 10:23:00,집화처리,영남HUB
1200000001,2026-08-05 22:23:00,간선상차,영남HUB
1200000001,2026-08-06 17:23:00,간선하차,영남HUB
1200000001,2026-08-06 23:23:00,배송출발,영남HUB
1100000002,2026-07-11 03:28:00,집화처리,수도권HUB
1100000002,2026-07-11 11:28:00,간선상차,수도권HUB
1100000002,2026-07-12 03:28:00,간선하차,수도권HUB
1100000002,2026-07-12 17:28:00,배송출발,수도권HUB
1100000002,2026-07-12 21:28:00,배송완료,수도권HUB
2100000003,2026-06-04 01:23:00,집화처리,영남HUB
2100000003,2026-06-04 09:23:00,간선상차,영남HUB
2100000003,2026-06-04 17:23:00,간선하차,영남HUB
2100000003,2026-06-05 13:23:00,배송출발,영남HUB
2100000003,2026-06-06 08:23:00,배송완료,영남HUB
4100000004,2026-05-23 06:19:00,집화처리,수도권HUB
4100000004,2026-05-23 21:19:00,간선상차,수도권HUB
4100000004,2026-05-24 04:19:00,간선하차,수도권HUB
4100000004,2026-05-24 17:19:00,배송출발,수도권HUB
4100000004,2026-05-24 23:19:00,배송완료,수도권HUB
3100000005,2026-07-01 13:19:00,집화처리,호남HUB
3100000005,2026-07-02 06:19:00,간선상차,호남HUB
3100000005,2026-07-02 13:19:00,간선하차,호남HUB
3100000005,2026-07-02 22:19:00,배송출발,호남HUB
3100000005,2026-07-03 12:19:00,배송완료,호남HUB
2100000006,2026-05-02 03:05:00,집화처리,수도권HUB
2100000006,2026-05-02 06:05:00,간선상차,수도권HUB
2100000006,2026-05-03 01:05:00,간선하차,수도권HUB
2100000006,2026-05-03 10:05:00,배송출발,수도권HUB
2100000006,2026-05-04 01:05:00,배송완료,수도권HUB
1100000007,2026-05-15 04:40:00,집화처리,중부HUB
1100000007,2026-05-15 14:40:00,간선상차,중부HUB
1100000007,2026-05-16 09:40:00,간선하차,중부HUB
1100000007,2026-05-16 17:40:00,배송출발,중부HUB
1100000007,2026-05-17 03:40:00,배송완료,중부HUB
4100000008,2026-05-13 11:23:00,집화처리,영남HUB
4100000008,2026-05-14 04:23:00,간선상차,영남HUB
4100000008,2026-05-14 21:23:00,간선하차,영남HUB
4100000008,2026-05-15 10:23:00,배송출발,영남HUB
4100000008,2026-05-15 15:23:00,배송완료,영남HUB
1100000009,2026-05-12 04:00:00,집화처리,수도권HUB
1100000009,2026-05-12 17:00:00,간선상차,수도권HUB
1100000009,2026-05-13 03:00:00,간선하차,수도권HUB
1100000009,2026-05-13 18:00:00,배송출발,수도권HUB
1100000009,2026-05-14 02:00:00,배송완료,수도권HUB
1100000010,2026-08-03 14:05:00,집화처리,영남HUB
1100000010,2026-08-03 17:05:00,간선상차,영남HUB
1100000010,2026-08-04 07:05:00,간선하차,영남HUB
1100000010,2026-08-04 21:05:00,배송출발,영남HUB
1100000010,2026-08-05 09:05:00,배송완료,영남HUB
1100000011,2026-05-14 18:51:00,집화처리,수도권HUB
1100000011,2026-05-15 04:51:00,간선상차,수도권HUB
1100000011,2026-05-15 08:51:00,간선하차,수도권HUB
1100000011,2026-05-15 16:51:00,배송출발,수도권HUB
1100000011,2026-05-16 08:51:00,배송완료,수도권HUB
3200000012,2026-07-08 22:55:00,집화처리,수도권HUB
3200000012,2026-07-09 13:55:00,간선상차,수도권HUB
3200000012,2026-07-10 03:55:00,간선하차,수도권HUB
3200000012,2026-07-10 16:55:00,배송출발,수도권HUB
3200000012,2026-07-10 19:55:00,배송완료,수도권HUB
1100000013,2026-07-25 12:16:00,집화처리,수도권HUB
1100000013,2026-07-25 15:16:00,간선상차,수도권HUB
1100000013,2026-07-25 23:16:00,간선하차,수도권HUB
1100000013,2026-07-26 19:16:00,배송출발,수도권HUB
1100000013,2026-07-27 09:16:00,배송완료,수도권HUB
1100000014,2026-08-05 03:53:00,집화처리,영남HUB
1100000014,2026-08-05 08:53:00,간선상차,영남HUB
1100000014,2026-08-05 21:53:00,간선하차,영남HUB
1100000014,2026-08-06 15:53:00,배송출발,영남HUB
3200000015,2026-05-04 19:25:00,집화처리,수도권HUB
3200000015,2026-05-05 05:25:00,간선상차,수도권HUB
3200000015,2026-05-05 09:25:00,간선하차,수도권HUB
3200000015,2026-05-06 05:25:00,배송출발,수도권HUB
3200000015,2026-05-06 18:25:00,배송완료,수도권HUB
1100000016,2026-07-29 23:59:00,집화처리,수도권HUB
1100000016,2026-07-30 05:59:00,간선상차,수도권HUB
1100000016,2026-07-30 17:59:00,간선하차,수도권HUB
1100000016,2026-07-31 11:59:00,배송출발,수도권HUB
1100000016,2026-08-01 03:59:00,배송완료,수도권HUB
1200000017,2026-07-04 05:19:00,집화처리,중부HUB
1200000017,2026-07-04 23:19:00,간선상차,중부HUB
1200000017,2026-07-05 17:19:00,간선하차,중부HUB
1200000017,2026-07-06 02:19:00,배송출발,중부HUB
1200000017,2026-07-06 13:19:00,배송완료,중부HUB
3200000018,2026-05-27 06:42:00,집화처리,호남HUB
3200000018,2026-05-27 13:42:00,간선상차,호남HUB
3200000018,2026-05-28 04:42:00,간선하차,호남HUB
3200000018,2026-05-28 11:42:00,배송출발,호남HUB
3200000018,2026-05-28 14:42:00,배송완료,호남HUB
1200000019,2026-08-05 06:11:00,집화처리,영남HUB
1200000019,2026-08-05 16:11:00,간선상차,영남HUB
2100000020,2026-05-15 23:05:00,집화처리,수도권HUB
2100000020,2026-05-16 09:05:00,간선상차,수도권HUB
2100000020,2026-05-17 05:05:00,간선하차,수도권HUB
2100000020,2026-05-18 01:05:00,배송출발,수도권HUB
2100000020,2026-05-18 08:05:00,배송완료,수도권HUB
1200000021,2026-08-02 21:28:00,집화처리,영남HUB
1200000021,2026-08-03 04:28:00,간선상차,영남HUB
1200000021,2026-08-03 16:28:00,간선하차,영남HUB
1200000021,2026-08-03 20:28:00,배송출발,영남HUB
1200000021,2026-08-04 04:28:00,배송완료,영남HUB
3200000022,2026-06-26 09:10:00,집화처리,수도권HUB
3200000022,2026-06-26 12:10:00,간선상차,수도권HUB
3200000022,2026-06-27 01:10:00,간선하차,수도권HUB
3200000022,2026-06-27 12:10:00,배송출발,수도권HUB
3200000022,2026-06-27 16:10:00,배송완료,수도권HUB
3100000023,2026-06-12 16:47:00,집화처리,영남HUB
3100000023,2026-06-13 02:47:00,간선상차,영남HUB
3100000023,2026-06-13 18:47:00,간선하차,영남HUB
3100000023,2026-06-14 05:47:00,배송출발,영남HUB
3100000023,2026-06-14 08:47:00,배송완료,영남HUB
2100000024,2026-05-19 07:36:00,집화처리,중부HUB
2100000024,2026-05-19 13:36:00,간선상차,중부HUB
2100000024,2026-05-19 16:36:00,간선하차,중부HUB
2100000024,2026-05-20 05:36:00,배송출발,중부HUB
2100000024,2026-05-20 19:36:00,배송완료,중부HUB
2100000025,2026-07-06 19:49:00,집화처리,수도권HUB
2100000025,2026-07-07 07:49:00,간선상차,수도권HUB
2100000025,2026-07-07 22:49:00,간선하차,수도권HUB
2100000025,2026-07-08 08:49:00,배송출발,수도권HUB
2100000025,2026-07-09 04:49:00,배송완료,수도권HUB
4100000026,2026-07-31 20:28:00,집화처리,수도권HUB
4100000026,2026-08-01 00:28:00,간선상차,수도권HUB
4100000026,2026-08-01 19:28:00,간선하차,수도권HUB
4100000026,2026-08-01 22:28:00,배송출발,수도권HUB
4100000026,2026-08-02 14:28:00,배송완료,수도권HUB
1100000027,2026-05-31 04:20:00,집화처리,영남HUB
1100000027,2026-06-01 00:20:00,간선상차,영남HUB
1100000027,2026-06-01 10:20:00,간선하차,영남HUB
1100000027,2026-06-01 21:20:00,배송출발,영남HUB
1100000027,2026-06-02 08:20:00,배송완료,영남HUB
1100000028,2026-07-25 13:34:00,집화처리,호남HUB
1100000028,2026-07-25 17:34:00,간선상차,호남HUB
1100000028,2026-07-26 09:34:00,간선하차,호남HUB
1100000028,2026-07-27 04:34:00,배송출발,호남HUB
1100000028,2026-07-27 10:34:00,배송완료,호남HUB
1100000029,2026-06-05 18:20:00,집화처리,중부HUB
1100000029,2026-06-05 21:20:00,간선상차,중부HUB
1100000029,2026-06-06 13:20:00,간선하차,중부HUB
1100000029,2026-06-06 17:20:00,배송출발,중부HUB
1100000029,2026-06-07 09:20:00,배송완료,중부HUB
2100000030,2026-08-03 22:08:00,집화처리,영남HUB
2100000030,2026-08-04 05:08:00,간선상차,영남HUB
2100000030,2026-08-04 14:08:00,간선하차,영남HUB
2100000030,2026-08-04 18:08:00,배송출발,영남HUB
1100000031,2026-06-24 19:20:00,집화처리,수도권HUB
1100000031,2026-06-25 06:20:00,간선상차,수도권HUB
1100000031,2026-06-25 21:20:00,간선하차,수도권HUB
1100000031,2026-06-26 14:20:00,배송출발,수도권HUB
1100000031,2026-06-26 23:20:00,배송완료,수도권HUB
2100000032,2026-06-20 20:37:00,집화처리,중부HUB
2100000032,2026-06-21 14:37:00,간선상차,중부HUB
2100000032,2026-06-22 07:37:00,간선하차,중부HUB
2100000032,2026-06-23 02:37:00,배송출발,중부HUB
2100000032,2026-06-23 09:37:00,배송완료,중부HUB
1100000033,2026-06-26 22:12:00,집화처리,수도권HUB
1100000033,2026-06-27 06:12:00,간선상차,수도권HUB
1100000033,2026-06-27 16:12:00,간선하차,수도권HUB
1100000033,2026-06-28 06:12:00,배송출발,수도권HUB
1100000033,2026-06-28 10:12:00,배송완료,수도권HUB
1100000034,2026-07-07 04:47:00,집화처리,영남HUB
1100000034,2026-07-07 16:47:00,간선상차,영남HUB
1100000034,2026-07-07 21:47:00,간선하차,영남HUB
1100000034,2026-07-08 08:47:00,배송출발,영남HUB
1100000034,2026-07-08 14:47:00,배송완료,영남HUB
1200000035,2026-06-15 23:19:00,집화처리,수도권HUB
1200000035,2026-06-16 12:19:00,간선상차,수도권HUB
1200000035,2026-06-16 21:19:00,간선하차,수도권HUB
1200000035,2026-06-17 00:19:00,배송출발,수도권HUB
1200000035,2026-06-17 11:19:00,배송완료,수도권HUB
1200000036,2026-07-29 21:45:00,집화처리,중부HUB
1200000036,2026-07-30 17:45:00,간선상차,중부HUB
1200000036,2026-07-31 05:45:00,간선하차,중부HUB
1200000036,2026-07-31 12:45:00,배송출발,중부HUB
1200000036,2026-08-01 02:45:00,배송완료,중부HUB
1100000037,2026-06-30 12:20:00,집화처리,영남HUB
1100000037,2026-06-30 19:20:00,간선상차,영남HUB
1100000037,2026-07-01 05:20:00,간선하차,영남HUB
1100000037,2026-07-01 10:20:00,배송출발,영남HUB
1100000037,2026-07-01 17:20:00,배송완료,영남HUB
3100000038,2026-07-02 08:48:00,집화처리,중부HUB
3100000038,2026-07-02 11:48:00,간선상차,중부HUB
3100000038,2026-07-02 15:48:00,간선하차,중부HUB
3100000038,2026-07-02 18:48:00,배송출발,중부HUB
3100000038,2026-07-03 12:48:00,배송완료,중부HUB
1100000039,2026-07-28 09:16:00,집화처리,수도권HUB
1100000039,2026-07-29 02:16:00,간선상차,수도권HUB
1100000039,2026-07-29 17:16:00,간선하차,수도권HUB
1100000039,2026-07-29 20:16:00,배송출발,수도권HUB
1100000039,2026-07-30 05:16:00,배송완료,수도권HUB
2100000040,2026-07-06 00:19:00,집화처리,수도권HUB
2100000040,2026-07-06 03:19:00,간선상차,수도권HUB
2100000040,2026-07-06 06:19:00,간선하차,수도권HUB
2100000040,2026-07-06 09:19:00,배송출발,수도권HUB
2100000040,2026-07-06 13:19:00,배송완료,수도권HUB
3100000041,2026-06-09 13:28:00,집화처리,호남HUB
3100000041,2026-06-09 19:28:00,간선상차,호남HUB
3100000041,2026-06-10 14:28:00,간선하차,호남HUB
3100000041,2026-06-11 00:28:00,배송출발,호남HUB
3100000041,2026-06-11 14:28:00,배송완료,호남HUB
2100000042,2026-05-19 12:09:00,집화처리,수도권HUB
2100000042,2026-05-20 03:09:00,간선상차,수도권HUB
2100000042,2026-05-20 06:09:00,간선하차,수도권HUB
2100000042,2026-05-20 22:09:00,배송출발,수도권HUB
2100000042,2026-05-21 04:09:00,배송완료,수도권HUB
1200000043,2026-07-08 22:06:00,집화처리,영남HUB
1200000043,2026-07-09 17:06:00,간선상차,영남HUB
1200000043,2026-07-10 05:06:00,간선하차,영남HUB
1200000043,2026-07-10 19:06:00,배송출발,영남HUB
1200000043,2026-07-10 22:06:00,배송완료,영남HUB
1100000044,2026-07-28 12:44:00,집화처리,영남HUB
1100000044,2026-07-29 06:44:00,간선상차,영남HUB
1100000044,2026-07-30 02:44:00,간선하차,영남HUB
1100000044,2026-07-30 08:44:00,배송출발,영남HUB
1100000044,2026-07-30 22:44:00,배송완료,영남HUB
1100000045,2026-07-07 13:05:00,집화처리,수도권HUB
1100000045,2026-07-08 01:05:00,간선상차,수도권HUB
1100000045,2026-07-08 14:05:00,간선하차,수도권HUB
1100000045,2026-07-09 06:05:00,배송출발,수도권HUB
1100000045,2026-07-09 12:05:00,배송완료,수도권HUB
2100000046,2026-07-28 17:38:00,집화처리,영남HUB
2100000046,2026-07-29 10:38:00,간선상차,영남HUB
2100000046,2026-07-29 16:38:00,간선하차,영남HUB
2100000046,2026-07-30 11:38:00,배송출발,영남HUB
2100000046,2026-07-30 14:38:00,배송완료,영남HUB
2100000047,2026-06-09 01:15:00,집화처리,영남HUB
2100000047,2026-06-09 11:15:00,간선상차,영남HUB
2100000047,2026-06-10 06:15:00,간선하차,영남HUB
2100000047,2026-06-10 11:15:00,배송출발,영남HUB
2100000047,2026-06-11 00:15:00,배송완료,영남HUB
1100000048,2026-07-07 12:05:00,집화처리,호남HUB
1100000048,2026-07-07 17:05:00,간선상차,호남HUB
1100000048,2026-07-07 22:05:00,간선하차,호남HUB
1100000048,2026-07-08 17:05:00,배송출발,호남HUB
1100000048,2026-07-09 12:05:00,배송완료,호남HUB
2100000049,2026-06-23 18:06:00,집화처리,영남HUB
2100000049,2026-06-24 05:06:00,간선상차,영남HUB
2100000049,2026-06-25 00:06:00,간선하차,영남HUB
2100000049,2026-06-25 13:06:00,배송출발,영남HUB
2100000049,2026-06-25 23:06:00,배송완료,영남HUB
1200000050,2026-07-24 20:24:00,집화처리,영남HUB
1200000050,2026-07-25 13:24:00,간선상차,영남HUB
1200000050,2026-07-26 03:24:00,간선하차,영남HUB
1200000050,2026-07-26 07:24:00,배송출발,영남HUB
1200000050,2026-07-27 02:24:00,배송완료,영남HUB
3100000051,2026-07-02 16:40:00,집화처리,수도권HUB
3100000051,2026-07-03 11:40:00,간선상차,수도권HUB
3100000051,2026-07-03 14:40:00,간선하차,수도권HUB
3100000051,2026-07-04 06:40:00,배송출발,수도권HUB
3100000051,2026-07-05 02:40:00,배송완료,수도권HUB
1100000052,2026-07-25 00:35:00,집화처리,영남HUB
1100000052,2026-07-25 14:35:00,간선상차,영남HUB
1100000052,2026-07-25 20:35:00,간선하차,영남HUB
1100000052,2026-07-26 01:35:00,배송출발,영남HUB
1100000052,2026-07-26 11:35:00,배송완료,영남HUB
1100000053,2026-07-28 08:02:00,집화처리,제주HUB
1100000053,2026-07-28 17:02:00,간선상차,제주HUB
1100000053,2026-07-28 22:02:00,간선하차,제주HUB
1100000053,2026-07-29 04:02:00,배송출발,제주HUB
1100000053,2026-07-29 23:02:00,배송완료,제주HUB
3100000054,2026-07-27 17:35:00,집화처리,영남HUB
3100000054,2026-07-28 12:35:00,간선상차,영남HUB
3100000054,2026-07-28 21:35:00,간선하차,영남HUB
3100000054,2026-07-29 11:35:00,배송출발,영남HUB
3100000054,2026-07-29 18:35:00,배송완료,영남HUB
3100000055,2026-07-29 19:57:00,집화처리,영남HUB
3100000055,2026-07-30 01:57:00,간선상차,영남HUB
3100000055,2026-07-30 10:57:00,간선하차,영남HUB
3100000055,2026-07-30 15:57:00,배송출발,영남HUB
3100000055,2026-07-31 07:57:00,배송완료,영남HUB
3200000056,2026-05-06 03:20:00,집화처리,수도권HUB
3200000056,2026-05-06 16:20:00,간선상차,수도권HUB
3200000056,2026-05-07 03:20:00,간선하차,수도권HUB
3200000056,2026-05-07 20:20:00,배송출발,수도권HUB
3200000056,2026-05-08 08:20:00,배송완료,수도권HUB
3100000057,2026-06-23 06:15:00,집화처리,영남HUB
3100000057,2026-06-24 01:15:00,간선상차,영남HUB
3100000057,2026-06-24 13:15:00,간선하차,영남HUB
3100000057,2026-06-25 04:15:00,배송출발,영남HUB
3100000057,2026-06-25 09:15:00,배송완료,영남HUB
2100000058,2026-08-06 00:06:00,집화처리,수도권HUB
2100000058,2026-08-06 03:06:00,간선상차,수도권HUB
3100000059,2026-06-27 08:42:00,집화처리,영남HUB
3100000059,2026-06-28 02:42:00,간선상차,영남HUB
3100000059,2026-06-28 14:42:00,간선하차,영남HUB
3100000059,2026-06-29 08:42:00,배송출발,영남HUB
3100000059,2026-06-29 19:42:00,배송완료,영남HUB
4100000060,2026-05-11 23:22:00,집화처리,수도권HUB
4100000060,2026-05-12 09:22:00,간선상차,수도권HUB
4100000060,2026-05-12 21:22:00,간선하차,수도권HUB
4100000060,2026-05-13 14:22:00,배송출발,수도권HUB
4100000060,2026-05-14 03:22:00,배송완료,수도권HUB
3200000061,2026-07-02 02:35:00,집화처리,영남HUB
3200000061,2026-07-02 16:35:00,간선상차,영남HUB
3200000061,2026-07-03 04:35:00,간선하차,영남HUB
3200000061,2026-07-03 08:35:00,배송출발,영남HUB
3200000061,2026-07-03 13:35:00,배송완료,영남HUB
3200000062,2026-07-20 20:55:00,집화처리,제주HUB
3200000062,2026-07-21 03:55:00,간선상차,제주HUB
3200000062,2026-07-21 07:55:00,간선하차,제주HUB
3200000062,2026-07-22 02:55:00,배송출발,제주HUB
3200000062,2026-07-22 09:55:00,배송완료,제주HUB
1100000063,2026-05-04 16:16:00,집화처리,수도권HUB
1100000063,2026-05-05 07:16:00,간선상차,수도권HUB
1100000063,2026-05-05 16:16:00,간선하차,수도권HUB
1100000063,2026-05-06 11:16:00,배송출발,수도권HUB
1100000063,2026-05-06 14:16:00,배송완료,수도권HUB
3100000064,2026-07-17 01:30:00,집화처리,영남HUB
3100000064,2026-07-17 17:30:00,간선상차,영남HUB
3100000064,2026-07-17 21:30:00,간선하차,영남HUB
3100000064,2026-07-18 05:30:00,배송출발,영남HUB
3100000064,2026-07-18 09:30:00,배송완료,영남HUB
2100000065,2026-05-22 04:00:00,집화처리,수도권HUB
2100000065,2026-05-22 09:00:00,간선상차,수도권HUB
2100000065,2026-05-23 03:00:00,간선하차,수도권HUB
2100000065,2026-05-23 17:00:00,배송출발,수도권HUB
2100000065,2026-05-24 11:00:00,배송완료,수도권HUB
4100000066,2026-07-28 08:39:00,집화처리,수도권HUB
4100000066,2026-07-29 04:39:00,간선상차,수도권HUB
4100000066,2026-07-29 07:39:00,간선하차,수도권HUB
4100000066,2026-07-29 15:39:00,배송출발,수도권HUB
4100000066,2026-07-30 02:39:00,배송완료,수도권HUB
1100000067,2026-07-14 03:37:00,집화처리,영남HUB
1100000067,2026-07-14 11:37:00,간선상차,영남HUB
1100000067,2026-07-14 18:37:00,간선하차,영남HUB
1100000067,2026-07-14 23:37:00,배송출발,영남HUB
1100000067,2026-07-15 03:37:00,배송완료,영남HUB
1100000068,2026-06-05 23:37:00,집화처리,영남HUB
1100000068,2026-06-06 17:37:00,간선상차,영남HUB
1100000068,2026-06-07 08:37:00,간선하차,영남HUB
1100000068,2026-06-07 11:37:00,배송출발,영남HUB
1100000068,2026-06-08 01:37:00,배송완료,영남HUB
3100000069,2026-06-18 04:46:00,집화처리,영남HUB
3100000069,2026-06-18 13:46:00,간선상차,영남HUB
3100000069,2026-06-19 02:46:00,간선하차,영남HUB
3100000069,2026-06-19 05:46:00,배송출발,영남HUB
3100000069,2026-06-20 01:46:00,배송완료,영남HUB
1100000070,2026-07-07 08:54:00,집화처리,중부HUB
1100000070,2026-07-07 21:54:00,간선상차,중부HUB
1100000070,2026-07-08 10:54:00,간선하차,중부HUB
1100000070,2026-07-09 05:54:00,배송출발,중부HUB
1100000070,2026-07-09 15:54:00,배송완료,중부HUB
1100000071,2026-06-02 06:09:00,집화처리,호남HUB
1100000071,2026-06-02 12:09:00,간선상차,호남HUB
1100000071,2026-06-02 23:09:00,간선하차,호남HUB
1100000071,2026-06-03 03:09:00,배송출발,호남HUB
1100000071,2026-06-03 06:09:00,배송완료,호남HUB
1100000072,2026-06-20 12:24:00,집화처리,중부HUB
1100000072,2026-06-20 17:24:00,간선상차,중부HUB
1100000072,2026-06-20 21:24:00,간선하차,중부HUB
1100000072,2026-06-21 16:24:00,배송출발,중부HUB
1100000072,2026-06-22 11:24:00,배송완료,중부HUB
2100000073,2026-07-22 20:02:00,집화처리,수도권HUB
2100000073,2026-07-23 08:02:00,간선상차,수도권HUB
2100000073,2026-07-24 00:02:00,간선하차,수도권HUB
2100000073,2026-07-24 11:02:00,배송출발,수도권HUB
2100000073,2026-07-25 00:02:00,배송완료,수도권HUB
1100000074,2026-05-21 04:05:00,집화처리,영남HUB
1100000074,2026-05-21 08:05:00,간선상차,영남HUB
1100000074,2026-05-21 21:05:00,간선하차,영남HUB
1100000074,2026-05-22 09:05:00,배송출발,영남HUB
1100000074,2026-05-22 17:05:00,배송완료,영남HUB
1100000075,2026-06-11 01:16:00,집화처리,영남HUB
1100000075,2026-06-11 11:16:00,간선상차,영남HUB
1100000075,2026-06-12 02:16:00,간선하차,영남HUB
1100000075,2026-06-12 10:16:00,배송출발,영남HUB
1100000075,2026-06-13 04:16:00,배송완료,영남HUB
4100000076,2026-07-10 17:33:00,집화처리,중부HUB
4100000076,2026-07-10 20:33:00,간선상차,중부HUB
4100000076,2026-07-11 02:33:00,간선하차,중부HUB
4100000076,2026-07-11 07:33:00,배송출발,중부HUB
4100000076,2026-07-11 14:33:00,배송완료,중부HUB
2100000077,2026-06-30 06:11:00,집화처리,영남HUB
2100000077,2026-06-30 12:11:00,간선상차,영남HUB
2100000077,2026-07-01 04:11:00,간선하차,영남HUB
2100000077,2026-07-01 18:11:00,배송출발,영남HUB
2100000077,2026-07-01 23:11:00,배송완료,영남HUB
3100000078,2026-06-17 14:48:00,집화처리,수도권HUB
3100000078,2026-06-18 06:48:00,간선상차,수도권HUB
3100000078,2026-06-18 14:48:00,간선하차,수도권HUB
3100000078,2026-06-18 19:48:00,배송출발,수도권HUB
3100000078,2026-06-19 13:48:00,배송완료,수도권HUB
1100000079,2026-05-12 15:57:00,집화처리,영남HUB
1100000079,2026-05-13 03:57:00,간선상차,영남HUB
1100000079,2026-05-13 10:57:00,간선하차,영남HUB
1100000079,2026-05-14 01:57:00,배송출발,영남HUB
1100000079,2026-05-14 10:57:00,배송완료,영남HUB
1200000080,2026-06-11 07:36:00,집화처리,중부HUB
1200000080,2026-06-11 18:36:00,간선상차,중부HUB
1200000080,2026-06-12 02:36:00,간선하차,중부HUB
1200000080,2026-06-12 19:36:00,배송출발,중부HUB
1200000080,2026-06-12 23:36:00,배송완료,중부HUB
1100000081,2026-07-03 19:05:00,집화처리,호남HUB
1100000081,2026-07-04 14:05:00,간선상차,호남HUB
1100000081,2026-07-05 06:05:00,간선하차,호남HUB
1100000081,2026-07-05 11:05:00,배송출발,호남HUB
1100000081,2026-07-05 23:05:00,배송완료,호남HUB
1200000082,2026-06-07 11:17:00,집화처리,중부HUB
1200000082,2026-06-07 22:17:00,간선상차,중부HUB
1200000082,2026-06-08 05:17:00,간선하차,중부HUB
1200000082,2026-06-09 00:17:00,배송출발,중부HUB
1200000082,2026-06-09 18:17:00,배송완료,중부HUB
2100000083,2026-05-12 06:44:00,집화처리,수도권HUB
2100000083,2026-05-12 20:44:00,간선상차,수도권HUB
2100000083,2026-05-13 12:44:00,간선하차,수도권HUB
2100000083,2026-05-14 03:44:00,배송출발,수도권HUB
2100000083,2026-05-14 14:44:00,배송완료,수도권HUB
4100000084,2026-05-13 22:48:00,집화처리,제주HUB
4100000084,2026-05-14 06:48:00,간선상차,제주HUB
4100000084,2026-05-14 15:48:00,간선하차,제주HUB
4100000084,2026-05-15 10:48:00,배송출발,제주HUB
4100000084,2026-05-16 06:48:00,배송완료,제주HUB
3100000085,2026-07-01 20:23:00,집화처리,수도권HUB
3100000085,2026-07-02 16:23:00,간선상차,수도권HUB
3100000085,2026-07-03 02:23:00,간선하차,수도권HUB
3100000085,2026-07-03 19:23:00,배송출발,수도권HUB
3100000085,2026-07-04 03:23:00,배송완료,수도권HUB
1100000086,2026-06-06 22:11:00,집화처리,중부HUB
1100000086,2026-06-07 10:11:00,간선상차,중부HUB
1100000086,2026-06-08 05:11:00,간선하차,중부HUB
1100000086,2026-06-09 01:11:00,배송출발,중부HUB
1100000086,2026-06-09 17:11:00,배송완료,중부HUB
1200000087,2026-07-24 08:09:00,집화처리,수도권HUB
1200000087,2026-07-24 23:09:00,간선상차,수도권HUB
1200000087,2026-07-25 18:09:00,간선하차,수도권HUB
1200000087,2026-07-26 12:09:00,배송출발,수도권HUB
1200000087,2026-07-26 17:09:00,배송완료,수도권HUB
2100000088,2026-07-14 18:05:00,집화처리,영남HUB
2100000088,2026-07-15 01:05:00,간선상차,영남HUB
2100000088,2026-07-15 13:05:00,간선하차,영남HUB
2100000088,2026-07-16 09:05:00,배송출발,영남HUB
2100000088,2026-07-16 12:05:00,배송완료,영남HUB
4100000089,2026-07-14 03:14:00,집화처리,수도권HUB
4100000089,2026-07-14 21:14:00,간선상차,수도권HUB
4100000089,2026-07-15 08:14:00,간선하차,수도권HUB
4100000089,2026-07-15 23:14:00,배송출발,수도권HUB
4100000089,2026-07-16 17:14:00,배송완료,수도권HUB
1200000090,2026-07-11 00:13:00,집화처리,영남HUB
1200000090,2026-07-11 11:13:00,간선상차,영남HUB
1200000090,2026-07-11 14:13:00,간선하차,영남HUB
1200000090,2026-07-12 06:13:00,배송출발,영남HUB
1200000090,2026-07-12 23:13:00,배송완료,영남HUB
3100000091,2026-06-05 03:54:00,집화처리,수도권HUB
3100000091,2026-06-05 13:54:00,간선상차,수도권HUB
3100000091,2026-06-06 05:54:00,간선하차,수도권HUB
3100000091,2026-06-06 21:54:00,배송출발,수도권HUB
3100000091,2026-06-07 15:54:00,배송완료,수도권HUB
3100000092,2026-07-16 00:14:00,집화처리,중부HUB
3100000092,2026-07-16 05:14:00,간선상차,중부HUB
3100000092,2026-07-16 20:14:00,간선하차,중부HUB
3100000092,2026-07-17 12:14:00,배송출발,중부HUB
3100000092,2026-07-17 20:14:00,배송완료,중부HUB
2100000093,2026-06-02 02:20:00,집화처리,수도권HUB
2100000093,2026-06-02 22:20:00,간선상차,수도권HUB
2100000093,2026-06-03 05:20:00,간선하차,수도권HUB
2100000093,2026-06-03 21:20:00,배송출발,수도권HUB
2100000093,2026-06-04 04:20:00,배송완료,수도권HUB
3100000094,2026-05-05 04:21:00,집화처리,중부HUB
3100000094,2026-05-05 09:21:00,간선상차,중부HUB
3100000094,2026-05-05 13:21:00,간선하차,중부HUB
3100000094,2026-05-05 23:21:00,배송출발,중부HUB
3100000094,2026-05-06 17:21:00,배송완료,중부HUB
1100000095,2026-06-09 19:44:00,집화처리,중부HUB
1100000095,2026-06-10 07:44:00,간선상차,중부HUB
1100000095,2026-06-10 16:44:00,간선하차,중부HUB
1100000095,2026-06-10 23:44:00,배송출발,중부HUB
1100000095,2026-06-11 15:44:00,배송완료,중부HUB
4100000096,2026-07-01 06:04:00,집화처리,중부HUB
4100000096,2026-07-01 14:04:00,간선상차,중부HUB
4100000096,2026-07-02 07:04:00,간선하차,중부HUB
4100000096,2026-07-03 01:04:00,배송출발,중부HUB
4100000096,2026-07-03 16:04:00,배송완료,중부HUB
3100000097,2026-05-26 04:27:00,집화처리,영남HUB
3100000097,2026-05-26 07:27:00,간선상차,영남HUB
3100000097,2026-05-26 22:27:00,간선하차,영남HUB
3100000097,2026-05-27 04:27:00,배송출발,영남HUB
3100000097,2026-05-27 15:27:00,배송완료,영남HUB
1200000098,2026-07-20 22:08:00,집화처리,영남HUB
1200000098,2026-07-21 01:08:00,간선상차,영남HUB
1200000098,2026-07-21 14:08:00,간선하차,영남HUB
1200000098,2026-07-22 06:08:00,배송출발,영남HUB
1200000098,2026-07-23 01:08:00,배송완료,영남HUB
1100000099,2026-06-06 10:47:00,집화처리,수도권HUB
1100000099,2026-06-07 01:47:00,간선상차,수도권HUB
1100000099,2026-06-07 08:47:00,간선하차,수도권HUB
1100000099,2026-06-07 21:47:00,배송출발,수도권HUB
1100000099,2026-06-08 13:47:00,배송완료,수도권HUB
3100000100,2026-05-13 01:40:00,집화처리,수도권HUB
3100000100,2026-05-13 19:40:00,간선상차,수도권HUB
3100000100,2026-05-14 11:40:00,간선하차,수도권HUB
3100000100,2026-05-14 17:40:00,배송출발,수도권HUB
3100000100,2026-05-15 03:40:00,배송완료,수도권HUB
1100000101,2026-07-28 11:31:00,집화처리,수도권HUB
1100000101,2026-07-28 15:31:00,간선상차,수도권HUB
1100000101,2026-07-29 08:31:00,간선하차,수도권HUB
1100000101,2026-07-29 12:31:00,배송출발,수도권HUB
1100000101,2026-07-30 00:31:00,배송완료,수도권HUB
2100000102,2026-05-18 20:39:00,집화처리,중부HUB
2100000102,2026-05-19 09:39:00,간선상차,중부HUB
2100000102,2026-05-19 15:39:00,간선하차,중부HUB
2100000102,2026-05-19 20:39:00,배송출발,중부HUB
2100000102,2026-05-20 10:39:00,배송완료,중부HUB
1100000103,2026-07-03 22:52:00,집화처리,영남HUB
1100000103,2026-07-04 04:52:00,간선상차,영남HUB
1100000103,2026-07-04 09:52:00,간선하차,영남HUB
1100000103,2026-07-04 14:52:00,배송출발,영남HUB
1100000103,2026-07-05 01:52:00,배송완료,영남HUB
1100000104,2026-05-31 09:36:00,집화처리,영남HUB
1100000104,2026-05-31 13:36:00,간선상차,영남HUB
1100000104,2026-05-31 22:36:00,간선하차,영남HUB
1100000104,2026-06-01 07:36:00,배송출발,영남HUB
1100000104,2026-06-01 21:36:00,배송완료,영남HUB
2100000105,2026-08-04 03:58:00,집화처리,수도권HUB
2100000105,2026-08-04 16:58:00,간선상차,수도권HUB
2100000105,2026-08-04 20:58:00,간선하차,수도권HUB
2100000105,2026-08-05 07:58:00,배송출발,수도권HUB
4100000106,2026-08-03 16:40:00,집화처리,중부HUB
4100000106,2026-08-04 11:40:00,간선상차,중부HUB
4100000106,2026-08-05 02:40:00,간선하차,중부HUB
4100000106,2026-08-05 06:40:00,배송출발,중부HUB
4100000106,2026-08-06 00:40:00,배송완료,중부HUB
1100000107,2026-06-23 03:02:00,집화처리,영남HUB
1100000107,2026-06-23 19:02:00,간선상차,영남HUB
1100000107,2026-06-24 04:02:00,간선하차,영남HUB
1100000107,2026-06-24 12:02:00,배송출발,영남HUB
1100000107,2026-06-25 00:02:00,배송완료,영남HUB
2100000108,2026-05-02 03:02:00,집화처리,영남HUB
2100000108,2026-05-02 19:02:00,간선상차,영남HUB
2100000108,2026-05-03 05:02:00,간선하차,영남HUB
2100000108,2026-05-04 00:02:00,배송출발,영남HUB
2100000108,2026-05-04 13:02:00,배송완료,영남HUB
1200000109,2026-06-11 07:23:00,집화처리,영남HUB
1200000109,2026-06-11 19:23:00,간선상차,영남HUB
1200000109,2026-06-12 02:23:00,간선하차,영남HUB
1200000109,2026-06-12 19:23:00,배송출발,영남HUB
1200000109,2026-06-12 22:23:00,배송완료,영남HUB
1200000110,2026-07-10 16:31:00,집화처리,수도권HUB
1200000110,2026-07-11 11:31:00,간선상차,수도권HUB
1200000110,2026-07-11 22:31:00,간선하차,수도권HUB
1200000110,2026-07-12 17:31:00,배송출발,수도권HUB
1200000110,2026-07-13 06:31:00,배송완료,수도권HUB
1100000111,2026-07-15 02:31:00,집화처리,영남HUB
1100000111,2026-07-15 15:31:00,간선상차,영남HUB
1100000111,2026-07-16 10:31:00,간선하차,영남HUB
1100000111,2026-07-17 06:31:00,배송출발,영남HUB
1100000111,2026-07-17 17:31:00,배송완료,영남HUB
4100000112,2026-07-22 03:16:00,집화처리,영남HUB
4100000112,2026-07-22 22:16:00,간선상차,영남HUB
4100000112,2026-07-23 02:16:00,간선하차,영남HUB
4100000112,2026-07-23 07:16:00,배송출발,영남HUB
4100000112,2026-07-23 21:16:00,배송완료,영남HUB
2100000113,2026-05-22 21:45:00,집화처리,중부HUB
2100000113,2026-05-23 12:45:00,간선상차,중부HUB
2100000113,2026-05-23 18:45:00,간선하차,중부HUB
2100000113,2026-05-24 14:45:00,배송출발,중부HUB
2100000113,2026-05-24 19:45:00,배송완료,중부HUB
1100000114,2026-07-28 18:35:00,집화처리,수도권HUB
1100000114,2026-07-29 11:35:00,간선상차,수도권HUB
1100000114,2026-07-29 18:35:00,간선하차,수도권HUB
1100000114,2026-07-30 07:35:00,배송출발,수도권HUB
1100000114,2026-07-30 12:35:00,배송완료,수도권HUB
3200000115,2026-07-25 20:30:00,집화처리,수도권HUB
3200000115,2026-07-26 06:30:00,간선상차,수도권HUB
3200000115,2026-07-26 15:30:00,간선하차,수도권HUB
3200000115,2026-07-27 09:30:00,배송출발,수도권HUB
3200000115,2026-07-27 17:30:00,배송완료,수도권HUB
4100000116,2026-08-04 02:16:00,집화처리,수도권HUB
4100000116,2026-08-04 09:16:00,간선상차,수도권HUB
4100000116,2026-08-04 22:16:00,간선하차,수도권HUB
4100000116,2026-08-05 11:16:00,배송출발,수도권HUB
4100000116,2026-08-06 01:16:00,배송완료,수도권HUB
2100000117,2026-05-18 19:36:00,집화처리,수도권HUB
2100000117,2026-05-19 13:36:00,간선상차,수도권HUB
2100000117,2026-05-20 08:36:00,간선하차,수도권HUB
2100000117,2026-05-20 17:36:00,배송출발,수도권HUB
2100000117,2026-05-21 00:36:00,배송완료,수도권HUB
1100000118,2026-07-15 04:54:00,집화처리,영남HUB
1100000118,2026-07-16 00:54:00,간선상차,영남HUB
1100000118,2026-07-16 07:54:00,간선하차,영남HUB
1100000118,2026-07-16 14:54:00,배송출발,영남HUB
1100000118,2026-07-17 04:54:00,배송완료,영남HUB
1100000119,2026-06-19 01:49:00,집화처리,중부HUB
1100000119,2026-06-19 07:49:00,간선상차,중부HUB
1100000119,2026-06-19 23:49:00,간선하차,중부HUB
1100000119,2026-06-20 16:49:00,배송출발,중부HUB
1100000119,2026-06-21 07:49:00,배송완료,중부HUB
1100000120,2026-05-04 04:57:00,집화처리,영남HUB
1100000120,2026-05-04 22:57:00,간선상차,영남HUB
1100000120,2026-05-05 18:57:00,간선하차,영남HUB
1100000120,2026-05-06 09:57:00,배송출발,영남HUB
1100000120,2026-05-06 20:57:00,배송완료,영남HUB
4100000121,2026-07-17 12:09:00,집화처리,중부HUB
4100000121,2026-07-17 15:09:00,간선상차,중부HUB
4100000121,2026-07-17 20:09:00,간선하차,중부HUB
4100000121,2026-07-18 12:09:00,배송출발,중부HUB
4100000121,2026-07-18 23:09:00,배송완료,중부HUB
1100000122,2026-06-02 06:23:00,집화처리,중부HUB
1100000122,2026-06-02 09:23:00,간선상차,중부HUB
1100000122,2026-06-03 01:23:00,간선하차,중부HUB
1100000122,2026-06-03 13:23:00,배송출발,중부HUB
1100000122,2026-06-04 03:23:00,배송완료,중부HUB
3200000123,2026-06-06 12:35:00,집화처리,수도권HUB
3200000123,2026-06-06 21:35:00,간선상차,수도권HUB
3200000123,2026-06-07 14:35:00,간선하차,수도권HUB
3200000123,2026-06-07 19:35:00,배송출발,수도권HUB
3200000123,2026-06-08 03:35:00,배송완료,수도권HUB
1200000124,2026-06-02 08:44:00,집화처리,수도권HUB
1200000124,2026-06-02 21:44:00,간선상차,수도권HUB
1200000124,2026-06-03 09:44:00,간선하차,수도권HUB
1200000124,2026-06-03 18:44:00,배송출발,수도권HUB
1200000124,2026-06-04 07:44:00,배송완료,수도권HUB
2100000125,2026-06-02 09:08:00,집화처리,호남HUB
2100000125,2026-06-02 22:08:00,간선상차,호남HUB
2100000125,2026-06-03 13:08:00,간선하차,호남HUB
2100000125,2026-06-03 22:08:00,배송출발,호남HUB
2100000125,2026-06-04 07:08:00,배송완료,호남HUB
4100000126,2026-06-13 04:21:00,집화처리,수도권HUB
4100000126,2026-06-13 10:21:00,간선상차,수도권HUB
4100000126,2026-06-13 20:21:00,간선하차,수도권HUB
4100000126,2026-06-14 01:21:00,배송출발,수도권HUB
4100000126,2026-06-14 07:21:00,배송완료,수도권HUB
2100000127,2026-05-13 12:47:00,집화처리,수도권HUB
2100000127,2026-05-14 08:47:00,간선상차,수도권HUB
2100000127,2026-05-15 03:47:00,간선하차,수도권HUB
2100000127,2026-05-15 15:47:00,배송출발,수도권HUB
2100000127,2026-05-15 18:47:00,배송완료,수도권HUB
1100000128,2026-07-28 21:24:00,집화처리,수도권HUB
1100000128,2026-07-29 01:24:00,간선상차,수도권HUB
1100000128,2026-07-29 08:24:00,간선하차,수도권HUB
1100000128,2026-07-29 15:24:00,배송출발,수도권HUB
1100000128,2026-07-30 08:24:00,배송완료,수도권HUB
1100000129,2026-05-18 14:47:00,집화처리,영남HUB
1100000129,2026-05-18 23:47:00,간선상차,영남HUB
1100000129,2026-05-19 10:47:00,간선하차,영남HUB
1100000129,2026-05-19 18:47:00,배송출발,영남HUB
1100000129,2026-05-20 02:47:00,배송완료,영남HUB
1100000130,2026-06-19 10:48:00,집화처리,영남HUB
1100000130,2026-06-19 21:48:00,간선상차,영남HUB
1100000130,2026-06-20 10:48:00,간선하차,영남HUB
1100000130,2026-06-20 18:48:00,배송출발,영남HUB
1100000130,2026-06-21 01:48:00,배송완료,영남HUB
3100000131,2026-07-28 03:22:00,집화처리,영남HUB
3100000131,2026-07-28 21:22:00,간선상차,영남HUB
3100000131,2026-07-29 12:22:00,간선하차,영남HUB
3100000131,2026-07-30 08:22:00,배송출발,영남HUB
3100000131,2026-07-30 12:22:00,배송완료,영남HUB
2100000132,2026-07-14 08:28:00,집화처리,수도권HUB
2100000132,2026-07-14 20:28:00,간선상차,수도권HUB
2100000132,2026-07-15 12:28:00,간선하차,수도권HUB
2100000132,2026-07-16 02:28:00,배송출발,수도권HUB
2100000132,2026-07-16 05:28:00,배송완료,수도권HUB
1100000133,2026-07-06 20:04:00,집화처리,중부HUB
1100000133,2026-07-07 11:04:00,간선상차,중부HUB
1100000133,2026-07-08 04:04:00,간선하차,중부HUB
1100000133,2026-07-08 17:04:00,배송출발,중부HUB
1100000133,2026-07-09 02:04:00,배송완료,중부HUB
2100000134,2026-06-26 16:03:00,집화처리,중부HUB
2100000134,2026-06-27 11:03:00,간선상차,중부HUB
2100000134,2026-06-27 22:03:00,간선하차,중부HUB
2100000134,2026-06-28 15:03:00,배송출발,중부HUB
2100000134,2026-06-29 08:03:00,배송완료,중부HUB
1200000135,2026-07-23 20:03:00,집화처리,수도권HUB
1200000135,2026-07-24 03:03:00,간선상차,수도권HUB
1200000135,2026-07-24 18:03:00,간선하차,수도권HUB
1200000135,2026-07-25 03:03:00,배송출발,수도권HUB
1200000135,2026-07-25 11:03:00,배송완료,수도권HUB
1200000136,2026-06-26 08:02:00,집화처리,수도권HUB
1200000136,2026-06-26 14:02:00,간선상차,수도권HUB
1200000136,2026-06-26 23:02:00,간선하차,수도권HUB
1200000136,2026-06-27 02:02:00,배송출발,수도권HUB
1200000136,2026-06-27 17:02:00,배송완료,수도권HUB
3100000137,2026-07-25 00:41:00,집화처리,영남HUB
3100000137,2026-07-25 19:41:00,간선상차,영남HUB
3100000137,2026-07-26 03:41:00,간선하차,영남HUB
3100000137,2026-07-26 14:41:00,배송출발,영남HUB
3100000137,2026-07-27 03:41:00,배송완료,영남HUB
2100000138,2026-06-15 23:11:00,집화처리,호남HUB
2100000138,2026-06-16 17:11:00,간선상차,호남HUB
2100000138,2026-06-17 01:11:00,간선하차,호남HUB
2100000138,2026-06-17 16:11:00,배송출발,호남HUB
2100000138,2026-06-18 05:11:00,배송완료,호남HUB
3200000139,2026-07-04 05:09:00,집화처리,중부HUB
3200000139,2026-07-04 11:09:00,간선상차,중부HUB
3200000139,2026-07-04 18:09:00,간선하차,중부HUB
3200000139,2026-07-04 23:09:00,배송출발,중부HUB
3200000139,2026-07-05 14:09:00,배송완료,중부HUB
1100000140,2026-08-04 12:02:00,집화처리,수도권HUB
1100000140,2026-08-05 05:02:00,간선상차,수도권HUB
1100000140,2026-08-05 13:02:00,간선하차,수도권HUB
1100000140,2026-08-06 03:02:00,배송출발,수도권HUB
1100000140,2026-08-06 23:02:00,배송완료,수도권HUB
2100000141,2026-06-24 19:09:00,집화처리,중부HUB
2100000141,2026-06-25 05:09:00,간선상차,중부HUB
2100000141,2026-06-25 20:09:00,간선하차,중부HUB
2100000141,2026-06-26 10:09:00,배송출발,중부HUB
2100000141,2026-06-27 01:09:00,배송완료,중부HUB
4100000142,2026-06-22 21:38:00,집화처리,영남HUB
4100000142,2026-06-23 02:38:00,간선상차,영남HUB
4100000142,2026-06-23 06:38:00,간선하차,영남HUB
4100000142,2026-06-24 00:38:00,배송출발,영남HUB
4100000142,2026-06-24 15:38:00,배송완료,영남HUB
1100000143,2026-07-27 22:41:00,집화처리,수도권HUB
1100000143,2026-07-28 11:41:00,간선상차,수도권HUB
1100000143,2026-07-29 02:41:00,간선하차,수도권HUB
1100000143,2026-07-29 09:41:00,배송출발,수도권HUB
1100000143,2026-07-30 04:41:00,배송완료,수도권HUB
2100000144,2026-07-16 08:06:00,집화처리,중부HUB
2100000144,2026-07-17 02:06:00,간선상차,중부HUB
2100000144,2026-07-17 06:06:00,간선하차,중부HUB
2100000144,2026-07-17 23:06:00,배송출발,중부HUB
2100000144,2026-07-18 13:06:00,배송완료,중부HUB
1100000145,2026-08-04 00:21:00,집화처리,수도권HUB
1100000145,2026-08-04 16:21:00,간선상차,수도권HUB
1100000145,2026-08-05 10:21:00,간선하차,수도권HUB
1100000145,2026-08-05 17:21:00,배송출발,수도권HUB
1100000145,2026-08-06 10:21:00,배송완료,수도권HUB
2100000146,2026-05-26 08:53:00,집화처리,영남HUB
2100000146,2026-05-26 11:53:00,간선상차,영남HUB
2100000146,2026-05-26 20:53:00,간선하차,영남HUB
2100000146,2026-05-27 16:53:00,배송출발,영남HUB
2100000146,2026-05-28 10:53:00,배송완료,영남HUB
1100000147,2026-07-11 09:05:00,집화처리,수도권HUB
1100000147,2026-07-11 21:05:00,간선상차,수도권HUB
1100000147,2026-07-12 01:05:00,간선하차,수도권HUB
1100000147,2026-07-12 10:05:00,배송출발,수도권HUB
1100000147,2026-07-12 17:05:00,배송완료,수도권HUB
3100000148,2026-07-08 18:01:00,집화처리,수도권HUB
3100000148,2026-07-09 01:01:00,간선상차,수도권HUB
3100000148,2026-07-09 17:01:00,간선하차,수도권HUB
3100000148,2026-07-10 10:01:00,배송출발,수도권HUB
3100000148,2026-07-10 15:01:00,배송완료,수도권HUB
2100000149,2026-06-28 01:00:00,집화처리,호남HUB
2100000149,2026-06-28 20:00:00,간선상차,호남HUB
2100000149,2026-06-29 10:00:00,간선하차,호남HUB
2100000149,2026-06-30 02:00:00,배송출발,호남HUB
2100000149,2026-06-30 06:00:00,배송완료,호남HUB
2100000150,2026-05-23 02:05:00,집화처리,수도권HUB
2100000150,2026-05-23 08:05:00,간선상차,수도권HUB
2100000150,2026-05-24 02:05:00,간선하차,수도권HUB
2100000150,2026-05-24 18:05:00,배송출발,수도권HUB
2100000150,2026-05-25 05:05:00,배송완료,수도권HUB
1100000151,2026-06-20 14:45:00,집화처리,영남HUB
1100000151,2026-06-21 00:45:00,간선상차,영남HUB
1100000151,2026-06-21 14:45:00,간선하차,영남HUB
1100000151,2026-06-21 17:45:00,배송출발,영남HUB
1100000151,2026-06-22 00:45:00,배송완료,영남HUB
1200000152,2026-08-02 23:53:00,집화처리,호남HUB
1200000152,2026-08-03 06:53:00,간선상차,호남HUB
1200000152,2026-08-03 09:53:00,간선하차,호남HUB
1200000152,2026-08-03 19:53:00,배송출발,호남HUB
1200000152,2026-08-03 22:53:00,배송완료,호남HUB
2100000153,2026-07-03 19:05:00,집화처리,수도권HUB
2100000153,2026-07-03 23:05:00,간선상차,수도권HUB
2100000153,2026-07-04 13:05:00,간선하차,수도권HUB
2100000153,2026-07-04 19:05:00,배송출발,수도권HUB
2100000153,2026-07-05 04:05:00,배송완료,수도권HUB
2100000154,2026-06-08 20:59:00,집화처리,수도권HUB
2100000154,2026-06-09 00:59:00,간선상차,수도권HUB
2100000154,2026-06-09 13:59:00,간선하차,수도권HUB
2100000154,2026-06-09 16:59:00,배송출발,수도권HUB
2100000154,2026-06-10 10:59:00,배송완료,수도권HUB
2100000155,2026-06-09 09:58:00,집화처리,수도권HUB
2100000155,2026-06-09 18:58:00,간선상차,수도권HUB
2100000155,2026-06-10 12:58:00,간선하차,수도권HUB
2100000155,2026-06-10 15:58:00,배송출발,수도권HUB
2100000155,2026-06-11 05:58:00,배송완료,수도권HUB
1100000156,2026-07-14 09:48:00,집화처리,수도권HUB
1100000156,2026-07-14 22:48:00,간선상차,수도권HUB
1100000156,2026-07-15 03:48:00,간선하차,수도권HUB
1100000156,2026-07-15 08:48:00,배송출발,수도권HUB
1100000156,2026-07-16 03:48:00,배송완료,수도권HUB
1200000157,2026-07-21 02:34:00,집화처리,영남HUB
1200000157,2026-07-21 08:34:00,간선상차,영남HUB
1200000157,2026-07-21 17:34:00,간선하차,영남HUB
1200000157,2026-07-22 11:34:00,배송출발,영남HUB
1200000157,2026-07-23 07:34:00,배송완료,영남HUB
3100000158,2026-06-29 23:31:00,집화처리,영남HUB
3100000158,2026-06-30 16:31:00,간선상차,영남HUB
3100000158,2026-07-01 08:31:00,간선하차,영남HUB
3100000158,2026-07-01 21:31:00,배송출발,영남HUB
3100000158,2026-07-02 10:31:00,배송완료,영남HUB
1100000159,2026-06-23 01:39:00,집화처리,수도권HUB
1100000159,2026-06-23 17:39:00,간선상차,수도권HUB
1100000159,2026-06-24 00:39:00,간선하차,수도권HUB
1100000159,2026-06-24 16:39:00,배송출발,수도권HUB
1100000159,2026-06-25 00:39:00,배송완료,수도권HUB
1100000160,2026-05-20 20:17:00,집화처리,영남HUB
1100000160,2026-05-21 01:17:00,간선상차,영남HUB
1100000160,2026-05-21 15:17:00,간선하차,영남HUB
1100000160,2026-05-22 03:17:00,배송출발,영남HUB
1100000160,2026-05-22 17:17:00,배송완료,영남HUB
2100000161,2026-07-08 15:13:00,집화처리,수도권HUB
2100000161,2026-07-09 09:13:00,간선상차,수도권HUB
2100000161,2026-07-09 14:13:00,간선하차,수도권HUB
2100000161,2026-07-10 09:13:00,배송출발,수도권HUB
2100000161,2026-07-11 01:13:00,배송완료,수도권HUB
1200000162,2026-07-03 17:32:00,집화처리,영남HUB
1200000162,2026-07-04 00:32:00,간선상차,영남HUB
1200000162,2026-07-04 19:32:00,간선하차,영남HUB
1200000162,2026-07-05 06:32:00,배송출발,영남HUB
1200000162,2026-07-05 14:32:00,배송완료,영남HUB
4100000163,2026-07-27 23:03:00,집화처리,호남HUB
4100000163,2026-07-28 13:03:00,간선상차,호남HUB
4100000163,2026-07-29 03:03:00,간선하차,호남HUB
4100000163,2026-07-29 06:03:00,배송출발,호남HUB
4100000163,2026-07-29 20:03:00,배송완료,호남HUB
1200000164,2026-06-30 19:08:00,집화처리,영남HUB
1200000164,2026-07-01 14:08:00,간선상차,영남HUB
1200000164,2026-07-01 19:08:00,간선하차,영남HUB
1200000164,2026-07-01 22:08:00,배송출발,영남HUB
1200000164,2026-07-02 11:08:00,배송완료,영남HUB
1100000165,2026-07-25 10:15:00,집화처리,영남HUB
1100000165,2026-07-25 14:15:00,간선상차,영남HUB
1100000165,2026-07-26 08:15:00,간선하차,영남HUB
1100000165,2026-07-26 15:15:00,배송출발,영남HUB
1100000165,2026-07-26 19:15:00,배송완료,영남HUB
3200000166,2026-06-06 05:46:00,집화처리,수도권HUB
3200000166,2026-06-06 12:46:00,간선상차,수도권HUB
3200000166,2026-06-07 06:46:00,간선하차,수도권HUB
3200000166,2026-06-07 10:46:00,배송출발,수도권HUB
3200000166,2026-06-08 06:46:00,배송완료,수도권HUB
3200000167,2026-05-20 23:58:00,집화처리,영남HUB
3200000167,2026-05-21 17:58:00,간선상차,영남HUB
3200000167,2026-05-21 22:58:00,간선하차,영남HUB
3200000167,2026-05-22 03:58:00,배송출발,영남HUB
3200000167,2026-05-22 14:58:00,배송완료,영남HUB
2100000168,2026-05-27 04:40:00,집화처리,수도권HUB
2100000168,2026-05-27 17:40:00,간선상차,수도권HUB
2100000168,2026-05-28 10:40:00,간선하차,수도권HUB
2100000168,2026-05-28 19:40:00,배송출발,수도권HUB
2100000168,2026-05-29 13:40:00,배송완료,수도권HUB
1200000169,2026-07-10 19:24:00,집화처리,영남HUB
1200000169,2026-07-11 06:24:00,간선상차,영남HUB
1200000169,2026-07-11 15:24:00,간선하차,영남HUB
1200000169,2026-07-12 04:24:00,배송출발,영남HUB
1200000169,2026-07-12 23:24:00,배송완료,영남HUB
2100000170,2026-06-24 12:51:00,집화처리,영남HUB
2100000170,2026-06-25 01:51:00,간선상차,영남HUB
2100000170,2026-06-25 11:51:00,간선하차,영남HUB
2100000170,2026-06-25 18:51:00,배송출발,영남HUB
2100000170,2026-06-26 10:51:00,배송완료,영남HUB
2100000171,2026-07-21 18:14:00,집화처리,영남HUB
2100000171,2026-07-22 06:14:00,간선상차,영남HUB
2100000171,2026-07-22 11:14:00,간선하차,영남HUB
2100000171,2026-07-23 00:14:00,배송출발,영남HUB
2100000171,2026-07-23 19:14:00,배송완료,영남HUB
3100000172,2026-07-06 19:15:00,집화처리,제주HUB
3100000172,2026-07-07 05:15:00,간선상차,제주HUB
3100000172,2026-07-07 16:15:00,간선하차,제주HUB
3100000172,2026-07-08 00:15:00,배송출발,제주HUB
3100000172,2026-07-08 20:15:00,배송완료,제주HUB
2100000173,2026-08-01 04:26:00,집화처리,수도권HUB
2100000173,2026-08-01 22:26:00,간선상차,수도권HUB
2100000173,2026-08-02 05:26:00,간선하차,수도권HUB
2100000173,2026-08-02 11:26:00,배송출발,수도권HUB
2100000173,2026-08-02 18:26:00,배송완료,수도권HUB
1100000174,2026-05-13 02:30:00,집화처리,수도권HUB
1100000174,2026-05-13 13:30:00,간선상차,수도권HUB
1100000174,2026-05-14 08:30:00,간선하차,수도권HUB
1100000174,2026-05-14 19:30:00,배송출발,수도권HUB
1100000174,2026-05-15 15:30:00,배송완료,수도권HUB
4100000175,2026-06-29 15:05:00,집화처리,중부HUB
4100000175,2026-06-30 10:05:00,간선상차,중부HUB
4100000175,2026-06-30 15:05:00,간선하차,중부HUB
4100000175,2026-07-01 00:05:00,배송출발,중부HUB
4100000175,2026-07-01 18:05:00,배송완료,중부HUB
1200000176,2026-06-23 00:03:00,집화처리,수도권HUB
1200000176,2026-06-23 07:03:00,간선상차,수도권HUB
1200000176,2026-06-23 18:03:00,간선하차,수도권HUB
1200000176,2026-06-24 05:03:00,배송출발,수도권HUB
1200000176,2026-06-24 09:03:00,배송완료,수도권HUB
1100000177,2026-06-03 09:29:00,집화처리,영남HUB
1100000177,2026-06-03 12:29:00,간선상차,영남HUB
1100000177,2026-06-03 21:29:00,간선하차,영남HUB
1100000177,2026-06-04 03:29:00,배송출발,영남HUB
1100000177,2026-06-04 10:29:00,배송완료,영남HUB
4100000178,2026-05-09 12:03:00,집화처리,수도권HUB
4100000178,2026-05-10 07:03:00,간선상차,수도권HUB
4100000178,2026-05-10 23:03:00,간선하차,수도권HUB
4100000178,2026-05-11 03:03:00,배송출발,수도권HUB
4100000178,2026-05-11 17:03:00,배송완료,수도권HUB
3200000179,2026-05-21 17:01:00,집화처리,영남HUB
3200000179,2026-05-21 21:01:00,간선상차,영남HUB
3200000179,2026-05-22 01:01:00,간선하차,영남HUB
3200000179,2026-05-22 17:01:00,배송출발,영남HUB
3200000179,2026-05-22 23:01:00,배송완료,영남HUB
2100000180,2026-08-03 15:31:00,집화처리,영남HUB
2100000180,2026-08-04 11:31:00,간선상차,영남HUB
2100000180,2026-08-05 02:31:00,간선하차,영남HUB
2100000180,2026-08-05 13:31:00,배송출발,영남HUB
2100000180,2026-08-05 20:31:00,배송완료,영남HUB
2100000181,2026-07-04 06:00:00,집화처리,영남HUB
2100000181,2026-07-04 12:00:00,간선상차,영남HUB
2100000181,2026-07-04 16:00:00,간선하차,영남HUB
2100000181,2026-07-05 04:00:00,배송출발,영남HUB
2100000181,2026-07-05 07:00:00,배송완료,영남HUB
1100000182,2026-06-03 06:15:00,집화처리,수도권HUB
1100000182,2026-06-03 14:15:00,간선상차,수도권HUB
1100000182,2026-06-03 17:15:00,간선하차,수도권HUB
1100000182,2026-06-03 23:15:00,배송출발,수도권HUB
1100000182,2026-06-04 07:15:00,배송완료,수도권HUB
2100000183,2026-05-22 05:44:00,집화처리,영남HUB
2100000183,2026-05-22 08:44:00,간선상차,영남HUB
2100000183,2026-05-23 04:44:00,간선하차,영남HUB
2100000183,2026-05-23 07:44:00,배송출발,영남HUB
2100000183,2026-05-23 23:44:00,배송완료,영남HUB
1100000184,2026-07-29 04:48:00,집화처리,호남HUB
1100000184,2026-07-29 09:48:00,간선상차,호남HUB
1100000184,2026-07-30 02:48:00,간선하차,호남HUB
1100000184,2026-07-30 09:48:00,배송출발,호남HUB
1100000184,2026-07-30 22:48:00,배송완료,호남HUB
2100000185,2026-07-24 21:16:00,집화처리,중부HUB
2100000185,2026-07-25 08:16:00,간선상차,중부HUB
2100000185,2026-07-25 16:16:00,간선하차,중부HUB
2100000185,2026-07-26 01:16:00,배송출발,중부HUB
2100000185,2026-07-26 15:16:00,배송완료,중부HUB
1100000186,2026-05-12 04:23:00,집화처리,영남HUB
1100000186,2026-05-12 22:23:00,간선상차,영남HUB
1100000186,2026-05-13 16:23:00,간선하차,영남HUB
1100000186,2026-05-13 22:23:00,배송출발,영남HUB
1100000186,2026-05-14 12:23:00,배송완료,영남HUB
2100000187,2026-05-28 07:42:00,집화처리,수도권HUB
2100000187,2026-05-28 14:42:00,간선상차,수도권HUB
2100000187,2026-05-29 04:42:00,간선하차,수도권HUB
2100000187,2026-05-29 18:42:00,배송출발,수도권HUB
2100000187,2026-05-30 14:42:00,배송완료,수도권HUB
1100000188,2026-05-27 00:19:00,집화처리,영남HUB
1100000188,2026-05-27 17:19:00,간선상차,영남HUB
1100000188,2026-05-27 22:19:00,간선하차,영남HUB
1100000188,2026-05-28 05:19:00,배송출발,영남HUB
1100000188,2026-05-28 17:19:00,배송완료,영남HUB
2100000189,2026-06-11 06:22:00,집화처리,수도권HUB
2100000189,2026-06-11 10:22:00,간선상차,수도권HUB
2100000189,2026-06-11 22:22:00,간선하차,수도권HUB
2100000189,2026-06-12 02:22:00,배송출발,수도권HUB
2100000189,2026-06-12 08:22:00,배송완료,수도권HUB
1100000190,2026-07-25 05:06:00,집화처리,영남HUB
1100000190,2026-07-25 13:06:00,간선상차,영남HUB
1100000190,2026-07-25 22:06:00,간선하차,영남HUB
1100000190,2026-07-26 15:06:00,배송출발,영남HUB
1100000190,2026-07-27 04:06:00,배송완료,영남HUB
2100000191,2026-07-29 20:00:00,집화처리,영남HUB
2100000191,2026-07-30 01:00:00,간선상차,영남HUB
2100000191,2026-07-30 20:00:00,간선하차,영남HUB
2100000191,2026-07-31 09:00:00,배송출발,영남HUB
2100000191,2026-07-31 12:00:00,배송완료,영남HUB
3100000192,2026-07-07 09:05:00,집화처리,수도권HUB
3100000192,2026-07-08 00:05:00,간선상차,수도권HUB
3100000192,2026-07-08 11:05:00,간선하차,수도권HUB
3100000192,2026-07-08 15:05:00,배송출발,수도권HUB
3100000192,2026-07-09 04:05:00,배송완료,수도권HUB
1100000193,2026-06-23 07:54:00,집화처리,수도권HUB
1100000193,2026-06-23 19:54:00,간선상차,수도권HUB
1100000193,2026-06-23 22:54:00,간선하차,수도권HUB
1100000193,2026-06-24 06:54:00,배송출발,수도권HUB
1100000193,2026-06-25 02:54:00,배송완료,수도권HUB
1200000194,2026-05-07 18:44:00,집화처리,수도권HUB
1200000194,2026-05-08 00:44:00,간선상차,수도권HUB
1200000194,2026-05-08 11:44:00,간선하차,수도권HUB
1200000194,2026-05-08 21:44:00,배송출발,수도권HUB
1200000194,2026-05-09 03:44:00,배송완료,수도권HUB
3200000195,2026-07-20 17:51:00,집화처리,중부HUB
3200000195,2026-07-21 07:51:00,간선상차,중부HUB
3200000195,2026-07-21 13:51:00,간선하차,중부HUB
3200000195,2026-07-22 02:51:00,배송출발,중부HUB
3200000195,2026-07-22 10:51:00,배송완료,중부HUB
1100000196,2026-05-14 22:04:00,집화처리,영남HUB
1100000196,2026-05-15 10:04:00,간선상차,영남HUB
1100000196,2026-05-15 19:04:00,간선하차,영남HUB
1100000196,2026-05-16 15:04:00,배송출발,영남HUB
1100000196,2026-05-17 02:04:00,배송완료,영남HUB
4100000197,2026-05-04 16:06:00,집화처리,수도권HUB
4100000197,2026-05-04 20:06:00,간선상차,수도권HUB
4100000197,2026-05-05 15:06:00,간선하차,수도권HUB
4100000197,2026-05-06 11:06:00,배송출발,수도권HUB
4100000197,2026-05-06 22:06:00,배송완료,수도권HUB
4100000198,2026-05-07 03:00:00,집화처리,수도권HUB
4100000198,2026-05-07 13:00:00,간선상차,수도권HUB
4100000198,2026-05-07 20:00:00,간선하차,수도권HUB
4100000198,2026-05-08 15:00:00,배송출발,수도권HUB
4100000198,2026-05-09 09:00:00,배송완료,수도권HUB
1100000199,2026-05-04 21:37:00,집화처리,영남HUB
1100000199,2026-05-05 05:37:00,간선상차,영남HUB
1100000199,2026-05-05 10:37:00,간선하차,영남HUB
1100000199,2026-05-06 04:37:00,배송출발,영남HUB
1100000199,2026-05-06 23:37:00,배송완료,영남HUB
4100000200,2026-05-11 09:04:00,집화처리,중부HUB
4100000200,2026-05-11 22:04:00,간선상차,중부HUB
4100000200,2026-05-12 11:04:00,간선하차,중부HUB
4100000200,2026-05-12 19:04:00,배송출발,중부HUB
4100000200,2026-05-13 03:04:00,배송완료,중부HUB
3100000201,2026-07-06 21:46:00,집화처리,수도권HUB
3100000201,2026-07-07 15:46:00,간선상차,수도권HUB
3100000201,2026-07-08 02:46:00,간선하차,수도권HUB
3100000201,2026-07-08 21:46:00,배송출발,수도권HUB
3100000201,2026-07-09 14:46:00,배송완료,수도권HUB
1100000202,2026-05-12 08:41:00,집화처리,영남HUB
1100000202,2026-05-13 03:41:00,간선상차,영남HUB
1100000202,2026-05-13 18:41:00,간선하차,영남HUB
1100000202,2026-05-14 03:41:00,배송출발,영남HUB
1100000202,2026-05-14 17:41:00,배송완료,영남HUB
1100000203,2026-08-05 22:12:00,집화처리,중부HUB
1100000203,2026-08-06 15:12:00,간선상차,중부HUB
1100000203,2026-08-07 07:12:00,간선하차,중부HUB
1100000203,2026-08-07 23:12:00,배송출발,중부HUB
1200000204,2026-05-07 03:32:00,집화처리,수도권HUB
1200000204,2026-05-07 18:32:00,간선상차,수도권HUB
1200000204,2026-05-08 09:32:00,간선하차,수도권HUB
1200000204,2026-05-08 16:32:00,배송출발,수도권HUB
1200000204,2026-05-09 00:32:00,배송완료,수도권HUB
2100000205,2026-05-11 20:24:00,집화처리,수도권HUB
2100000205,2026-05-12 09:24:00,간선상차,수도권HUB
2100000205,2026-05-12 23:24:00,간선하차,수도권HUB
2100000205,2026-05-13 14:24:00,배송출발,수도권HUB
2100000205,2026-05-14 04:24:00,배송완료,수도권HUB
3100000206,2026-07-29 21:30:00,집화처리,수도권HUB
3100000206,2026-07-30 02:30:00,간선상차,수도권HUB
3100000206,2026-07-30 20:30:00,간선하차,수도권HUB
3100000206,2026-07-31 06:30:00,배송출발,수도권HUB
3100000206,2026-07-31 16:30:00,배송완료,수도권HUB
1200000207,2026-07-02 02:29:00,집화처리,영남HUB
1200000207,2026-07-02 08:29:00,간선상차,영남HUB
1200000207,2026-07-02 23:29:00,간선하차,영남HUB
1200000207,2026-07-03 16:29:00,배송출발,영남HUB
1200000207,2026-07-04 03:29:00,배송완료,영남HUB
1100000208,2026-08-03 17:37:00,집화처리,영남HUB
1100000208,2026-08-04 08:37:00,간선상차,영남HUB
1100000208,2026-08-05 04:37:00,간선하차,영남HUB
1100000208,2026-08-05 10:37:00,배송출발,영남HUB
1100000208,2026-08-06 05:37:00,배송완료,영남HUB
3200000209,2026-05-11 19:28:00,집화처리,영남HUB
3200000209,2026-05-12 00:28:00,간선상차,영남HUB
3200000209,2026-05-12 10:28:00,간선하차,영남HUB
3200000209,2026-05-13 01:28:00,배송출발,영남HUB
3200000209,2026-05-13 10:28:00,배송완료,영남HUB
1100000210,2026-06-30 04:16:00,집화처리,수도권HUB
1100000210,2026-06-30 19:16:00,간선상차,수도권HUB
1100000210,2026-07-01 03:16:00,간선하차,수도권HUB
1100000210,2026-07-01 11:16:00,배송출발,수도권HUB
1100000210,2026-07-01 19:16:00,배송완료,수도권HUB
1200000211,2026-07-15 07:44:00,집화처리,영남HUB
1200000211,2026-07-15 11:44:00,간선상차,영남HUB
1200000211,2026-07-16 07:44:00,간선하차,영남HUB
1200000211,2026-07-16 13:44:00,배송출발,영남HUB
1200000211,2026-07-17 04:44:00,배송완료,영남HUB
3100000212,2026-05-04 21:03:00,집화처리,중부HUB
3100000212,2026-05-05 12:03:00,간선상차,중부HUB
3100000212,2026-05-06 06:03:00,간선하차,중부HUB
3100000212,2026-05-07 00:03:00,배송출발,중부HUB
3100000212,2026-05-07 12:03:00,배송완료,중부HUB
4100000213,2026-05-15 23:36:00,집화처리,영남HUB
4100000213,2026-05-16 18:36:00,간선상차,영남HUB
4100000213,2026-05-17 05:36:00,간선하차,영남HUB
4100000213,2026-05-17 19:36:00,배송출발,영남HUB
4100000213,2026-05-18 10:36:00,배송완료,영남HUB
1100000214,2026-06-02 06:04:00,집화처리,영남HUB
1100000214,2026-06-02 21:04:00,간선상차,영남HUB
1100000214,2026-06-03 15:04:00,간선하차,영남HUB
1100000214,2026-06-03 21:04:00,배송출발,영남HUB
1100000214,2026-06-04 07:04:00,배송완료,영남HUB
1100000215,2026-06-02 04:08:00,집화처리,영남HUB
1100000215,2026-06-02 13:08:00,간선상차,영남HUB
1100000215,2026-06-03 00:08:00,간선하차,영남HUB
1100000215,2026-06-03 08:08:00,배송출발,영남HUB
1100000215,2026-06-03 11:08:00,배송완료,영남HUB
1100000216,2026-07-02 22:25:00,집화처리,중부HUB
1100000216,2026-07-03 01:25:00,간선상차,중부HUB
1100000216,2026-07-03 06:25:00,간선하차,중부HUB
1100000216,2026-07-03 13:25:00,배송출발,중부HUB
1100000216,2026-07-04 08:25:00,배송완료,중부HUB
3200000217,2026-06-29 10:43:00,집화처리,수도권HUB
3200000217,2026-06-29 13:43:00,간선상차,수도권HUB
3200000217,2026-06-30 04:43:00,간선하차,수도권HUB
3200000217,2026-06-30 21:43:00,배송출발,수도권HUB
3200000217,2026-07-01 04:43:00,배송완료,수도권HUB
1100000218,2026-05-09 05:01:00,집화처리,영남HUB
1100000218,2026-05-09 18:01:00,간선상차,영남HUB
1100000218,2026-05-10 09:01:00,간선하차,영남HUB
1100000218,2026-05-10 20:01:00,배송출발,영남HUB
1100000218,2026-05-11 09:01:00,배송완료,영남HUB
4100000219,2026-07-04 06:22:00,집화처리,수도권HUB
4100000219,2026-07-04 11:22:00,간선상차,수도권HUB
4100000219,2026-07-04 20:22:00,간선하차,수도권HUB
4100000219,2026-07-05 03:22:00,배송출발,수도권HUB
4100000219,2026-07-05 21:22:00,배송완료,수도권HUB
3100000220,2026-05-19 00:06:00,집화처리,영남HUB
3100000220,2026-05-19 08:06:00,간선상차,영남HUB
3100000220,2026-05-20 03:06:00,간선하차,영남HUB
3100000220,2026-05-20 06:06:00,배송출발,영남HUB
3100000220,2026-05-20 09:06:00,배송완료,영남HUB
3200000221,2026-06-16 08:25:00,집화처리,중부HUB
3200000221,2026-06-16 19:25:00,간선상차,중부HUB
3200000221,2026-06-17 05:25:00,간선하차,중부HUB
3200000221,2026-06-17 16:25:00,배송출발,중부HUB
3200000221,2026-06-18 06:25:00,배송완료,중부HUB
3100000222,2026-07-07 15:52:00,집화처리,영남HUB
3100000222,2026-07-08 10:52:00,간선상차,영남HUB
3100000222,2026-07-08 17:52:00,간선하차,영남HUB
3100000222,2026-07-09 01:52:00,배송출발,영남HUB
3100000222,2026-07-09 04:52:00,배송완료,영남HUB
1100000223,2026-06-09 06:09:00,집화처리,수도권HUB
1100000223,2026-06-10 01:09:00,간선상차,수도권HUB
1100000223,2026-06-10 05:09:00,간선하차,수도권HUB
1100000223,2026-06-10 14:09:00,배송출발,수도권HUB
1100000223,2026-06-11 03:09:00,배송완료,수도권HUB
2100000224,2026-07-09 02:29:00,집화처리,수도권HUB
2100000224,2026-07-09 16:29:00,간선상차,수도권HUB
2100000224,2026-07-10 02:29:00,간선하차,수도권HUB
2100000224,2026-07-10 07:29:00,배송출발,수도권HUB
2100000224,2026-07-11 00:29:00,배송완료,수도권HUB
1100000225,2026-07-06 02:28:00,집화처리,수도권HUB
1100000225,2026-07-06 13:28:00,간선상차,수도권HUB
1100000225,2026-07-07 06:28:00,간선하차,수도권HUB
1100000225,2026-07-07 22:28:00,배송출발,수도권HUB
1100000225,2026-07-08 07:28:00,배송완료,수도권HUB
1100000226,2026-06-29 21:01:00,집화처리,영남HUB
1100000226,2026-06-30 11:01:00,간선상차,영남HUB
1100000226,2026-06-30 22:01:00,간선하차,영남HUB
1100000226,2026-07-01 17:01:00,배송출발,영남HUB
1100000226,2026-07-02 01:01:00,배송완료,영남HUB
3200000227,2026-05-23 00:32:00,집화처리,영남HUB
3200000227,2026-05-23 17:32:00,간선상차,영남HUB
3200000227,2026-05-23 23:32:00,간선하차,영남HUB
3200000227,2026-05-24 16:32:00,배송출발,영남HUB
3200000227,2026-05-24 21:32:00,배송완료,영남HUB
2100000228,2026-07-16 00:54:00,집화처리,수도권HUB
2100000228,2026-07-16 06:54:00,간선상차,수도권HUB
2100000228,2026-07-16 11:54:00,간선하차,수도권HUB
2100000228,2026-07-16 23:54:00,배송출발,수도권HUB
2100000228,2026-07-17 02:54:00,배송완료,수도권HUB
3100000229,2026-05-12 20:02:00,집화처리,영남HUB
3100000229,2026-05-13 15:02:00,간선상차,영남HUB
3100000229,2026-05-14 03:02:00,간선하차,영남HUB
3100000229,2026-05-14 10:02:00,배송출발,영남HUB
3100000229,2026-05-15 03:02:00,배송완료,영남HUB
1100000230,2026-07-04 06:57:00,집화처리,수도권HUB
1100000230,2026-07-04 13:57:00,간선상차,수도권HUB
1100000230,2026-07-04 21:57:00,간선하차,수도권HUB
1100000230,2026-07-05 05:57:00,배송출발,수도권HUB
1100000230,2026-07-05 13:57:00,배송완료,수도권HUB
2100000231,2026-05-05 12:52:00,집화처리,중부HUB
2100000231,2026-05-05 16:52:00,간선상차,중부HUB
2100000231,2026-05-06 05:52:00,간선하차,중부HUB
2100000231,2026-05-06 16:52:00,배송출발,중부HUB
2100000231,2026-05-07 06:52:00,배송완료,중부HUB
1100000232,2026-07-22 19:17:00,집화처리,영남HUB
1100000232,2026-07-23 03:17:00,간선상차,영남HUB
1100000232,2026-07-23 12:17:00,간선하차,영남HUB
1100000232,2026-07-24 07:17:00,배송출발,영남HUB
1100000232,2026-07-24 18:17:00,배송완료,영남HUB
1200000233,2026-07-23 04:43:00,집화처리,중부HUB
1200000233,2026-07-23 07:43:00,간선상차,중부HUB
1200000233,2026-07-24 01:43:00,간선하차,중부HUB
1200000233,2026-07-24 14:43:00,배송출발,중부HUB
1200000233,2026-07-25 05:43:00,배송완료,중부HUB
1200000234,2026-05-30 03:58:00,집화처리,중부HUB
1200000234,2026-05-30 14:58:00,간선상차,중부HUB
1200000234,2026-05-31 02:58:00,간선하차,중부HUB
1200000234,2026-05-31 19:58:00,배송출발,중부HUB
1200000234,2026-05-31 22:58:00,배송완료,중부HUB
2100000235,2026-08-06 09:50:00,집화처리,수도권HUB
2100000235,2026-08-06 13:50:00,간선상차,수도권HUB
1100000236,2026-05-30 04:48:00,집화처리,수도권HUB
1100000236,2026-05-30 23:48:00,간선상차,수도권HUB
1100000236,2026-05-31 12:48:00,간선하차,수도권HUB
1100000236,2026-05-31 17:48:00,배송출발,수도권HUB
1100000236,2026-05-31 22:48:00,배송완료,수도권HUB
3200000237,2026-08-03 18:40:00,집화처리,영남HUB
3200000237,2026-08-04 04:40:00,간선상차,영남HUB
3200000237,2026-08-04 20:40:00,간선하차,영남HUB
3200000237,2026-08-05 07:40:00,배송출발,영남HUB
3200000237,2026-08-06 03:40:00,배송완료,영남HUB
1100000238,2026-08-04 18:41:00,집화처리,영남HUB
1100000238,2026-08-05 01:41:00,간선상차,영남HUB
1100000238,2026-08-05 12:41:00,간선하차,영남HUB
1100000239,2026-07-20 04:15:00,집화처리,중부HUB
1100000239,2026-07-20 17:15:00,간선상차,중부HUB
1100000239,2026-07-21 01:15:00,간선하차,중부HUB
1100000239,2026-07-21 18:15:00,배송출발,중부HUB
1100000239,2026-07-22 04:15:00,배송완료,중부HUB
4100000240,2026-08-05 08:29:00,집화처리,수도권HUB
4100000240,2026-08-06 01:29:00,간선상차,수도권HUB
4100000240,2026-08-06 06:29:00,간선하차,수도권HUB
3200000241,2026-08-05 09:55:00,집화처리,영남HUB
3200000241,2026-08-05 16:55:00,간선상차,영남HUB
3200000241,2026-08-06 02:55:00,간선하차,영남HUB
3200000241,2026-08-06 15:55:00,배송출발,영남HUB
3200000241,2026-08-07 00:55:00,배송완료,영남HUB
1100000242,2026-05-03 00:42:00,집화처리,수도권HUB
1100000242,2026-05-03 16:42:00,간선상차,수도권HUB
1100000242,2026-05-04 00:42:00,간선하차,수도권HUB
1100000242,2026-05-04 08:42:00,배송출발,수도권HUB
1100000242,2026-05-05 04:42:00,배송완료,수도권HUB
1100000243,2026-05-14 19:25:00,집화처리,호남HUB
1100000243,2026-05-15 05:25:00,간선상차,호남HUB
1100000243,2026-05-15 15:25:00,간선하차,호남HUB
1100000243,2026-05-16 08:25:00,배송출발,호남HUB
1100000243,2026-05-16 19:25:00,배송완료,호남HUB
2100000244,2026-06-30 04:26:00,집화처리,영남HUB
2100000244,2026-07-01 00:26:00,간선상차,영남HUB
2100000244,2026-07-01 05:26:00,간선하차,영남HUB
2100000244,2026-07-01 17:26:00,배송출발,영남HUB
2100000244,2026-07-02 09:26:00,배송완료,영남HUB
3200000245,2026-05-26 01:53:00,집화처리,중부HUB
3200000245,2026-05-26 21:53:00,간선상차,중부HUB
3200000245,2026-05-27 16:53:00,간선하차,중부HUB
3200000245,2026-05-28 05:53:00,배송출발,중부HUB
3200000245,2026-05-28 13:53:00,배송완료,중부HUB
2100000246,2026-05-05 00:09:00,집화처리,영남HUB
2100000246,2026-05-05 10:09:00,간선상차,영남HUB
2100000246,2026-05-05 20:09:00,간선하차,영남HUB
2100000246,2026-05-06 09:09:00,배송출발,영남HUB
2100000246,2026-05-07 03:09:00,배송완료,영남HUB
4100000247,2026-07-28 08:22:00,집화처리,수도권HUB
4100000247,2026-07-28 17:22:00,간선상차,수도권HUB
4100000247,2026-07-29 04:22:00,간선하차,수도권HUB
4100000247,2026-07-29 09:22:00,배송출발,수도권HUB
4100000247,2026-07-30 00:22:00,배송완료,수도권HUB
1100000248,2026-07-14 02:25:00,집화처리,영남HUB
1100000248,2026-07-14 05:25:00,간선상차,영남HUB
1100000248,2026-07-14 16:25:00,간선하차,영남HUB
1100000248,2026-07-15 04:25:00,배송출발,영남HUB
1100000248,2026-07-15 07:25:00,배송완료,영남HUB
2100000249,2026-07-16 16:52:00,집화처리,호남HUB
2100000249,2026-07-16 20:52:00,간선상차,호남HUB
2100000249,2026-07-17 04:52:00,간선하차,호남HUB
2100000249,2026-07-17 10:52:00,배송출발,호남HUB
2100000249,2026-07-17 23:52:00,배송완료,호남HUB
4100000250,2026-05-04 18:42:00,집화처리,영남HUB
4100000250,2026-05-05 06:42:00,간선상차,영남HUB
4100000250,2026-05-05 12:42:00,간선하차,영남HUB
4100000250,2026-05-05 15:42:00,배송출발,영남HUB
4100000250,2026-05-05 18:42:00,배송완료,영남HUB
2100000251,2026-07-03 01:48:00,집화처리,중부HUB
2100000251,2026-07-03 07:48:00,간선상차,중부HUB
2100000251,2026-07-03 20:48:00,간선하차,중부HUB
2100000251,2026-07-04 15:48:00,배송출발,중부HUB
2100000251,2026-07-05 08:48:00,배송완료,중부HUB
4100000252,2026-07-28 02:57:00,집화처리,수도권HUB
4100000252,2026-07-28 18:57:00,간선상차,수도권HUB
4100000252,2026-07-29 10:57:00,간선하차,수도권HUB
4100000252,2026-07-29 22:57:00,배송출발,수도권HUB
4100000252,2026-07-30 14:57:00,배송완료,수도권HUB
1100000253,2026-06-24 02:51:00,집화처리,영남HUB
1100000253,2026-06-24 06:51:00,간선상차,영남HUB
1100000253,2026-06-24 14:51:00,간선하차,영남HUB
1100000253,2026-06-25 05:51:00,배송출발,영남HUB
1100000253,2026-06-25 21:51:00,배송완료,영남HUB
1100000254,2026-06-02 01:04:00,집화처리,중부HUB
1100000254,2026-06-02 11:04:00,간선상차,중부HUB
1100000254,2026-06-02 16:04:00,간선하차,중부HUB
1100000254,2026-06-03 07:04:00,배송출발,중부HUB
1100000254,2026-06-03 19:04:00,배송완료,중부HUB
1100000255,2026-08-04 20:04:00,집화처리,중부HUB
1100000255,2026-08-05 10:04:00,간선상차,중부HUB
1100000255,2026-08-05 23:04:00,간선하차,중부HUB
1100000255,2026-08-06 09:04:00,배송출발,중부HUB
1100000255,2026-08-06 20:04:00,배송완료,중부HUB
1100000256,2026-06-19 08:46:00,집화처리,영남HUB
1100000256,2026-06-19 20:46:00,간선상차,영남HUB
1100000256,2026-06-20 09:46:00,간선하차,영남HUB
1100000256,2026-06-21 05:46:00,배송출발,영남HUB
1100000256,2026-06-21 20:46:00,배송완료,영남HUB
1200000257,2026-07-27 23:45:00,집화처리,수도권HUB
1200000257,2026-07-28 10:45:00,간선상차,수도권HUB
1200000257,2026-07-28 21:45:00,간선하차,수도권HUB
1200000257,2026-07-29 17:45:00,배송출발,수도권HUB
1200000257,2026-07-29 21:45:00,배송완료,수도권HUB
2100000258,2026-06-05 21:33:00,집화처리,호남HUB
2100000258,2026-06-06 15:33:00,간선상차,호남HUB
2100000258,2026-06-07 02:33:00,간선하차,호남HUB
2100000258,2026-06-07 08:33:00,배송출발,호남HUB
2100000258,2026-06-07 21:33:00,배송완료,호남HUB
2100000259,2026-07-17 19:58:00,집화처리,중부HUB
2100000259,2026-07-18 12:58:00,간선상차,중부HUB
2100000259,2026-07-19 07:58:00,간선하차,중부HUB
2100000259,2026-07-20 02:58:00,배송출발,중부HUB
2100000259,2026-07-20 14:58:00,배송완료,중부HUB
2100000260,2026-05-21 18:27:00,집화처리,중부HUB
2100000260,2026-05-22 05:27:00,간선상차,중부HUB
2100000260,2026-05-22 20:27:00,간선하차,중부HUB
2100000260,2026-05-23 15:27:00,배송출발,중부HUB
2100000260,2026-05-24 09:27:00,배송완료,중부HUB
1200000261,2026-06-27 03:29:00,집화처리,호남HUB
1200000261,2026-06-27 22:29:00,간선상차,호남HUB
1200000261,2026-06-28 11:29:00,간선하차,호남HUB
1200000261,2026-06-28 22:29:00,배송출발,호남HUB
1200000261,2026-06-29 17:29:00,배송완료,호남HUB
2100000262,2026-06-09 22:59:00,집화처리,영남HUB
2100000262,2026-06-10 01:59:00,간선상차,영남HUB
2100000262,2026-06-10 04:59:00,간선하차,영남HUB
2100000262,2026-06-10 13:59:00,배송출발,영남HUB
2100000262,2026-06-11 03:59:00,배송완료,영남HUB
1100000263,2026-06-01 21:47:00,집화처리,중부HUB
1100000263,2026-06-02 06:47:00,간선상차,중부HUB
1100000263,2026-06-03 01:47:00,간선하차,중부HUB
1100000263,2026-06-03 09:47:00,배송출발,중부HUB
1100000263,2026-06-03 14:47:00,배송완료,중부HUB
2100000264,2026-05-26 03:26:00,집화처리,수도권HUB
2100000264,2026-05-26 14:26:00,간선상차,수도권HUB
2100000264,2026-05-27 02:26:00,간선하차,수도권HUB
2100000264,2026-05-27 09:26:00,배송출발,수도권HUB
2100000264,2026-05-28 04:26:00,배송완료,수도권HUB
1100000265,2026-06-19 04:05:00,집화처리,수도권HUB
1100000265,2026-06-19 18:05:00,간선상차,수도권HUB
1100000265,2026-06-20 01:05:00,간선하차,수도권HUB
1100000265,2026-06-20 07:05:00,배송출발,수도권HUB
1100000265,2026-06-21 01:05:00,배송완료,수도권HUB
2100000266,2026-06-23 10:45:00,집화처리,수도권HUB
2100000266,2026-06-23 21:45:00,간선상차,수도권HUB
2100000266,2026-06-24 00:45:00,간선하차,수도권HUB
2100000266,2026-06-24 04:45:00,배송출발,수도권HUB
2100000266,2026-06-24 13:45:00,배송완료,수도권HUB
4100000267,2026-05-26 13:31:00,집화처리,중부HUB
4100000267,2026-05-27 06:31:00,간선상차,중부HUB
4100000267,2026-05-27 18:31:00,간선하차,중부HUB
4100000267,2026-05-27 23:31:00,배송출발,중부HUB
4100000267,2026-05-28 10:31:00,배송완료,중부HUB
1100000268,2026-06-30 10:44:00,집화처리,수도권HUB
1100000268,2026-06-30 15:44:00,간선상차,수도권HUB
1100000268,2026-07-01 00:44:00,간선하차,수도권HUB
1100000268,2026-07-01 18:44:00,배송출발,수도권HUB
1100000268,2026-07-02 05:44:00,배송완료,수도권HUB
1100000269,2026-08-04 10:07:00,집화처리,영남HUB
1100000269,2026-08-05 01:07:00,간선상차,영남HUB
1100000269,2026-08-05 04:07:00,간선하차,영남HUB
1100000269,2026-08-06 00:07:00,배송출발,영남HUB
1100000269,2026-08-06 18:07:00,배송완료,영남HUB
2100000270,2026-06-18 21:20:00,집화처리,호남HUB
2100000270,2026-06-19 08:20:00,간선상차,호남HUB
2100000270,2026-06-19 17:20:00,간선하차,호남HUB
2100000270,2026-06-20 05:20:00,배송출발,호남HUB
2100000270,2026-06-20 16:20:00,배송완료,호남HUB
1100000271,2026-05-18 22:33:00,집화처리,호남HUB
1100000271,2026-05-19 09:33:00,간선상차,호남HUB
1100000271,2026-05-20 03:33:00,간선하차,호남HUB
1100000271,2026-05-20 11:33:00,배송출발,호남HUB
1100000271,2026-05-21 03:33:00,배송완료,호남HUB
1100000272,2026-06-12 21:14:00,집화처리,영남HUB
1100000272,2026-06-13 03:14:00,간선상차,영남HUB
1100000272,2026-06-13 14:14:00,간선하차,영남HUB
1100000272,2026-06-14 06:14:00,배송출발,영남HUB
1100000272,2026-06-14 23:14:00,배송완료,영남HUB
1100000273,2026-06-09 02:52:00,집화처리,수도권HUB
1100000273,2026-06-09 19:52:00,간선상차,수도권HUB
1100000273,2026-06-10 12:52:00,간선하차,수도권HUB
1100000273,2026-06-11 06:52:00,배송출발,수도권HUB
1100000273,2026-06-11 13:52:00,배송완료,수도권HUB
4100000274,2026-07-17 05:52:00,집화처리,중부HUB
4100000274,2026-07-17 14:52:00,간선상차,중부HUB
4100000274,2026-07-17 17:52:00,간선하차,중부HUB
4100000274,2026-07-18 02:52:00,배송출발,중부HUB
4100000274,2026-07-18 21:52:00,배송완료,중부HUB
3200000275,2026-06-27 08:44:00,집화처리,중부HUB
3200000275,2026-06-28 03:44:00,간선상차,중부HUB
3200000275,2026-06-28 11:44:00,간선하차,중부HUB
3200000275,2026-06-28 19:44:00,배송출발,중부HUB
3200000275,2026-06-29 03:44:00,배송완료,중부HUB
2100000276,2026-06-07 12:48:00,집화처리,중부HUB
2100000276,2026-06-08 01:48:00,간선상차,중부HUB
2100000276,2026-06-08 19:48:00,간선하차,중부HUB
2100000276,2026-06-08 22:48:00,배송출발,중부HUB
2100000276,2026-06-09 05:48:00,배송완료,중부HUB
1200000277,2026-05-19 01:25:00,집화처리,영남HUB
1200000277,2026-05-19 15:25:00,간선상차,영남HUB
1200000277,2026-05-20 09:25:00,간선하차,영남HUB
1200000277,2026-05-21 00:25:00,배송출발,영남HUB
1200000277,2026-05-21 17:25:00,배송완료,영남HUB
4100000278,2026-06-16 02:53:00,집화처리,호남HUB
4100000278,2026-06-16 12:53:00,간선상차,호남HUB
4100000278,2026-06-17 03:53:00,간선하차,호남HUB
4100000278,2026-06-17 19:53:00,배송출발,호남HUB
4100000278,2026-06-17 23:53:00,배송완료,호남HUB
2100000279,2026-06-22 22:26:00,집화처리,수도권HUB
2100000279,2026-06-23 08:26:00,간선상차,수도권HUB
2100000279,2026-06-24 02:26:00,간선하차,수도권HUB
2100000279,2026-06-24 14:26:00,배송출발,수도권HUB
2100000279,2026-06-24 19:26:00,배송완료,수도권HUB
1100000280,2026-07-22 22:19:00,집화처리,수도권HUB
1100000280,2026-07-23 18:19:00,간선상차,수도권HUB
1100000280,2026-07-24 03:19:00,간선하차,수도권HUB
1100000280,2026-07-24 18:19:00,배송출발,수도권HUB
1100000280,2026-07-25 07:19:00,배송완료,수도권HUB
3100000281,2026-05-20 19:20:00,집화처리,영남HUB
3100000281,2026-05-21 05:20:00,간선상차,영남HUB
3100000281,2026-05-22 01:20:00,간선하차,영남HUB
3100000281,2026-05-22 07:20:00,배송출발,영남HUB
3100000281,2026-05-22 16:20:00,배송완료,영남HUB
1200000282,2026-05-04 23:12:00,집화처리,중부HUB
1200000282,2026-05-05 06:12:00,간선상차,중부HUB
1200000282,2026-05-05 21:12:00,간선하차,중부HUB
1200000282,2026-05-06 10:12:00,배송출발,중부HUB
1200000282,2026-05-07 04:12:00,배송완료,중부HUB
3100000283,2026-07-21 04:58:00,집화처리,수도권HUB
3100000283,2026-07-21 09:58:00,간선상차,수도권HUB
3100000283,2026-07-21 19:58:00,간선하차,수도권HUB
3100000283,2026-07-22 08:58:00,배송출발,수도권HUB
3100000283,2026-07-22 20:58:00,배송완료,수도권HUB
1200000284,2026-06-06 18:57:00,집화처리,영남HUB
1200000284,2026-06-07 02:57:00,간선상차,영남HUB
1200000284,2026-06-07 06:57:00,간선하차,영남HUB
1200000284,2026-06-07 11:57:00,배송출발,영남HUB
1200000284,2026-06-07 16:57:00,배송완료,영남HUB
1200000285,2026-07-08 09:53:00,집화처리,수도권HUB
1200000285,2026-07-08 12:53:00,간선상차,수도권HUB
1200000285,2026-07-09 08:53:00,간선하차,수도권HUB
1200000285,2026-07-09 20:53:00,배송출발,수도권HUB
1200000285,2026-07-10 02:53:00,배송완료,수도권HUB
1100000286,2026-06-02 01:16:00,집화처리,중부HUB
1100000286,2026-06-02 12:16:00,간선상차,중부HUB
1100000286,2026-06-02 15:16:00,간선하차,중부HUB
1100000286,2026-06-03 02:16:00,배송출발,중부HUB
1100000286,2026-06-03 05:16:00,배송완료,중부HUB
2100000287,2026-06-16 09:05:00,집화처리,중부HUB
2100000287,2026-06-17 04:05:00,간선상차,중부HUB
2100000287,2026-06-17 14:05:00,간선하차,중부HUB
2100000287,2026-06-18 04:05:00,배송출발,중부HUB
2100000287,2026-06-18 12:05:00,배송완료,중부HUB
2100000288,2026-06-22 00:20:00,집화처리,수도권HUB
2100000288,2026-06-22 14:20:00,간선상차,수도권HUB
2100000288,2026-06-23 10:20:00,간선하차,수도권HUB
2100000288,2026-06-23 14:20:00,배송출발,수도권HUB
2100000288,2026-06-23 20:20:00,배송완료,수도권HUB
1200000289,2026-05-09 09:35:00,집화처리,수도권HUB
1200000289,2026-05-09 16:35:00,간선상차,수도권HUB
1200000289,2026-05-09 21:35:00,간선하차,수도권HUB
1200000289,2026-05-10 05:35:00,배송출발,수도권HUB
1200000289,2026-05-10 17:35:00,배송완료,수도권HUB
3200000290,2026-06-03 07:42:00,집화처리,호남HUB
3200000290,2026-06-03 10:42:00,간선상차,호남HUB
3200000290,2026-06-03 18:42:00,간선하차,호남HUB
3200000290,2026-06-03 23:42:00,배송출발,호남HUB
3200000290,2026-06-04 02:42:00,배송완료,호남HUB
4100000291,2026-05-13 16:23:00,집화처리,영남HUB
4100000291,2026-05-14 11:23:00,간선상차,영남HUB
4100000291,2026-05-15 01:23:00,간선하차,영남HUB
4100000291,2026-05-15 20:23:00,배송출발,영남HUB
4100000291,2026-05-15 23:23:00,배송완료,영남HUB
1100000292,2026-08-04 02:03:00,집화처리,수도권HUB
1100000292,2026-08-04 17:03:00,간선상차,수도권HUB
1100000292,2026-08-05 12:03:00,간선하차,수도권HUB
1100000292,2026-08-05 20:03:00,배송출발,수도권HUB
1100000292,2026-08-06 09:03:00,배송완료,수도권HUB
2100000293,2026-05-27 07:57:00,집화처리,영남HUB
2100000293,2026-05-27 13:57:00,간선상차,영남HUB
2100000293,2026-05-28 06:57:00,간선하차,영남HUB
2100000293,2026-05-28 10:57:00,배송출발,영남HUB
2100000293,2026-05-28 23:57:00,배송완료,영남HUB
1200000294,2026-05-18 18:14:00,집화처리,수도권HUB
1200000294,2026-05-19 04:14:00,간선상차,수도권HUB
1200000294,2026-05-19 18:14:00,간선하차,수도권HUB
1200000294,2026-05-20 13:14:00,배송출발,수도권HUB
1200000294,2026-05-20 17:14:00,배송완료,수도권HUB
1100000295,2026-07-27 16:48:00,집화처리,중부HUB
1100000295,2026-07-28 06:48:00,간선상차,중부HUB
1100000295,2026-07-28 14:48:00,간선하차,중부HUB
1100000295,2026-07-28 17:48:00,배송출발,중부HUB
1100000295,2026-07-28 20:48:00,배송완료,중부HUB
1100000296,2026-07-03 23:11:00,집화처리,중부HUB
1100000296,2026-07-04 05:11:00,간선상차,중부HUB
1100000296,2026-07-04 08:11:00,간선하차,중부HUB
1100000296,2026-07-04 16:11:00,배송출발,중부HUB
1100000296,2026-07-04 21:11:00,배송완료,중부HUB
3100000297,2026-07-31 03:40:00,집화처리,중부HUB
3100000297,2026-07-31 21:40:00,간선상차,중부HUB
3100000297,2026-08-01 16:40:00,간선하차,중부HUB
3100000297,2026-08-01 23:40:00,배송출발,중부HUB
3100000297,2026-08-02 14:40:00,배송완료,중부HUB
1100000298,2026-06-20 12:05:00,집화처리,영남HUB
1100000298,2026-06-21 02:05:00,간선상차,영남HUB
1100000298,2026-06-21 16:05:00,간선하차,영남HUB
1100000298,2026-06-21 19:05:00,배송출발,영남HUB
1100000298,2026-06-22 12:05:00,배송완료,영남HUB
1200000299,2026-06-21 20:42:00,집화처리,수도권HUB
1200000299,2026-06-22 00:42:00,간선상차,수도권HUB
1200000299,2026-06-22 11:42:00,간선하차,수도권HUB
1200000299,2026-06-22 16:42:00,배송출발,수도권HUB
1200000299,2026-06-23 08:42:00,배송완료,수도권HUB
3200000300,2026-07-14 02:03:00,집화처리,호남HUB
3200000300,2026-07-14 08:03:00,간선상차,호남HUB
3200000300,2026-07-14 18:03:00,간선하차,호남HUB
3200000300,2026-07-15 06:03:00,배송출발,호남HUB
3200000300,2026-07-15 12:03:00,배송완료,호남HUB
1100000301,2026-07-05 14:45:00,집화처리,수도권HUB
1100000301,2026-07-05 20:45:00,간선상차,수도권HUB
1100000301,2026-07-06 05:45:00,간선하차,수도권HUB
1100000301,2026-07-06 14:45:00,배송출발,수도권HUB
1100000301,2026-07-06 20:45:00,배송완료,수도권HUB
1100000302,2026-05-25 13:50:00,집화처리,영남HUB
1100000302,2026-05-26 06:50:00,간선상차,영남HUB
1100000302,2026-05-26 16:50:00,간선하차,영남HUB
1100000302,2026-05-27 11:50:00,배송출발,영남HUB
1100000302,2026-05-27 16:50:00,배송완료,영남HUB
1200000303,2026-07-31 08:12:00,집화처리,영남HUB
1200000303,2026-07-31 15:12:00,간선상차,영남HUB
1200000303,2026-08-01 08:12:00,간선하차,영남HUB
1200000303,2026-08-01 22:12:00,배송출발,영남HUB
1200000303,2026-08-02 13:12:00,배송완료,영남HUB
1200000304,2026-05-08 19:41:00,집화처리,수도권HUB
1200000304,2026-05-08 22:41:00,간선상차,수도권HUB
1200000304,2026-05-09 08:41:00,간선하차,수도권HUB
1200000304,2026-05-10 02:41:00,배송출발,수도권HUB
1200000304,2026-05-10 09:41:00,배송완료,수도권HUB
2100000305,2026-07-06 13:28:00,집화처리,중부HUB
2100000305,2026-07-06 16:28:00,간선상차,중부HUB
2100000305,2026-07-06 22:28:00,간선하차,중부HUB
2100000305,2026-07-07 17:28:00,배송출발,중부HUB
2100000305,2026-07-08 13:28:00,배송완료,중부HUB
1100000306,2026-06-30 01:56:00,집화처리,수도권HUB
1100000306,2026-06-30 14:56:00,간선상차,수도권HUB
1100000306,2026-07-01 06:56:00,간선하차,수도권HUB
1100000306,2026-07-01 21:56:00,배송출발,수도권HUB
1100000306,2026-07-02 11:56:00,배송완료,수도권HUB
2100000307,2026-07-04 06:05:00,집화처리,수도권HUB
2100000307,2026-07-04 22:05:00,간선상차,수도권HUB
2100000307,2026-07-05 15:05:00,간선하차,수도권HUB
2100000307,2026-07-06 05:05:00,배송출발,수도권HUB
2100000307,2026-07-06 12:05:00,배송완료,수도권HUB
3100000308,2026-06-03 02:07:00,집화처리,중부HUB
3100000308,2026-06-03 06:07:00,간선상차,중부HUB
3100000308,2026-06-04 01:07:00,간선하차,중부HUB
3100000308,2026-06-04 06:07:00,배송출발,중부HUB
3100000308,2026-06-04 13:07:00,배송완료,중부HUB
2100000309,2026-06-09 00:42:00,집화처리,영남HUB
2100000309,2026-06-09 19:42:00,간선상차,영남HUB
2100000309,2026-06-09 23:42:00,간선하차,영남HUB
2100000309,2026-06-10 07:42:00,배송출발,영남HUB
2100000309,2026-06-10 12:42:00,배송완료,영남HUB
1100000310,2026-06-26 05:20:00,집화처리,영남HUB
1100000310,2026-06-26 10:20:00,간선상차,영남HUB
1100000310,2026-06-26 20:20:00,간선하차,영남HUB
1100000310,2026-06-27 10:20:00,배송출발,영남HUB
1100000310,2026-06-27 16:20:00,배송완료,영남HUB
4100000311,2026-05-07 08:15:00,집화처리,영남HUB
4100000311,2026-05-07 14:15:00,간선상차,영남HUB
4100000311,2026-05-08 02:15:00,간선하차,영남HUB
4100000311,2026-05-08 17:15:00,배송출발,영남HUB
4100000311,2026-05-09 01:15:00,배송완료,영남HUB
1100000312,2026-05-16 00:27:00,집화처리,제주HUB
1100000312,2026-05-16 14:27:00,간선상차,제주HUB
1100000312,2026-05-17 09:27:00,간선하차,제주HUB
1100000312,2026-05-17 22:27:00,배송출발,제주HUB
1100000312,2026-05-18 05:27:00,배송완료,제주HUB
3100000313,2026-05-12 07:31:00,집화처리,수도권HUB
3100000313,2026-05-12 13:31:00,간선상차,수도권HUB
3100000313,2026-05-13 07:31:00,간선하차,수도권HUB
3100000313,2026-05-13 19:31:00,배송출발,수도권HUB
3100000313,2026-05-14 09:31:00,배송완료,수도권HUB
1200000314,2026-07-06 17:08:00,집화처리,영남HUB
1200000314,2026-07-07 06:08:00,간선상차,영남HUB
1200000314,2026-07-08 01:08:00,간선하차,영남HUB
1200000314,2026-07-08 17:08:00,배송출발,영남HUB
1200000314,2026-07-09 12:08:00,배송완료,영남HUB
1100000315,2026-07-29 16:26:00,집화처리,수도권HUB
1100000315,2026-07-30 07:26:00,간선상차,수도권HUB
1100000315,2026-07-30 21:26:00,간선하차,수도권HUB
1100000315,2026-07-31 15:26:00,배송출발,수도권HUB
1100000315,2026-08-01 05:26:00,배송완료,수도권HUB
4100000316,2026-06-30 22:42:00,집화처리,수도권HUB
4100000316,2026-07-01 15:42:00,간선상차,수도권HUB
4100000316,2026-07-02 11:42:00,간선하차,수도권HUB
4100000316,2026-07-02 20:42:00,배송출발,수도권HUB
4100000316,2026-07-03 15:42:00,배송완료,수도권HUB
1100000317,2026-07-16 23:04:00,집화처리,중부HUB
1100000317,2026-07-17 16:04:00,간선상차,중부HUB
1100000317,2026-07-17 19:04:00,간선하차,중부HUB
1100000317,2026-07-18 07:04:00,배송출발,중부HUB
1100000317,2026-07-18 20:04:00,배송완료,중부HUB
1200000318,2026-06-17 07:53:00,집화처리,호남HUB
1200000318,2026-06-17 18:53:00,간선상차,호남HUB
1200000318,2026-06-18 06:53:00,간선하차,호남HUB
1200000318,2026-06-19 02:53:00,배송출발,호남HUB
1200000318,2026-06-19 19:53:00,배송완료,호남HUB
1100000319,2026-05-14 05:32:00,집화처리,수도권HUB
1100000319,2026-05-14 21:32:00,간선상차,수도권HUB
1100000319,2026-05-15 15:32:00,간선하차,수도권HUB
1100000319,2026-05-16 07:32:00,배송출발,수도권HUB
1100000319,2026-05-16 18:32:00,배송완료,수도권HUB
3200000320,2026-05-27 11:16:00,집화처리,영남HUB
3200000320,2026-05-27 20:16:00,간선상차,영남HUB
3200000320,2026-05-28 00:16:00,간선하차,영남HUB
3200000320,2026-05-28 10:16:00,배송출발,영남HUB
3200000320,2026-05-29 05:16:00,배송완료,영남HUB
1100000321,2026-07-28 11:14:00,집화처리,중부HUB
1100000321,2026-07-28 18:14:00,간선상차,중부HUB
1100000321,2026-07-29 05:14:00,간선하차,중부HUB
1100000321,2026-07-29 16:14:00,배송출발,중부HUB
1100000321,2026-07-29 19:14:00,배송완료,중부HUB
1200000322,2026-07-30 21:04:00,집화처리,중부HUB
1200000322,2026-07-31 15:04:00,간선상차,중부HUB
1200000322,2026-08-01 03:04:00,간선하차,중부HUB
1200000322,2026-08-01 21:04:00,배송출발,중부HUB
1200000322,2026-08-02 15:04:00,배송완료,중부HUB
2100000323,2026-08-04 08:04:00,집화처리,수도권HUB
2100000323,2026-08-04 14:04:00,간선상차,수도권HUB
2100000323,2026-08-05 02:04:00,간선하차,수도권HUB
2100000323,2026-08-05 13:04:00,배송출발,수도권HUB
2100000323,2026-08-05 18:04:00,배송완료,수도권HUB
4100000324,2026-06-23 11:27:00,집화처리,수도권HUB
4100000324,2026-06-24 02:27:00,간선상차,수도권HUB
4100000324,2026-06-24 07:27:00,간선하차,수도권HUB
4100000324,2026-06-24 23:27:00,배송출발,수도권HUB
4100000324,2026-06-25 13:27:00,배송완료,수도권HUB
1200000325,2026-06-23 08:42:00,집화처리,중부HUB
1200000325,2026-06-23 23:42:00,간선상차,중부HUB
1200000325,2026-06-24 12:42:00,간선하차,중부HUB
1200000325,2026-06-25 07:42:00,배송출발,중부HUB
1200000325,2026-06-25 22:42:00,배송완료,중부HUB
1200000326,2026-05-06 00:28:00,집화처리,수도권HUB
1200000326,2026-05-06 05:28:00,간선상차,수도권HUB
1200000326,2026-05-06 23:28:00,간선하차,수도권HUB
1200000326,2026-05-07 18:28:00,배송출발,수도권HUB
1200000326,2026-05-08 06:28:00,배송완료,수도권HUB
3200000327,2026-07-30 10:28:00,집화처리,영남HUB
3200000327,2026-07-31 04:28:00,간선상차,영남HUB
3200000327,2026-07-31 10:28:00,간선하차,영남HUB
3200000327,2026-07-31 20:28:00,배송출발,영남HUB
3200000327,2026-08-01 06:28:00,배송완료,영남HUB
2100000328,2026-05-04 18:58:00,집화처리,영남HUB
2100000328,2026-05-05 11:58:00,간선상차,영남HUB
2100000328,2026-05-05 21:58:00,간선하차,영남HUB
2100000328,2026-05-06 06:58:00,배송출발,영남HUB
2100000328,2026-05-06 23:58:00,배송완료,영남HUB
1200000329,2026-05-12 01:09:00,집화처리,수도권HUB
1200000329,2026-05-12 09:09:00,간선상차,수도권HUB
1200000329,2026-05-12 18:09:00,간선하차,수도권HUB
1200000329,2026-05-13 02:09:00,배송출발,수도권HUB
1200000329,2026-05-13 16:09:00,배송완료,수도권HUB
4100000330,2026-08-03 21:19:00,집화처리,수도권HUB
4100000330,2026-08-04 17:19:00,간선상차,수도권HUB
4100000330,2026-08-05 10:19:00,간선하차,수도권HUB
4100000330,2026-08-06 00:19:00,배송출발,수도권HUB
4100000330,2026-08-06 09:19:00,배송완료,수도권HUB
2100000331,2026-06-16 12:24:00,집화처리,중부HUB
2100000331,2026-06-16 20:24:00,간선상차,중부HUB
2100000331,2026-06-17 04:24:00,간선하차,중부HUB
2100000331,2026-06-17 09:24:00,배송출발,중부HUB
2100000331,2026-06-17 21:24:00,배송완료,중부HUB
1100000332,2026-07-21 01:23:00,집화처리,영남HUB
1100000332,2026-07-21 08:23:00,간선상차,영남HUB
1100000332,2026-07-22 02:23:00,간선하차,영남HUB
1100000332,2026-07-22 14:23:00,배송출발,영남HUB
1100000332,2026-07-23 03:23:00,배송완료,영남HUB
1100000333,2026-05-11 18:13:00,집화처리,수도권HUB
1100000333,2026-05-12 05:13:00,간선상차,수도권HUB
1100000333,2026-05-12 22:13:00,간선하차,수도권HUB
1100000333,2026-05-13 11:13:00,배송출발,수도권HUB
1100000333,2026-05-13 21:13:00,배송완료,수도권HUB
1200000334,2026-07-25 14:58:00,집화처리,영남HUB
1200000334,2026-07-26 10:58:00,간선상차,영남HUB
1200000334,2026-07-27 02:58:00,간선하차,영남HUB
1200000334,2026-07-27 18:58:00,배송출발,영남HUB
1200000334,2026-07-28 01:58:00,배송완료,영남HUB
1100000335,2026-06-24 01:26:00,집화처리,중부HUB
1100000335,2026-06-24 12:26:00,간선상차,중부HUB
1100000335,2026-06-25 01:26:00,간선하차,중부HUB
1100000335,2026-06-25 13:26:00,배송출발,중부HUB
1100000335,2026-06-26 04:26:00,배송완료,중부HUB
1100000336,2026-07-03 00:21:00,집화처리,중부HUB
1100000336,2026-07-03 07:21:00,간선상차,중부HUB
1100000336,2026-07-03 11:21:00,간선하차,중부HUB
1100000336,2026-07-04 02:21:00,배송출발,중부HUB
1100000336,2026-07-04 20:21:00,배송완료,중부HUB
1200000337,2026-06-06 01:57:00,집화처리,영남HUB
1200000337,2026-06-06 04:57:00,간선상차,영남HUB
1200000337,2026-06-06 19:57:00,간선하차,영남HUB
1200000337,2026-06-07 05:57:00,배송출발,영남HUB
1200000337,2026-06-07 16:57:00,배송완료,영남HUB
1200000338,2026-07-13 19:05:00,집화처리,영남HUB
1200000338,2026-07-14 12:05:00,간선상차,영남HUB
1200000338,2026-07-14 19:05:00,간선하차,영남HUB
1200000338,2026-07-14 23:05:00,배송출발,영남HUB
1200000338,2026-07-15 11:05:00,배송완료,영남HUB
2100000339,2026-05-15 01:53:00,집화처리,중부HUB
2100000339,2026-05-15 12:53:00,간선상차,중부HUB
2100000339,2026-05-15 20:53:00,간선하차,중부HUB
2100000339,2026-05-16 06:53:00,배송출발,중부HUB
2100000339,2026-05-16 21:53:00,배송완료,중부HUB
1100000340,2026-05-05 11:16:00,집화처리,중부HUB
1100000340,2026-05-06 07:16:00,간선상차,중부HUB
1100000340,2026-05-06 20:16:00,간선하차,중부HUB
1100000340,2026-05-07 09:16:00,배송출발,중부HUB
1100000340,2026-05-07 15:16:00,배송완료,중부HUB
4100000341,2026-05-15 07:11:00,집화처리,수도권HUB
4100000341,2026-05-15 12:11:00,간선상차,수도권HUB
4100000341,2026-05-15 18:11:00,간선하차,수도권HUB
4100000341,2026-05-16 12:11:00,배송출발,수도권HUB
4100000341,2026-05-17 01:11:00,배송완료,수도권HUB
1100000342,2026-07-07 01:56:00,집화처리,수도권HUB
1100000342,2026-07-07 11:56:00,간선상차,수도권HUB
1100000342,2026-07-08 04:56:00,간선하차,수도권HUB
1100000342,2026-07-08 16:56:00,배송출발,수도권HUB
1100000342,2026-07-08 21:56:00,배송완료,수도권HUB
1100000343,2026-07-19 05:47:00,집화처리,중부HUB
1100000343,2026-07-19 21:47:00,간선상차,중부HUB
1100000343,2026-07-20 06:47:00,간선하차,중부HUB
1100000343,2026-07-20 11:47:00,배송출발,중부HUB
1100000343,2026-07-21 07:47:00,배송완료,중부HUB
1200000344,2026-06-09 01:52:00,집화처리,영남HUB
1200000344,2026-06-09 09:52:00,간선상차,영남HUB
1200000344,2026-06-09 20:52:00,간선하차,영남HUB
1200000344,2026-06-10 05:52:00,배송출발,영남HUB
1200000344,2026-06-10 17:52:00,배송완료,영남HUB
3100000345,2026-05-25 18:28:00,집화처리,영남HUB
3100000345,2026-05-26 12:28:00,간선상차,영남HUB
3100000345,2026-05-26 20:28:00,간선하차,영남HUB
3100000345,2026-05-27 10:28:00,배송출발,영남HUB
3100000345,2026-05-27 16:28:00,배송완료,영남HUB
3100000346,2026-07-31 23:19:00,집화처리,영남HUB
3100000346,2026-08-01 18:19:00,간선상차,영남HUB
3100000346,2026-08-02 08:19:00,간선하차,영남HUB
3100000346,2026-08-02 20:19:00,배송출발,영남HUB
3100000346,2026-08-03 14:19:00,배송완료,영남HUB
3100000347,2026-06-01 18:11:00,집화처리,중부HUB
3100000347,2026-06-02 07:11:00,간선상차,중부HUB
3100000347,2026-06-02 14:11:00,간선하차,중부HUB
3100000347,2026-06-02 23:11:00,배송출발,중부HUB
3100000347,2026-06-03 11:11:00,배송완료,중부HUB
1100000348,2026-07-17 23:53:00,집화처리,수도권HUB
1100000348,2026-07-18 13:53:00,간선상차,수도권HUB
1100000348,2026-07-18 16:53:00,간선하차,수도권HUB
1100000348,2026-07-19 02:53:00,배송출발,수도권HUB
1100000348,2026-07-19 16:53:00,배송완료,수도권HUB
1100000349,2026-05-23 22:39:00,집화처리,중부HUB
1100000349,2026-05-24 16:39:00,간선상차,중부HUB
1100000349,2026-05-25 05:39:00,간선하차,중부HUB
1100000349,2026-05-25 20:39:00,배송출발,중부HUB
1100000349,2026-05-26 16:39:00,배송완료,중부HUB
1200000350,2026-08-03 16:49:00,집화처리,영남HUB
1200000350,2026-08-04 04:49:00,간선상차,영남HUB
1200000350,2026-08-04 15:49:00,간선하차,영남HUB
1200000350,2026-08-04 18:49:00,배송출발,영남HUB
1200000350,2026-08-05 14:49:00,배송완료,영남HUB
2100000351,2026-05-11 21:59:00,집화처리,중부HUB
2100000351,2026-05-12 06:59:00,간선상차,중부HUB
2100000351,2026-05-12 11:59:00,간선하차,중부HUB
2100000351,2026-05-12 23:59:00,배송출발,중부HUB
2100000351,2026-05-13 05:59:00,배송완료,중부HUB
1200000352,2026-05-14 06:46:00,집화처리,영남HUB
1200000352,2026-05-14 21:46:00,간선상차,영남HUB
1200000352,2026-05-15 14:46:00,간선하차,영남HUB
1200000352,2026-05-15 20:46:00,배송출발,영남HUB
1200000352,2026-05-16 05:46:00,배송완료,영남HUB
3200000353,2026-07-03 09:11:00,집화처리,수도권HUB
3200000353,2026-07-03 21:11:00,간선상차,수도권HUB
3200000353,2026-07-04 05:11:00,간선하차,수도권HUB
3200000353,2026-07-04 19:11:00,배송출발,수도권HUB
3200000353,2026-07-05 00:11:00,배송완료,수도권HUB
2100000354,2026-08-05 03:18:00,집화처리,중부HUB
2100000354,2026-08-05 09:18:00,간선상차,중부HUB
4100000355,2026-06-30 17:30:00,집화처리,수도권HUB
4100000355,2026-07-01 00:30:00,간선상차,수도권HUB
4100000355,2026-07-01 20:30:00,간선하차,수도권HUB
4100000355,2026-07-02 00:30:00,배송출발,수도권HUB
4100000355,2026-07-02 10:30:00,배송완료,수도권HUB
1200000356,2026-06-20 05:07:00,집화처리,영남HUB
1200000356,2026-06-20 15:07:00,간선상차,영남HUB
1200000356,2026-06-21 03:07:00,간선하차,영남HUB
1200000356,2026-06-21 19:07:00,배송출발,영남HUB
1200000356,2026-06-22 08:07:00,배송완료,영남HUB
4100000357,2026-07-09 06:39:00,집화처리,영남HUB
4100000357,2026-07-09 17:39:00,간선상차,영남HUB
4100000357,2026-07-09 21:39:00,간선하차,영남HUB
4100000357,2026-07-10 15:39:00,배송출발,영남HUB
4100000357,2026-07-11 01:39:00,배송완료,영남HUB
1100000358,2026-05-26 11:02:00,집화처리,수도권HUB
1100000358,2026-05-26 21:02:00,간선상차,수도권HUB
1100000358,2026-05-27 09:02:00,간선하차,수도권HUB
1100000358,2026-05-27 12:02:00,배송출발,수도권HUB
1100000358,2026-05-28 06:02:00,배송완료,수도권HUB
1100000359,2026-06-03 10:31:00,집화처리,수도권HUB
1100000359,2026-06-03 20:31:00,간선상차,수도권HUB
1100000359,2026-06-04 08:31:00,간선하차,수도권HUB
1100000359,2026-06-04 18:31:00,배송출발,수도권HUB
1100000359,2026-06-05 14:31:00,배송완료,수도권HUB
1100000360,2026-05-26 17:48:00,집화처리,수도권HUB
1100000360,2026-05-27 13:48:00,간선상차,수도권HUB
1100000360,2026-05-28 09:48:00,간선하차,수도권HUB
1100000360,2026-05-28 21:48:00,배송출발,수도권HUB
1100000360,2026-05-29 17:48:00,배송완료,수도권HUB
4100000361,2026-05-02 07:56:00,집화처리,영남HUB
4100000361,2026-05-02 21:56:00,간선상차,영남HUB
4100000361,2026-05-03 00:56:00,간선하차,영남HUB
4100000361,2026-05-03 06:56:00,배송출발,영남HUB
4100000361,2026-05-03 23:56:00,배송완료,영남HUB
1200000362,2026-06-11 01:14:00,집화처리,수도권HUB
1200000362,2026-06-11 04:14:00,간선상차,수도권HUB
1200000362,2026-06-11 14:14:00,간선하차,수도권HUB
1200000362,2026-06-11 23:14:00,배송출발,수도권HUB
1200000362,2026-06-12 10:14:00,배송완료,수도권HUB
1200000363,2026-06-10 07:23:00,집화처리,수도권HUB
1200000363,2026-06-10 13:23:00,간선상차,수도권HUB
1200000363,2026-06-10 20:23:00,간선하차,수도권HUB
1200000363,2026-06-11 08:23:00,배송출발,수도권HUB
1200000363,2026-06-11 16:23:00,배송완료,수도권HUB
3200000364,2026-05-21 22:08:00,집화처리,중부HUB
3200000364,2026-05-22 15:08:00,간선상차,중부HUB
3200000364,2026-05-23 00:08:00,간선하차,중부HUB
3200000364,2026-05-23 11:08:00,배송출발,중부HUB
3200000364,2026-05-24 05:08:00,배송완료,중부HUB
1100000365,2026-07-30 04:19:00,집화처리,수도권HUB
1100000365,2026-07-30 13:19:00,간선상차,수도권HUB
1100000365,2026-07-31 05:19:00,간선하차,수도권HUB
1100000365,2026-08-01 01:19:00,배송출발,수도권HUB
1100000365,2026-08-01 11:19:00,배송완료,수도권HUB
1100000366,2026-06-22 16:49:00,집화처리,수도권HUB
1100000366,2026-06-23 05:49:00,간선상차,수도권HUB
1100000366,2026-06-23 17:49:00,간선하차,수도권HUB
1100000366,2026-06-24 11:49:00,배송출발,수도권HUB
1100000366,2026-06-24 20:49:00,배송완료,수도권HUB
2100000367,2026-06-08 20:08:00,집화처리,영남HUB
2100000367,2026-06-09 13:08:00,간선상차,영남HUB
2100000367,2026-06-10 06:08:00,간선하차,영남HUB
2100000367,2026-06-11 01:08:00,배송출발,영남HUB
2100000367,2026-06-11 06:08:00,배송완료,영남HUB
4100000368,2026-05-29 06:18:00,집화처리,중부HUB
4100000368,2026-05-30 02:18:00,간선상차,중부HUB
4100000368,2026-05-30 08:18:00,간선하차,중부HUB
4100000368,2026-05-30 22:18:00,배송출발,중부HUB
4100000368,2026-05-31 08:18:00,배송완료,중부HUB
4100000369,2026-05-28 05:04:00,집화처리,호남HUB
4100000369,2026-05-28 16:04:00,간선상차,호남HUB
4100000369,2026-05-29 03:04:00,간선하차,호남HUB
4100000369,2026-05-29 17:04:00,배송출발,호남HUB
4100000369,2026-05-30 01:04:00,배송완료,호남HUB
3200000370,2026-07-01 00:56:00,집화처리,수도권HUB
3200000370,2026-07-01 10:56:00,간선상차,수도권HUB
3200000370,2026-07-01 17:56:00,간선하차,수도권HUB
3200000370,2026-07-02 07:56:00,배송출발,수도권HUB
3200000370,2026-07-02 21:56:00,배송완료,수도권HUB
2100000371,2026-05-16 04:11:00,집화처리,수도권HUB
2100000371,2026-05-16 18:11:00,간선상차,수도권HUB
2100000371,2026-05-17 05:11:00,간선하차,수도권HUB
2100000371,2026-05-17 11:11:00,배송출발,수도권HUB
2100000371,2026-05-18 06:11:00,배송완료,수도권HUB
2100000372,2026-05-26 10:44:00,집화처리,수도권HUB
2100000372,2026-05-26 18:44:00,간선상차,수도권HUB
2100000372,2026-05-27 11:44:00,간선하차,수도권HUB
2100000372,2026-05-27 22:44:00,배송출발,수도권HUB
2100000372,2026-05-28 12:44:00,배송완료,수도권HUB
3100000373,2026-07-10 01:00:00,집화처리,중부HUB
3100000373,2026-07-10 21:00:00,간선상차,중부HUB
3100000373,2026-07-11 16:00:00,간선하차,중부HUB
3100000373,2026-07-12 10:00:00,배송출발,중부HUB
3100000373,2026-07-12 21:00:00,배송완료,중부HUB
1200000374,2026-07-14 04:51:00,집화처리,수도권HUB
1200000374,2026-07-14 15:51:00,간선상차,수도권HUB
1200000374,2026-07-15 00:51:00,간선하차,수도권HUB
1200000374,2026-07-15 04:51:00,배송출발,수도권HUB
1200000374,2026-07-15 12:51:00,배송완료,수도권HUB
1100000375,2026-05-18 22:24:00,집화처리,영남HUB
1100000375,2026-05-19 11:24:00,간선상차,영남HUB
1100000375,2026-05-20 03:24:00,간선하차,영남HUB
1100000375,2026-05-20 23:24:00,배송출발,영남HUB
1100000375,2026-05-21 06:24:00,배송완료,영남HUB
3100000376,2026-05-28 03:44:00,집화처리,수도권HUB
3100000376,2026-05-28 22:44:00,간선상차,수도권HUB
3100000376,2026-05-29 13:44:00,간선하차,수도권HUB
3100000376,2026-05-30 04:44:00,배송출발,수도권HUB
3100000376,2026-05-30 10:44:00,배송완료,수도권HUB
4100000377,2026-05-07 05:56:00,집화처리,중부HUB
4100000377,2026-05-07 12:56:00,간선상차,중부HUB
4100000377,2026-05-07 20:56:00,간선하차,중부HUB
4100000377,2026-05-08 08:56:00,배송출발,중부HUB
4100000377,2026-05-08 13:56:00,배송완료,중부HUB
2100000378,2026-06-11 17:43:00,집화처리,영남HUB
2100000378,2026-06-12 04:43:00,간선상차,영남HUB
2100000378,2026-06-12 11:43:00,간선하차,영남HUB
2100000378,2026-06-12 19:43:00,배송출발,영남HUB
2100000378,2026-06-13 13:43:00,배송완료,영남HUB
3100000379,2026-06-02 08:10:00,집화처리,영남HUB
3100000379,2026-06-03 02:10:00,간선상차,영남HUB
3100000379,2026-06-03 07:10:00,간선하차,영남HUB
3100000379,2026-06-03 22:10:00,배송출발,영남HUB
3100000379,2026-06-04 10:10:00,배송완료,영남HUB
2100000380,2026-06-19 00:42:00,집화처리,호남HUB
2100000380,2026-06-19 14:42:00,간선상차,호남HUB
2100000380,2026-06-20 08:42:00,간선하차,호남HUB
2100000380,2026-06-20 16:42:00,배송출발,호남HUB
2100000380,2026-06-20 19:42:00,배송완료,호남HUB
1200000381,2026-05-14 04:48:00,집화처리,영남HUB
1200000381,2026-05-14 21:48:00,간선상차,영남HUB
1200000381,2026-05-15 05:48:00,간선하차,영남HUB
1200000381,2026-05-15 15:48:00,배송출발,영남HUB
1200000381,2026-05-16 08:48:00,배송완료,영남HUB
1200000382,2026-07-09 06:36:00,집화처리,호남HUB
1200000382,2026-07-09 09:36:00,간선상차,호남HUB
1200000382,2026-07-10 01:36:00,간선하차,호남HUB
1200000382,2026-07-10 14:36:00,배송출발,호남HUB
1200000382,2026-07-11 09:36:00,배송완료,호남HUB
3100000383,2026-06-12 23:22:00,집화처리,수도권HUB
3100000383,2026-06-13 02:22:00,간선상차,수도권HUB
3100000383,2026-06-13 10:22:00,간선하차,수도권HUB
3100000383,2026-06-13 19:22:00,배송출발,수도권HUB
3100000383,2026-06-14 00:22:00,배송완료,수도권HUB
2100000384,2026-07-22 06:06:00,집화처리,영남HUB
2100000384,2026-07-22 11:06:00,간선상차,영남HUB
2100000384,2026-07-23 04:06:00,간선하차,영남HUB
2100000384,2026-07-23 11:06:00,배송출발,영남HUB
2100000384,2026-07-23 18:06:00,배송완료,영남HUB
4100000385,2026-07-23 07:56:00,집화처리,수도권HUB
4100000385,2026-07-24 01:56:00,간선상차,수도권HUB
4100000385,2026-07-24 20:56:00,간선하차,수도권HUB
4100000385,2026-07-25 09:56:00,배송출발,수도권HUB
4100000385,2026-07-25 21:56:00,배송완료,수도권HUB
1100000386,2026-05-20 21:01:00,집화처리,수도권HUB
1100000386,2026-05-21 08:01:00,간선상차,수도권HUB
1100000386,2026-05-22 02:01:00,간선하차,수도권HUB
1100000386,2026-05-22 14:01:00,배송출발,수도권HUB
1100000386,2026-05-23 01:01:00,배송완료,수도권HUB
1100000387,2026-07-15 19:59:00,집화처리,수도권HUB
1100000387,2026-07-16 09:59:00,간선상차,수도권HUB
1100000387,2026-07-16 12:59:00,간선하차,수도권HUB
1100000387,2026-07-16 20:59:00,배송출발,수도권HUB
1100000387,2026-07-17 13:59:00,배송완료,수도권HUB
2100000388,2026-07-21 12:09:00,집화처리,중부HUB
2100000388,2026-07-22 02:09:00,간선상차,중부HUB
2100000388,2026-07-22 08:09:00,간선하차,중부HUB
2100000388,2026-07-22 22:09:00,배송출발,중부HUB
2100000388,2026-07-23 11:09:00,배송완료,중부HUB
4100000389,2026-05-10 12:45:00,집화처리,영남HUB
4100000389,2026-05-11 01:45:00,간선상차,영남HUB
4100000389,2026-05-11 13:45:00,간선하차,영남HUB
4100000389,2026-05-12 08:45:00,배송출발,영남HUB
4100000389,2026-05-12 12:45:00,배송완료,영남HUB
1100000390,2026-05-27 23:02:00,집화처리,영남HUB
1100000390,2026-05-28 14:02:00,간선상차,영남HUB
1100000390,2026-05-29 03:02:00,간선하차,영남HUB
1100000390,2026-05-29 10:02:00,배송출발,영남HUB
1100000390,2026-05-30 04:02:00,배송완료,영남HUB
1200000391,2026-08-04 06:05:00,집화처리,호남HUB
1200000391,2026-08-04 09:05:00,간선상차,호남HUB
1200000391,2026-08-04 17:05:00,간선하차,호남HUB
1200000391,2026-08-05 04:05:00,배송출발,호남HUB
1200000391,2026-08-06 00:05:00,배송완료,호남HUB
4100000392,2026-07-04 06:05:00,집화처리,수도권HUB
4100000392,2026-07-04 14:05:00,간선상차,수도권HUB
4100000392,2026-07-05 02:05:00,간선하차,수도권HUB
4100000392,2026-07-05 18:05:00,배송출발,수도권HUB
4100000392,2026-07-06 12:05:00,배송완료,수도권HUB
1100000393,2026-05-12 11:21:00,집화처리,수도권HUB
1100000393,2026-05-12 17:21:00,간선상차,수도권HUB
1100000393,2026-05-13 03:21:00,간선하차,수도권HUB
1100000393,2026-05-13 11:21:00,배송출발,수도권HUB
1100000393,2026-05-13 22:21:00,배송완료,수도권HUB
1200000394,2026-05-31 06:02:00,집화처리,영남HUB
1200000394,2026-05-31 11:02:00,간선상차,영남HUB
1200000394,2026-06-01 02:02:00,간선하차,영남HUB
1200000394,2026-06-01 07:02:00,배송출발,영남HUB
1200000394,2026-06-01 18:02:00,배송완료,영남HUB
3200000395,2026-06-11 12:37:00,집화처리,영남HUB
3200000395,2026-06-12 08:37:00,간선상차,영남HUB
3200000395,2026-06-12 12:37:00,간선하차,영남HUB
3200000395,2026-06-12 23:37:00,배송출발,영남HUB
3200000395,2026-06-13 12:37:00,배송완료,영남HUB
3100000396,2026-06-27 04:24:00,집화처리,수도권HUB
3100000396,2026-06-27 17:24:00,간선상차,수도권HUB
3100000396,2026-06-27 23:24:00,간선하차,수도권HUB
3100000396,2026-06-28 14:24:00,배송출발,수도권HUB
3100000396,2026-06-29 10:24:00,배송완료,수도권HUB
2100000397,2026-05-22 13:44:00,집화처리,수도권HUB
2100000397,2026-05-23 08:44:00,간선상차,수도권HUB
2100000397,2026-05-23 22:44:00,간선하차,수도권HUB
2100000397,2026-05-24 15:44:00,배송출발,수도권HUB
2100000397,2026-05-25 03:44:00,배송완료,수도권HUB
1100000398,2026-07-16 01:38:00,집화처리,영남HUB
1100000398,2026-07-16 09:38:00,간선상차,영남HUB
1100000398,2026-07-17 02:38:00,간선하차,영남HUB
1100000398,2026-07-17 11:38:00,배송출발,영남HUB
1100000398,2026-07-17 16:38:00,배송완료,영남HUB
1100000399,2026-07-14 19:55:00,집화처리,제주HUB
1100000399,2026-07-15 15:55:00,간선상차,제주HUB
1100000399,2026-07-16 03:55:00,간선하차,제주HUB
1100000399,2026-07-16 21:55:00,배송출발,제주HUB
1100000399,2026-07-17 08:55:00,배송완료,제주HUB
2100000400,2026-05-19 07:53:00,집화처리,수도권HUB
2100000400,2026-05-19 12:53:00,간선상차,수도권HUB
2100000400,2026-05-19 22:53:00,간선하차,수도권HUB
2100000400,2026-05-20 06:53:00,배송출발,수도권HUB
2100000400,2026-05-20 18:53:00,배송완료,수도권HUB
1100000401,2026-05-09 07:16:00,집화처리,영남HUB
1100000401,2026-05-09 14:16:00,간선상차,영남HUB
1100000401,2026-05-09 18:16:00,간선하차,영남HUB
1100000401,2026-05-10 02:16:00,배송출발,영남HUB
1100000401,2026-05-10 19:16:00,배송완료,영남HUB
1200000402,2026-05-22 23:27:00,집화처리,중부HUB
1200000402,2026-05-23 09:27:00,간선상차,중부HUB
1200000402,2026-05-23 23:27:00,간선하차,중부HUB
1200000402,2026-05-24 06:27:00,배송출발,중부HUB
1200000402,2026-05-24 14:27:00,배송완료,중부HUB
1100000403,2026-05-07 04:56:00,집화처리,중부HUB
1100000403,2026-05-07 08:56:00,간선상차,중부HUB
1100000403,2026-05-07 22:56:00,간선하차,중부HUB
1100000403,2026-05-08 02:56:00,배송출발,중부HUB
1100000403,2026-05-08 08:56:00,배송완료,중부HUB
3100000404,2026-07-23 06:39:00,집화처리,수도권HUB
3100000404,2026-07-23 13:39:00,간선상차,수도권HUB
3100000404,2026-07-24 02:39:00,간선하차,수도권HUB
3100000404,2026-07-24 06:39:00,배송출발,수도권HUB
3100000404,2026-07-24 11:39:00,배송완료,수도권HUB
4100000405,2026-07-20 02:34:00,집화처리,수도권HUB
4100000405,2026-07-20 21:34:00,간선상차,수도권HUB
4100000405,2026-07-21 00:34:00,간선하차,수도권HUB
4100000405,2026-07-21 17:34:00,배송출발,수도권HUB
4100000405,2026-07-22 08:34:00,배송완료,수도권HUB
4100000406,2026-05-04 07:57:00,집화처리,중부HUB
4100000406,2026-05-04 10:57:00,간선상차,중부HUB
4100000406,2026-05-04 19:57:00,간선하차,중부HUB
4100000406,2026-05-05 00:57:00,배송출발,중부HUB
4100000406,2026-05-05 05:57:00,배송완료,중부HUB
4100000407,2026-07-27 23:11:00,집화처리,영남HUB
4100000407,2026-07-28 07:11:00,간선상차,영남HUB
4100000407,2026-07-28 15:11:00,간선하차,영남HUB
4100000407,2026-07-28 19:11:00,배송출발,영남HUB
4100000407,2026-07-29 09:11:00,배송완료,영남HUB
1100000408,2026-05-08 03:20:00,집화처리,영남HUB
1100000408,2026-05-08 19:20:00,간선상차,영남HUB
1100000408,2026-05-09 15:20:00,간선하차,영남HUB
1100000408,2026-05-10 10:20:00,배송출발,영남HUB
1100000408,2026-05-10 15:20:00,배송완료,영남HUB
1100000409,2026-06-18 00:41:00,집화처리,영남HUB
1100000409,2026-06-18 08:41:00,간선상차,영남HUB
1100000409,2026-06-18 15:41:00,간선하차,영남HUB
1100000409,2026-06-19 06:41:00,배송출발,영남HUB
1100000409,2026-06-19 23:41:00,배송완료,영남HUB
1200000410,2026-07-16 08:36:00,집화처리,수도권HUB
1200000410,2026-07-16 18:36:00,간선상차,수도권HUB
1200000410,2026-07-17 04:36:00,간선하차,수도권HUB
1200000410,2026-07-17 23:36:00,배송출발,수도권HUB
1200000410,2026-07-18 04:36:00,배송완료,수도권HUB
1100000411,2026-08-05 04:19:00,집화처리,영남HUB
1100000411,2026-08-05 23:19:00,간선상차,영남HUB
1100000411,2026-08-06 02:19:00,간선하차,영남HUB
1100000411,2026-08-06 09:19:00,배송출발,영남HUB
2100000412,2026-07-02 22:05:00,집화처리,중부HUB
2100000412,2026-07-03 17:05:00,간선상차,중부HUB
2100000412,2026-07-04 04:05:00,간선하차,중부HUB
2100000412,2026-07-04 20:05:00,배송출발,중부HUB
2100000412,2026-07-05 07:05:00,배송완료,중부HUB
3100000413,2026-05-17 19:41:00,집화처리,중부HUB
3100000413,2026-05-17 22:41:00,간선상차,중부HUB
3100000413,2026-05-18 16:41:00,간선하차,중부HUB
3100000413,2026-05-18 19:41:00,배송출발,중부HUB
3100000413,2026-05-19 06:41:00,배송완료,중부HUB
1200000414,2026-07-07 02:19:00,집화처리,중부HUB
1200000414,2026-07-07 13:19:00,간선상차,중부HUB
1200000414,2026-07-07 23:19:00,간선하차,중부HUB
1200000414,2026-07-08 14:19:00,배송출발,중부HUB
1200000414,2026-07-09 07:19:00,배송완료,중부HUB
3100000415,2026-06-25 11:13:00,집화처리,제주HUB
3100000415,2026-06-25 23:13:00,간선상차,제주HUB
3100000415,2026-06-26 03:13:00,간선하차,제주HUB
3100000415,2026-06-26 07:13:00,배송출발,제주HUB
3100000415,2026-06-27 01:13:00,배송완료,제주HUB
1100000416,2026-06-30 09:03:00,집화처리,중부HUB
1100000416,2026-06-30 12:03:00,간선상차,중부HUB
1100000416,2026-07-01 08:03:00,간선하차,중부HUB
1100000416,2026-07-01 15:03:00,배송출발,중부HUB
1100000416,2026-07-02 10:03:00,배송완료,중부HUB
3100000417,2026-05-13 04:45:00,집화처리,수도권HUB
3100000417,2026-05-13 08:45:00,간선상차,수도권HUB
3100000417,2026-05-13 12:45:00,간선하차,수도권HUB
3100000417,2026-05-13 21:45:00,배송출발,수도권HUB
3100000417,2026-05-14 14:45:00,배송완료,수도권HUB
3100000418,2026-06-23 00:27:00,집화처리,영남HUB
3100000418,2026-06-23 15:27:00,간선상차,영남HUB
3100000418,2026-06-24 00:27:00,간선하차,영남HUB
3100000418,2026-06-24 13:27:00,배송출발,영남HUB
3100000418,2026-06-24 18:27:00,배송완료,영남HUB
1200000419,2026-05-25 22:32:00,집화처리,영남HUB
1200000419,2026-05-26 17:32:00,간선상차,영남HUB
1200000419,2026-05-27 10:32:00,간선하차,영남HUB
1200000419,2026-05-27 21:32:00,배송출발,영남HUB
1200000419,2026-05-28 07:32:00,배송완료,영남HUB
3100000420,2026-05-04 22:36:00,집화처리,중부HUB
3100000420,2026-05-05 13:36:00,간선상차,중부HUB
3100000420,2026-05-05 16:36:00,간선하차,중부HUB
3100000420,2026-05-06 01:36:00,배송출발,중부HUB
3100000420,2026-05-06 16:36:00,배송완료,중부HUB
1100000421,2026-06-30 07:38:00,집화처리,영남HUB
1100000421,2026-07-01 03:38:00,간선상차,영남HUB
1100000421,2026-07-01 23:38:00,간선하차,영남HUB
1100000421,2026-07-02 16:38:00,배송출발,영남HUB
1100000421,2026-07-03 09:38:00,배송완료,영남HUB
1200000422,2026-06-02 04:24:00,집화처리,영남HUB
1200000422,2026-06-02 17:24:00,간선상차,영남HUB
1200000422,2026-06-03 06:24:00,간선하차,영남HUB
1200000422,2026-06-03 23:24:00,배송출발,영남HUB
1200000422,2026-06-04 16:24:00,배송완료,영남HUB
1200000423,2026-07-14 11:09:00,집화처리,호남HUB
1200000423,2026-07-14 15:09:00,간선상차,호남HUB
1200000423,2026-07-14 18:09:00,간선하차,호남HUB
1200000423,2026-07-15 14:09:00,배송출발,호남HUB
1200000423,2026-07-15 19:09:00,배송완료,호남HUB
1100000424,2026-05-06 06:05:00,집화처리,영남HUB
1100000424,2026-05-06 11:05:00,간선상차,영남HUB
1100000424,2026-05-07 04:05:00,간선하차,영남HUB
1100000424,2026-05-07 20:05:00,배송출발,영남HUB
1100000424,2026-05-08 00:05:00,배송완료,영남HUB
1200000425,2026-07-18 02:55:00,집화처리,호남HUB
1200000425,2026-07-18 21:55:00,간선상차,호남HUB
1200000425,2026-07-19 00:55:00,간선하차,호남HUB
1200000425,2026-07-19 03:55:00,배송출발,호남HUB
1200000425,2026-07-19 15:55:00,배송완료,호남HUB
3100000426,2026-06-30 11:46:00,집화처리,수도권HUB
3100000426,2026-06-30 15:46:00,간선상차,수도권HUB
3100000426,2026-07-01 08:46:00,간선하차,수도권HUB
3100000426,2026-07-01 21:46:00,배송출발,수도권HUB
3100000426,2026-07-02 03:46:00,배송완료,수도권HUB
2100000427,2026-07-07 06:16:00,집화처리,중부HUB
2100000427,2026-07-07 09:16:00,간선상차,중부HUB
2100000427,2026-07-07 22:16:00,간선하차,중부HUB
2100000427,2026-07-08 09:16:00,배송출발,중부HUB
2100000427,2026-07-08 22:16:00,배송완료,중부HUB
2100000428,2026-05-18 19:54:00,집화처리,영남HUB
2100000428,2026-05-19 10:54:00,간선상차,영남HUB
2100000428,2026-05-19 21:54:00,간선하차,영남HUB
2100000428,2026-05-20 05:54:00,배송출발,영남HUB
2100000428,2026-05-20 11:54:00,배송완료,영남HUB
3200000429,2026-06-16 00:21:00,집화처리,영남HUB
3200000429,2026-06-16 17:21:00,간선상차,영남HUB
3200000429,2026-06-17 04:21:00,간선하차,영남HUB
3200000429,2026-06-17 22:21:00,배송출발,영남HUB
3200000429,2026-06-18 13:21:00,배송완료,영남HUB
1100000430,2026-06-23 19:54:00,집화처리,영남HUB
1100000430,2026-06-24 09:54:00,간선상차,영남HUB
1100000430,2026-06-24 19:54:00,간선하차,영남HUB
1100000430,2026-06-25 06:54:00,배송출발,영남HUB
1100000430,2026-06-26 01:54:00,배송완료,영남HUB
3200000431,2026-05-19 03:03:00,집화처리,수도권HUB
3200000431,2026-05-19 19:03:00,간선상차,수도권HUB
3200000431,2026-05-19 23:03:00,간선하차,수도권HUB
3200000431,2026-05-20 06:03:00,배송출발,수도권HUB
3200000431,2026-05-20 22:03:00,배송완료,수도권HUB
4100000432,2026-06-08 17:27:00,집화처리,영남HUB
4100000432,2026-06-09 01:27:00,간선상차,영남HUB
4100000432,2026-06-09 08:27:00,간선하차,영남HUB
4100000432,2026-06-09 21:27:00,배송출발,영남HUB
4100000432,2026-06-10 10:27:00,배송완료,영남HUB
1100000433,2026-06-04 21:55:00,집화처리,제주HUB
1100000433,2026-06-05 13:55:00,간선상차,제주HUB
1100000433,2026-06-05 21:55:00,간선하차,제주HUB
1100000433,2026-06-06 08:55:00,배송출발,제주HUB
1100000433,2026-06-06 19:55:00,배송완료,제주HUB
3200000434,2026-05-02 22:53:00,집화처리,중부HUB
3200000434,2026-05-03 08:53:00,간선상차,중부HUB
3200000434,2026-05-03 23:53:00,간선하차,중부HUB
3200000434,2026-05-04 08:53:00,배송출발,중부HUB
3200000434,2026-05-04 18:53:00,배송완료,중부HUB
3100000435,2026-07-03 18:39:00,집화처리,중부HUB
3100000435,2026-07-04 07:39:00,간선상차,중부HUB
3100000435,2026-07-04 22:39:00,간선하차,중부HUB
3100000435,2026-07-05 09:39:00,배송출발,중부HUB
3100000435,2026-07-06 01:39:00,배송완료,중부HUB
1100000436,2026-06-01 23:12:00,집화처리,수도권HUB
1100000436,2026-06-02 07:12:00,간선상차,수도권HUB
1100000436,2026-06-02 23:12:00,간선하차,수도권HUB
1100000436,2026-06-03 05:12:00,배송출발,수도권HUB
1100000436,2026-06-03 17:12:00,배송완료,수도권HUB
3200000437,2026-07-09 02:47:00,집화처리,수도권HUB
3200000437,2026-07-09 19:47:00,간선상차,수도권HUB
3200000437,2026-07-10 13:47:00,간선하차,수도권HUB
3200000437,2026-07-10 22:47:00,배송출발,수도권HUB
3200000437,2026-07-11 02:47:00,배송완료,수도권HUB
2100000438,2026-07-13 22:39:00,집화처리,제주HUB
2100000438,2026-07-14 03:39:00,간선상차,제주HUB
2100000438,2026-07-14 18:39:00,간선하차,제주HUB
2100000438,2026-07-15 14:39:00,배송출발,제주HUB
2100000438,2026-07-15 19:39:00,배송완료,제주HUB
3100000439,2026-06-07 03:52:00,집화처리,수도권HUB
3100000439,2026-06-07 07:52:00,간선상차,수도권HUB
3100000439,2026-06-07 11:52:00,간선하차,수도권HUB
3100000439,2026-06-07 23:52:00,배송출발,수도권HUB
3100000439,2026-06-08 09:52:00,배송완료,수도권HUB
1100000440,2026-06-19 02:38:00,집화처리,수도권HUB
1100000440,2026-06-19 17:38:00,간선상차,수도권HUB
1100000440,2026-06-19 21:38:00,간선하차,수도권HUB
1100000440,2026-06-20 09:38:00,배송출발,수도권HUB
1100000440,2026-06-20 13:38:00,배송완료,수도권HUB
1200000441,2026-08-03 23:04:00,집화처리,영남HUB
1200000441,2026-08-04 04:04:00,간선상차,영남HUB
1200000441,2026-08-04 10:04:00,간선하차,영남HUB
1200000441,2026-08-05 00:04:00,배송출발,영남HUB
1200000441,2026-08-05 10:04:00,배송완료,영남HUB
3100000442,2026-06-08 23:38:00,집화처리,영남HUB
3100000442,2026-06-09 14:38:00,간선상차,영남HUB
3100000442,2026-06-10 06:38:00,간선하차,영남HUB
3100000442,2026-06-10 13:38:00,배송출발,영남HUB
3100000442,2026-06-11 07:38:00,배송완료,영남HUB
1200000443,2026-07-20 20:43:00,집화처리,영남HUB
1200000443,2026-07-21 06:43:00,간선상차,영남HUB
1200000443,2026-07-21 19:43:00,간선하차,영남HUB
1200000443,2026-07-22 09:43:00,배송출발,영남HUB
1200000443,2026-07-22 23:43:00,배송완료,영남HUB
3200000444,2026-07-22 00:15:00,집화처리,영남HUB
3200000444,2026-07-22 08:15:00,간선상차,영남HUB
3200000444,2026-07-22 15:15:00,간선하차,영남HUB
3200000444,2026-07-23 05:15:00,배송출발,영남HUB
3200000444,2026-07-23 18:15:00,배송완료,영남HUB
1100000445,2026-05-04 20:35:00,집화처리,호남HUB
1100000445,2026-05-05 16:35:00,간선상차,호남HUB
1100000445,2026-05-05 19:35:00,간선하차,호남HUB
1100000445,2026-05-06 05:35:00,배송출발,호남HUB
1100000445,2026-05-06 22:35:00,배송완료,호남HUB
3100000446,2026-07-17 09:28:00,집화처리,호남HUB
3100000446,2026-07-18 04:28:00,간선상차,호남HUB
3100000446,2026-07-18 20:28:00,간선하차,호남HUB
3100000446,2026-07-19 06:28:00,배송출발,호남HUB
3100000446,2026-07-19 20:28:00,배송완료,호남HUB
3100000447,2026-05-09 06:10:00,집화처리,영남HUB
3100000447,2026-05-09 17:10:00,간선상차,영남HUB
3100000447,2026-05-10 08:10:00,간선하차,영남HUB
3100000447,2026-05-10 20:10:00,배송출발,영남HUB
3100000447,2026-05-11 04:10:00,배송완료,영남HUB
3200000448,2026-06-06 00:56:00,집화처리,영남HUB
3200000448,2026-06-06 05:56:00,간선상차,영남HUB
3200000448,2026-06-07 00:56:00,간선하차,영남HUB
3200000448,2026-06-07 03:56:00,배송출발,영남HUB
3200000448,2026-06-07 20:56:00,배송완료,영남HUB
3200000449,2026-05-20 05:20:00,집화처리,수도권HUB
3200000449,2026-05-20 16:20:00,간선상차,수도권HUB
3200000449,2026-05-21 06:20:00,간선하차,수도권HUB
3200000449,2026-05-21 09:20:00,배송출발,수도권HUB
3200000449,2026-05-21 21:20:00,배송완료,수도권HUB
3200000450,2026-06-02 11:21:00,집화처리,수도권HUB
3200000450,2026-06-02 20:21:00,간선상차,수도권HUB
3200000450,2026-06-03 11:21:00,간선하차,수도권HUB
3200000450,2026-06-04 01:21:00,배송출발,수도권HUB
3200000450,2026-06-04 18:21:00,배송완료,수도권HUB
1100000451,2026-07-03 20:00:00,집화처리,수도권HUB
1100000451,2026-07-04 03:00:00,간선상차,수도권HUB
1100000451,2026-07-04 07:00:00,간선하차,수도권HUB
1100000451,2026-07-04 11:00:00,배송출발,수도권HUB
1100000451,2026-07-05 02:00:00,배송완료,수도권HUB
3100000452,2026-05-19 14:26:00,집화처리,영남HUB
3100000452,2026-05-19 19:26:00,간선상차,영남HUB
3100000452,2026-05-20 10:26:00,간선하차,영남HUB
3100000452,2026-05-20 22:26:00,배송출발,영남HUB
3100000452,2026-05-21 05:26:00,배송완료,영남HUB
1100000453,2026-06-30 01:14:00,집화처리,수도권HUB
1100000453,2026-06-30 04:14:00,간선상차,수도권HUB
1100000453,2026-06-30 21:14:00,간선하차,수도권HUB
1100000453,2026-07-01 10:14:00,배송출발,수도권HUB
1100000453,2026-07-01 23:14:00,배송완료,수도권HUB
1100000454,2026-06-23 01:37:00,집화처리,영남HUB
1100000454,2026-06-23 08:37:00,간선상차,영남HUB
1100000454,2026-06-23 21:37:00,간선하차,영남HUB
1100000454,2026-06-24 01:37:00,배송출발,영남HUB
1100000454,2026-06-24 04:37:00,배송완료,영남HUB
2100000455,2026-07-21 00:56:00,집화처리,중부HUB
2100000455,2026-07-21 16:56:00,간선상차,중부HUB
2100000455,2026-07-22 05:56:00,간선하차,중부HUB
2100000455,2026-07-22 18:56:00,배송출발,중부HUB
2100000455,2026-07-23 13:56:00,배송완료,중부HUB
1100000456,2026-07-31 21:19:00,집화처리,영남HUB
1100000456,2026-08-01 00:19:00,간선상차,영남HUB
1100000456,2026-08-01 17:19:00,간선하차,영남HUB
1100000456,2026-08-02 07:19:00,배송출발,영남HUB
1100000456,2026-08-02 13:19:00,배송완료,영남HUB
3100000457,2026-06-01 22:36:00,집화처리,영남HUB
3100000457,2026-06-02 15:36:00,간선상차,영남HUB
3100000457,2026-06-02 18:36:00,간선하차,영남HUB
3100000457,2026-06-02 23:36:00,배송출발,영남HUB
3100000457,2026-06-03 18:36:00,배송완료,영남HUB
1200000458,2026-06-24 02:52:00,집화처리,수도권HUB
1200000458,2026-06-24 21:52:00,간선상차,수도권HUB
1200000458,2026-06-25 16:52:00,간선하차,수도권HUB
1200000458,2026-06-26 02:52:00,배송출발,수도권HUB
1200000458,2026-06-26 15:52:00,배송완료,수도권HUB
1200000459,2026-06-11 19:15:00,집화처리,중부HUB
1200000459,2026-06-11 22:15:00,간선상차,중부HUB
1200000459,2026-06-12 18:15:00,간선하차,중부HUB
1200000459,2026-06-13 02:15:00,배송출발,중부HUB
1200000459,2026-06-13 17:15:00,배송완료,중부HUB
4100000460,2026-06-16 10:22:00,집화처리,영남HUB
4100000460,2026-06-16 21:22:00,간선상차,영남HUB
4100000460,2026-06-17 13:22:00,간선하차,영남HUB
4100000460,2026-06-17 23:22:00,배송출발,영남HUB
4100000460,2026-06-18 02:22:00,배송완료,영남HUB
2100000461,2026-08-01 03:19:00,집화처리,중부HUB
2100000461,2026-08-01 16:19:00,간선상차,중부HUB
2100000461,2026-08-02 11:19:00,간선하차,중부HUB
2100000461,2026-08-02 23:19:00,배송출발,중부HUB
2100000461,2026-08-03 19:19:00,배송완료,중부HUB
1100000462,2026-05-04 23:46:00,집화처리,영남HUB
1100000462,2026-05-05 09:46:00,간선상차,영남HUB
1100000462,2026-05-05 20:46:00,간선하차,영남HUB
1100000462,2026-05-06 08:46:00,배송출발,영남HUB
1100000462,2026-05-06 16:46:00,배송완료,영남HUB
1100000463,2026-05-19 09:32:00,집화처리,수도권HUB
1100000463,2026-05-20 05:32:00,간선상차,수도권HUB
1100000463,2026-05-21 01:32:00,간선하차,수도권HUB
1100000463,2026-05-21 11:32:00,배송출발,수도권HUB
1100000463,2026-05-22 02:32:00,배송완료,수도권HUB
2100000464,2026-06-08 08:20:00,집화처리,수도권HUB
2100000464,2026-06-08 16:20:00,간선상차,수도권HUB
2100000464,2026-06-09 05:20:00,간선하차,수도권HUB
2100000464,2026-06-09 16:20:00,배송출발,수도권HUB
2100000464,2026-06-09 22:20:00,배송완료,수도권HUB
1100000465,2026-06-17 02:16:00,집화처리,제주HUB
1100000465,2026-06-17 11:16:00,간선상차,제주HUB
1100000465,2026-06-17 23:16:00,간선하차,제주HUB
1100000465,2026-06-18 06:16:00,배송출발,제주HUB
1100000465,2026-06-18 19:16:00,배송완료,제주HUB
2100000466,2026-07-04 02:05:00,집화처리,수도권HUB
2100000466,2026-07-04 20:05:00,간선상차,수도권HUB
2100000466,2026-07-04 23:05:00,간선하차,수도권HUB
2100000466,2026-07-05 19:05:00,배송출발,수도권HUB
2100000466,2026-07-06 08:05:00,배송완료,수도권HUB
1100000467,2026-06-09 19:36:00,집화처리,호남HUB
1100000467,2026-06-10 13:36:00,간선상차,호남HUB
1100000467,2026-06-11 01:36:00,간선하차,호남HUB
1100000467,2026-06-11 09:36:00,배송출발,호남HUB
1100000467,2026-06-11 20:36:00,배송완료,호남HUB
4100000468,2026-07-08 19:29:00,집화처리,수도권HUB
4100000468,2026-07-09 13:29:00,간선상차,수도권HUB
4100000468,2026-07-10 06:29:00,간선하차,수도권HUB
4100000468,2026-07-10 22:29:00,배송출발,수도권HUB
4100000468,2026-07-11 10:29:00,배송완료,수도권HUB
4100000469,2026-07-21 02:47:00,집화처리,중부HUB
4100000469,2026-07-21 07:47:00,간선상차,중부HUB
4100000469,2026-07-21 20:47:00,간선하차,중부HUB
4100000469,2026-07-22 00:47:00,배송출발,중부HUB
4100000469,2026-07-22 07:47:00,배송완료,중부HUB
2100000470,2026-07-04 09:23:00,집화처리,중부HUB
2100000470,2026-07-04 13:23:00,간선상차,중부HUB
2100000470,2026-07-05 01:23:00,간선하차,중부HUB
2100000470,2026-07-05 19:23:00,배송출발,중부HUB
2100000470,2026-07-06 12:23:00,배송완료,중부HUB
1200000471,2026-05-20 04:30:00,집화처리,중부HUB
1200000471,2026-05-20 11:30:00,간선상차,중부HUB
1200000471,2026-05-20 21:30:00,간선하차,중부HUB
1200000471,2026-05-21 17:30:00,배송출발,중부HUB
1200000471,2026-05-21 20:30:00,배송완료,중부HUB
1100000472,2026-07-27 20:47:00,집화처리,중부HUB
1100000472,2026-07-28 12:47:00,간선상차,중부HUB
1100000472,2026-07-29 02:47:00,간선하차,중부HUB
1100000472,2026-07-29 12:47:00,배송출발,중부HUB
1100000472,2026-07-30 00:47:00,배송완료,중부HUB
1200000473,2026-05-25 17:53:00,집화처리,수도권HUB
1200000473,2026-05-26 01:53:00,간선상차,수도권HUB
1200000473,2026-05-26 12:53:00,간선하차,수도권HUB
1200000473,2026-05-26 17:53:00,배송출발,수도권HUB
1200000473,2026-05-27 04:53:00,배송완료,수도권HUB
1100000474,2026-06-22 22:33:00,집화처리,영남HUB
1100000474,2026-06-23 02:33:00,간선상차,영남HUB
1100000474,2026-06-23 11:33:00,간선하차,영남HUB
1100000474,2026-06-23 17:33:00,배송출발,영남HUB
1100000474,2026-06-24 08:33:00,배송완료,영남HUB
2100000475,2026-06-23 01:18:00,집화처리,영남HUB
2100000475,2026-06-23 12:18:00,간선상차,영남HUB
2100000475,2026-06-23 15:18:00,간선하차,영남HUB
2100000475,2026-06-24 03:18:00,배송출발,영남HUB
2100000475,2026-06-24 21:18:00,배송완료,영남HUB
3100000476,2026-06-05 01:09:00,집화처리,수도권HUB
3100000476,2026-06-05 07:09:00,간선상차,수도권HUB
3100000476,2026-06-05 21:09:00,간선하차,수도권HUB
3100000476,2026-06-06 16:09:00,배송출발,수도권HUB
3100000476,2026-06-07 06:09:00,배송완료,수도권HUB
3100000477,2026-06-02 08:59:00,집화처리,영남HUB
3100000477,2026-06-03 04:59:00,간선상차,영남HUB
3100000477,2026-06-03 10:59:00,간선하차,영남HUB
3100000477,2026-06-03 21:59:00,배송출발,영남HUB
3100000477,2026-06-04 06:59:00,배송완료,영남HUB
2100000478,2026-06-03 03:07:00,집화처리,영남HUB
2100000478,2026-06-03 06:07:00,간선상차,영남HUB
2100000478,2026-06-03 14:07:00,간선하차,영남HUB
2100000478,2026-06-04 09:07:00,배송출발,영남HUB
2100000478,2026-06-04 19:07:00,배송완료,영남HUB
2100000479,2026-07-28 11:15:00,집화처리,중부HUB
2100000479,2026-07-28 20:15:00,간선상차,중부HUB
2100000479,2026-07-29 01:15:00,간선하차,중부HUB
2100000479,2026-07-29 18:15:00,배송출발,중부HUB
2100000479,2026-07-30 13:15:00,배송완료,중부HUB
1100000480,2026-06-11 06:53:00,집화처리,중부HUB
1100000480,2026-06-11 20:53:00,간선상차,중부HUB
1100000480,2026-06-12 16:53:00,간선하차,중부HUB
1100000480,2026-06-13 12:53:00,배송출발,중부HUB
1100000480,2026-06-14 02:53:00,배송완료,중부HUB
2100000481,2026-05-28 23:20:00,집화처리,영남HUB
2100000481,2026-05-29 10:20:00,간선상차,영남HUB
2100000481,2026-05-29 23:20:00,간선하차,영남HUB
2100000481,2026-05-30 17:20:00,배송출발,영남HUB
2100000481,2026-05-31 13:20:00,배송완료,영남HUB
2100000482,2026-06-12 02:27:00,집화처리,영남HUB
2100000482,2026-06-12 15:27:00,간선상차,영남HUB
2100000482,2026-06-12 23:27:00,간선하차,영남HUB
2100000482,2026-06-13 19:27:00,배송출발,영남HUB
2100000482,2026-06-14 04:27:00,배송완료,영남HUB
1200000483,2026-06-18 15:40:00,집화처리,수도권HUB
1200000483,2026-06-19 11:40:00,간선상차,수도권HUB
1200000483,2026-06-19 14:40:00,간선하차,수도권HUB
1200000483,2026-06-19 18:40:00,배송출발,수도권HUB
1200000483,2026-06-20 11:40:00,배송완료,수도권HUB
1100000484,2026-05-18 23:34:00,집화처리,수도권HUB
1100000484,2026-05-19 13:34:00,간선상차,수도권HUB
1100000484,2026-05-19 21:34:00,간선하차,수도권HUB
1100000484,2026-05-20 12:34:00,배송출발,수도권HUB
1100000484,2026-05-21 03:34:00,배송완료,수도권HUB
3200000485,2026-08-01 17:08:00,집화처리,중부HUB
3200000485,2026-08-01 20:08:00,간선상차,중부HUB
3200000485,2026-08-02 13:08:00,간선하차,중부HUB
3200000485,2026-08-03 01:08:00,배송출발,중부HUB
3200000485,2026-08-03 05:08:00,배송완료,중부HUB
1100000486,2026-06-28 05:28:00,집화처리,수도권HUB
1100000486,2026-06-28 12:28:00,간선상차,수도권HUB
1100000486,2026-06-28 23:28:00,간선하차,수도권HUB
1100000486,2026-06-29 16:28:00,배송출발,수도권HUB
1100000486,2026-06-30 08:28:00,배송완료,수도권HUB
4100000487,2026-07-14 03:50:00,집화처리,수도권HUB
4100000487,2026-07-14 15:50:00,간선상차,수도권HUB
4100000487,2026-07-15 11:50:00,간선하차,수도권HUB
4100000487,2026-07-16 03:50:00,배송출발,수도권HUB
4100000487,2026-07-16 11:50:00,배송완료,수도권HUB
3200000488,2026-06-25 20:03:00,집화처리,호남HUB
3200000488,2026-06-26 13:03:00,간선상차,호남HUB
3200000488,2026-06-26 18:03:00,간선하차,호남HUB
3200000488,2026-06-27 03:03:00,배송출발,호남HUB
3200000488,2026-06-27 08:03:00,배송완료,호남HUB
1100000489,2026-06-03 16:49:00,집화처리,영남HUB
1100000489,2026-06-04 07:49:00,간선상차,영남HUB
1100000489,2026-06-04 12:49:00,간선하차,영남HUB
1100000489,2026-06-05 06:49:00,배송출발,영남HUB
1100000489,2026-06-06 00:49:00,배송완료,영남HUB
1100000490,2026-07-14 19:48:00,집화처리,영남HUB
1100000490,2026-07-15 02:48:00,간선상차,영남HUB
1100000490,2026-07-15 18:48:00,간선하차,영남HUB
1100000490,2026-07-16 00:48:00,배송출발,영남HUB
1100000490,2026-07-16 20:48:00,배송완료,영남HUB
3100000491,2026-05-10 03:18:00,집화처리,영남HUB
3100000491,2026-05-10 18:18:00,간선상차,영남HUB
3100000491,2026-05-11 14:18:00,간선하차,영남HUB
3100000491,2026-05-11 22:18:00,배송출발,영남HUB
3100000491,2026-05-12 10:18:00,배송완료,영남HUB
1200000492,2026-07-25 16:53:00,집화처리,영남HUB
1200000492,2026-07-26 11:53:00,간선상차,영남HUB
1200000492,2026-07-26 22:53:00,간선하차,영남HUB
1200000492,2026-07-27 05:53:00,배송출발,영남HUB
1200000492,2026-07-27 11:53:00,배송완료,영남HUB
1100000493,2026-07-28 13:02:00,집화처리,영남HUB
1100000493,2026-07-29 03:02:00,간선상차,영남HUB
1100000493,2026-07-29 23:02:00,간선하차,영남HUB
1100000493,2026-07-30 04:02:00,배송출발,영남HUB
1100000493,2026-07-30 07:02:00,배송완료,영남HUB
2100000494,2026-06-02 08:29:00,집화처리,영남HUB
2100000494,2026-06-02 14:29:00,간선상차,영남HUB
2100000494,2026-06-03 00:29:00,간선하차,영남HUB
2100000494,2026-06-03 04:29:00,배송출발,영남HUB
2100000494,2026-06-03 23:29:00,배송완료,영남HUB
2100000495,2026-06-02 21:08:00,집화처리,수도권HUB
2100000495,2026-06-03 15:08:00,간선상차,수도권HUB
2100000495,2026-06-03 20:08:00,간선하차,수도권HUB
2100000495,2026-06-04 16:08:00,배송출발,수도권HUB
2100000495,2026-06-04 22:08:00,배송완료,수도권HUB
1100000496,2026-07-17 00:06:00,집화처리,수도권HUB
1100000496,2026-07-17 05:06:00,간선상차,수도권HUB
1100000496,2026-07-17 13:06:00,간선하차,수도권HUB
1100000496,2026-07-17 22:06:00,배송출발,수도권HUB
1100000496,2026-07-18 15:06:00,배송완료,수도권HUB
1100000497,2026-06-01 21:11:00,집화처리,수도권HUB
1100000497,2026-06-02 17:11:00,간선상차,수도권HUB
1100000497,2026-06-03 11:11:00,간선하차,수도권HUB
1100000497,2026-06-04 02:11:00,배송출발,수도권HUB
1100000497,2026-06-04 09:11:00,배송완료,수도권HUB
2100000498,2026-06-09 22:36:00,집화처리,영남HUB
2100000498,2026-06-10 16:36:00,간선상차,영남HUB
2100000498,2026-06-11 06:36:00,간선하차,영남HUB
2100000498,2026-06-11 12:36:00,배송출발,영남HUB
2100000498,2026-06-11 19:36:00,배송완료,영남HUB
1100000499,2026-06-29 17:53:00,집화처리,수도권HUB
1100000499,2026-06-29 23:53:00,간선상차,수도권HUB
1100000499,2026-06-30 12:53:00,간선하차,수도권HUB
1100000499,2026-06-30 23:53:00,배송출발,수도권HUB
1100000499,2026-07-01 18:53:00,배송완료,수도권HUB
1100000500,2026-07-21 02:47:00,집화처리,수도권HUB
1100000500,2026-07-21 11:47:00,간선상차,수도권HUB
1100000500,2026-07-22 07:47:00,간선하차,수도권HUB
1100000500,2026-07-22 17:47:00,배송출발,수도권HUB
1100000500,2026-07-23 02:47:00,배송완료,수도권HUB
3200000501,2026-07-21 06:10:00,집화처리,영남HUB
3200000501,2026-07-21 20:10:00,간선상차,영남HUB
3200000501,2026-07-22 10:10:00,간선하차,영남HUB
3200000501,2026-07-22 20:10:00,배송출발,영남HUB
3200000501,2026-07-23 08:10:00,배송완료,영남HUB
1100000502,2026-06-02 00:16:00,집화처리,영남HUB
1100000502,2026-06-02 03:16:00,간선상차,영남HUB
1100000502,2026-06-02 11:16:00,간선하차,영남HUB
1100000502,2026-06-02 18:16:00,배송출발,영남HUB
1100000502,2026-06-03 03:16:00,배송완료,영남HUB
1200000503,2026-05-29 01:43:00,집화처리,수도권HUB
1200000503,2026-05-29 11:43:00,간선상차,수도권HUB
1200000503,2026-05-29 16:43:00,간선하차,수도권HUB
1200000503,2026-05-30 10:43:00,배송출발,수도권HUB
1200000503,2026-05-31 02:43:00,배송완료,수도권HUB
1200000504,2026-07-17 21:30:00,집화처리,영남HUB
1200000504,2026-07-18 13:30:00,간선상차,영남HUB
1200000504,2026-07-18 21:30:00,간선하차,영남HUB
1200000504,2026-07-19 05:30:00,배송출발,영남HUB
1200000504,2026-07-19 09:30:00,배송완료,영남HUB
1200000505,2026-06-01 18:09:00,집화처리,중부HUB
1200000505,2026-06-02 11:09:00,간선상차,중부HUB
1200000505,2026-06-02 19:09:00,간선하차,중부HUB
1200000505,2026-06-03 03:09:00,배송출발,중부HUB
1200000505,2026-06-03 22:09:00,배송완료,중부HUB
2100000506,2026-06-04 09:49:00,집화처리,수도권HUB
2100000506,2026-06-04 20:49:00,간선상차,수도권HUB
2100000506,2026-06-05 04:49:00,간선하차,수도권HUB
2100000506,2026-06-05 16:49:00,배송출발,수도권HUB
2100000506,2026-06-06 07:49:00,배송완료,수도권HUB
4100000507,2026-05-20 09:09:00,집화처리,영남HUB
4100000507,2026-05-21 00:09:00,간선상차,영남HUB
4100000507,2026-05-21 07:09:00,간선하차,영남HUB
4100000507,2026-05-22 00:09:00,배송출발,영남HUB
4100000507,2026-05-22 17:09:00,배송완료,영남HUB
1100000508,2026-05-23 03:12:00,집화처리,중부HUB
1100000508,2026-05-23 22:12:00,간선상차,중부HUB
1100000508,2026-05-24 15:12:00,간선하차,중부HUB
1100000508,2026-05-24 19:12:00,배송출발,중부HUB
1100000508,2026-05-25 09:12:00,배송완료,중부HUB
3200000509,2026-05-19 23:36:00,집화처리,수도권HUB
3200000509,2026-05-20 14:36:00,간선상차,수도권HUB
3200000509,2026-05-21 00:36:00,간선하차,수도권HUB
3200000509,2026-05-21 07:36:00,배송출발,수도권HUB
3200000509,2026-05-21 10:36:00,배송완료,수도권HUB
1100000510,2026-06-20 05:27:00,집화처리,중부HUB
1100000510,2026-06-20 22:27:00,간선상차,중부HUB
1100000510,2026-06-21 17:27:00,간선하차,중부HUB
1100000510,2026-06-22 00:27:00,배송출발,중부HUB
1100000510,2026-06-22 14:27:00,배송완료,중부HUB
3100000511,2026-08-04 12:57:00,집화처리,수도권HUB
3100000511,2026-08-05 02:57:00,간선상차,수도권HUB
3100000511,2026-08-05 07:57:00,간선하차,수도권HUB
1100000512,2026-06-26 00:01:00,집화처리,영남HUB
1100000512,2026-06-26 16:01:00,간선상차,영남HUB
1100000512,2026-06-26 22:01:00,간선하차,영남HUB
1100000512,2026-06-27 17:01:00,배송출발,영남HUB
1100000512,2026-06-27 20:01:00,배송완료,영남HUB
3200000513,2026-05-13 00:01:00,집화처리,호남HUB
3200000513,2026-05-13 12:01:00,간선상차,호남HUB
3200000513,2026-05-14 07:01:00,간선하차,호남HUB
3200000513,2026-05-14 10:01:00,배송출발,호남HUB
3200000513,2026-05-15 04:01:00,배송완료,호남HUB
1100000514,2026-07-18 01:47:00,집화처리,수도권HUB
1100000514,2026-07-18 21:47:00,간선상차,수도권HUB
1100000514,2026-07-19 06:47:00,간선하차,수도권HUB
1100000514,2026-07-19 14:47:00,배송출발,수도권HUB
1100000514,2026-07-19 17:47:00,배송완료,수도권HUB
4100000515,2026-07-08 05:15:00,집화처리,수도권HUB
4100000515,2026-07-08 21:15:00,간선상차,수도권HUB
4100000515,2026-07-09 06:15:00,간선하차,수도권HUB
4100000515,2026-07-09 13:15:00,배송출발,수도권HUB
4100000515,2026-07-10 07:15:00,배송완료,수도권HUB
3100000516,2026-05-12 23:38:00,집화처리,영남HUB
3100000516,2026-05-13 11:38:00,간선상차,영남HUB
3100000516,2026-05-14 02:38:00,간선하차,영남HUB
3100000516,2026-05-14 05:38:00,배송출발,영남HUB
3100000516,2026-05-14 22:38:00,배송완료,영남HUB
4100000517,2026-06-19 03:47:00,집화처리,수도권HUB
4100000517,2026-06-19 17:47:00,간선상차,수도권HUB
4100000517,2026-06-20 12:47:00,간선하차,수도권HUB
4100000517,2026-06-20 17:47:00,배송출발,수도권HUB
4100000517,2026-06-21 08:47:00,배송완료,수도권HUB
3100000518,2026-07-24 02:10:00,집화처리,수도권HUB
3100000518,2026-07-24 09:10:00,간선상차,수도권HUB
3100000518,2026-07-24 17:10:00,간선하차,수도권HUB
3100000518,2026-07-25 03:10:00,배송출발,수도권HUB
3100000518,2026-07-25 15:10:00,배송완료,수도권HUB
3100000519,2026-05-12 19:47:00,집화처리,영남HUB
3100000519,2026-05-13 02:47:00,간선상차,영남HUB
3100000519,2026-05-13 05:47:00,간선하차,영남HUB
3100000519,2026-05-13 19:47:00,배송출발,영남HUB
3100000519,2026-05-13 23:47:00,배송완료,영남HUB
2100000520,2026-07-19 01:58:00,집화처리,제주HUB
2100000520,2026-07-19 13:58:00,간선상차,제주HUB
2100000520,2026-07-20 01:58:00,간선하차,제주HUB
2100000520,2026-07-20 12:58:00,배송출발,제주HUB
2100000520,2026-07-21 05:58:00,배송완료,제주HUB
4100000521,2026-06-08 23:22:00,집화처리,영남HUB
4100000521,2026-06-09 04:22:00,간선상차,영남HUB
4100000521,2026-06-09 12:22:00,간선하차,영남HUB
4100000521,2026-06-09 21:22:00,배송출발,영남HUB
4100000521,2026-06-10 06:22:00,배송완료,영남HUB
1200000522,2026-05-30 22:00:00,집화처리,수도권HUB
1200000522,2026-05-31 16:00:00,간선상차,수도권HUB
1200000522,2026-06-01 09:00:00,간선하차,수도권HUB
1200000522,2026-06-01 19:00:00,배송출발,수도권HUB
1200000522,2026-06-02 04:00:00,배송완료,수도권HUB
1100000523,2026-05-13 05:14:00,집화처리,중부HUB
1100000523,2026-05-14 01:14:00,간선상차,중부HUB
1100000523,2026-05-14 20:14:00,간선하차,중부HUB
1100000523,2026-05-15 15:14:00,배송출발,중부HUB
1100000523,2026-05-16 00:14:00,배송완료,중부HUB
1200000524,2026-07-23 05:17:00,집화처리,영남HUB
1200000524,2026-07-23 08:17:00,간선상차,영남HUB
1200000524,2026-07-23 18:17:00,간선하차,영남HUB
1200000524,2026-07-24 08:17:00,배송출발,영남HUB
1200000524,2026-07-24 16:17:00,배송완료,영남HUB
2100000525,2026-07-31 07:22:00,집화처리,수도권HUB
2100000525,2026-07-31 10:22:00,간선상차,수도권HUB
2100000525,2026-07-31 20:22:00,간선하차,수도권HUB
2100000525,2026-08-01 15:22:00,배송출발,수도권HUB
2100000525,2026-08-02 10:22:00,배송완료,수도권HUB
3200000526,2026-07-28 03:22:00,집화처리,수도권HUB
3200000526,2026-07-28 22:22:00,간선상차,수도권HUB
3200000526,2026-07-29 08:22:00,간선하차,수도권HUB
3200000526,2026-07-29 16:22:00,배송출발,수도권HUB
3200000526,2026-07-30 12:22:00,배송완료,수도권HUB
3100000527,2026-06-22 11:53:00,집화처리,영남HUB
3100000527,2026-06-23 00:53:00,간선상차,영남HUB
3100000527,2026-06-23 05:53:00,간선하차,영남HUB
3100000527,2026-06-23 14:53:00,배송출발,영남HUB
3100000527,2026-06-23 23:53:00,배송완료,영남HUB
1200000528,2026-06-20 03:27:00,집화처리,수도권HUB
1200000528,2026-06-20 15:27:00,간선상차,수도권HUB
1200000528,2026-06-21 00:27:00,간선하차,수도권HUB
1200000528,2026-06-21 15:27:00,배송출발,수도권HUB
1200000528,2026-06-22 03:27:00,배송완료,수도권HUB
4100000529,2026-05-08 09:47:00,집화처리,수도권HUB
4100000529,2026-05-08 18:47:00,간선상차,수도권HUB
4100000529,2026-05-09 08:47:00,간선하차,수도권HUB
4100000529,2026-05-09 20:47:00,배송출발,수도권HUB
4100000529,2026-05-10 14:47:00,배송완료,수도권HUB
3200000530,2026-06-12 18:19:00,집화처리,영남HUB
3200000530,2026-06-13 02:19:00,간선상차,영남HUB
3200000530,2026-06-13 17:19:00,간선하차,영남HUB
3200000530,2026-06-14 09:19:00,배송출발,영남HUB
3200000530,2026-06-14 23:19:00,배송완료,영남HUB
4100000531,2026-06-19 06:00:00,집화처리,호남HUB
4100000531,2026-06-19 20:00:00,간선상차,호남HUB
4100000531,2026-06-20 01:00:00,간선하차,호남HUB
4100000531,2026-06-20 10:00:00,배송출발,호남HUB
4100000531,2026-06-21 05:00:00,배송완료,호남HUB
3100000532,2026-07-21 00:39:00,집화처리,수도권HUB
3100000532,2026-07-21 09:39:00,간선상차,수도권HUB
3100000532,2026-07-22 01:39:00,간선하차,수도권HUB
3100000532,2026-07-22 10:39:00,배송출발,수도권HUB
3100000532,2026-07-22 23:39:00,배송완료,수도권HUB
1100000533,2026-07-10 14:42:00,집화처리,수도권HUB
1100000533,2026-07-10 19:42:00,간선상차,수도권HUB
1100000533,2026-07-11 12:42:00,간선하차,수도권HUB
1100000533,2026-07-11 21:42:00,배송출발,수도권HUB
1100000533,2026-07-12 13:42:00,배송완료,수도권HUB
4100000534,2026-06-25 13:49:00,집화처리,중부HUB
4100000534,2026-06-25 21:49:00,간선상차,중부HUB
4100000534,2026-06-26 14:49:00,간선하차,중부HUB
4100000534,2026-06-26 18:49:00,배송출발,중부HUB
4100000534,2026-06-26 21:49:00,배송완료,중부HUB
1100000535,2026-08-04 05:42:00,집화처리,호남HUB
1100000535,2026-08-04 08:42:00,간선상차,호남HUB
1100000535,2026-08-04 14:42:00,간선하차,호남HUB
1100000535,2026-08-05 05:42:00,배송출발,호남HUB
1100000535,2026-08-05 12:42:00,배송완료,호남HUB
1100000536,2026-06-02 00:05:00,집화처리,영남HUB
1100000536,2026-06-02 09:05:00,간선상차,영남HUB
1100000536,2026-06-03 00:05:00,간선하차,영남HUB
1100000536,2026-06-03 06:05:00,배송출발,영남HUB
1100000536,2026-06-03 11:05:00,배송완료,영남HUB
4100000537,2026-05-05 08:55:00,집화처리,영남HUB
4100000537,2026-05-05 20:55:00,간선상차,영남HUB
4100000537,2026-05-06 11:55:00,간선하차,영남HUB
4100000537,2026-05-06 14:55:00,배송출발,영남HUB
4100000537,2026-05-07 07:55:00,배송완료,영남HUB
1100000538,2026-07-16 02:36:00,집화처리,수도권HUB
1100000538,2026-07-16 21:36:00,간선상차,수도권HUB
1100000538,2026-07-17 02:36:00,간선하차,수도권HUB
1100000538,2026-07-17 12:36:00,배송출발,수도권HUB
1100000538,2026-07-17 15:36:00,배송완료,수도권HUB
1100000539,2026-06-17 18:00:00,집화처리,중부HUB
1100000539,2026-06-18 09:00:00,간선상차,중부HUB
1100000539,2026-06-19 02:00:00,간선하차,중부HUB
1100000539,2026-06-19 12:00:00,배송출발,중부HUB
1100000539,2026-06-19 17:00:00,배송완료,중부HUB
4100000540,2026-05-12 12:07:00,집화처리,수도권HUB
4100000540,2026-05-12 21:07:00,간선상차,수도권HUB
4100000540,2026-05-13 09:07:00,간선하차,수도권HUB
4100000540,2026-05-14 05:07:00,배송출발,수도권HUB
4100000540,2026-05-14 11:07:00,배송완료,수도권HUB
1100000541,2026-06-25 22:04:00,집화처리,중부HUB
1100000541,2026-06-26 03:04:00,간선상차,중부HUB
1100000541,2026-06-26 21:04:00,간선하차,중부HUB
1100000541,2026-06-27 09:04:00,배송출발,중부HUB
1100000541,2026-06-27 19:04:00,배송완료,중부HUB
4100000542,2026-07-02 06:34:00,집화처리,수도권HUB
4100000542,2026-07-02 22:34:00,간선상차,수도권HUB
4100000542,2026-07-03 12:34:00,간선하차,수도권HUB
4100000542,2026-07-04 08:34:00,배송출발,수도권HUB
4100000542,2026-07-04 23:34:00,배송완료,수도권HUB
1200000543,2026-07-21 21:57:00,집화처리,수도권HUB
1200000543,2026-07-22 04:57:00,간선상차,수도권HUB
1200000543,2026-07-22 14:57:00,간선하차,수도권HUB
1200000543,2026-07-23 02:57:00,배송출발,수도권HUB
1200000543,2026-07-23 05:57:00,배송완료,수도권HUB
2100000544,2026-07-28 11:37:00,집화처리,수도권HUB
2100000544,2026-07-28 19:37:00,간선상차,수도권HUB
2100000544,2026-07-28 23:37:00,간선하차,수도권HUB
2100000544,2026-07-29 09:37:00,배송출발,수도권HUB
2100000544,2026-07-30 05:37:00,배송완료,수도권HUB
4100000545,2026-06-30 16:02:00,집화처리,영남HUB
4100000545,2026-07-01 12:02:00,간선상차,영남HUB
4100000545,2026-07-02 05:02:00,간선하차,영남HUB
4100000545,2026-07-02 23:02:00,배송출발,영남HUB
4100000545,2026-07-03 08:02:00,배송완료,영남HUB
1200000546,2026-06-09 08:54:00,집화처리,영남HUB
1200000546,2026-06-09 11:54:00,간선상차,영남HUB
1200000546,2026-06-10 00:54:00,간선하차,영남HUB
1200000546,2026-06-10 10:54:00,배송출발,영남HUB
1200000546,2026-06-10 13:54:00,배송완료,영남HUB
1100000547,2026-07-31 05:00:00,집화처리,수도권HUB
1100000547,2026-07-31 09:00:00,간선상차,수도권HUB
1100000547,2026-07-31 16:00:00,간선하차,수도권HUB
1100000547,2026-07-31 23:00:00,배송출발,수도권HUB
1100000547,2026-08-01 07:00:00,배송완료,수도권HUB
4100000548,2026-06-02 08:45:00,집화처리,영남HUB
4100000548,2026-06-02 15:45:00,간선상차,영남HUB
4100000548,2026-06-03 04:45:00,간선하차,영남HUB
4100000548,2026-06-03 22:45:00,배송출발,영남HUB
4100000548,2026-06-04 13:45:00,배송완료,영남HUB
1100000549,2026-07-15 02:38:00,집화처리,수도권HUB
1100000549,2026-07-15 15:38:00,간선상차,수도권HUB
1100000549,2026-07-16 09:38:00,간선하차,수도권HUB
1100000549,2026-07-17 03:38:00,배송출발,수도권HUB
1100000549,2026-07-17 22:38:00,배송완료,수도권HUB
1100000550,2026-05-14 02:50:00,집화처리,영남HUB
1100000550,2026-05-14 20:50:00,간선상차,영남HUB
1100000550,2026-05-15 01:50:00,간선하차,영남HUB
1100000550,2026-05-15 20:50:00,배송출발,영남HUB
1100000550,2026-05-15 23:50:00,배송완료,영남HUB
3100000551,2026-06-02 03:04:00,집화처리,호남HUB
3100000551,2026-06-02 08:04:00,간선상차,호남HUB
3100000551,2026-06-03 03:04:00,간선하차,호남HUB
3100000551,2026-06-03 08:04:00,배송출발,호남HUB
3100000551,2026-06-04 03:04:00,배송완료,호남HUB
2100000552,2026-06-01 16:48:00,집화처리,영남HUB
2100000552,2026-06-01 20:48:00,간선상차,영남HUB
2100000552,2026-06-02 04:48:00,간선하차,영남HUB
2100000552,2026-06-02 15:48:00,배송출발,영남HUB
2100000552,2026-06-03 07:48:00,배송완료,영남HUB
1100000553,2026-05-26 01:50:00,집화처리,제주HUB
1100000553,2026-05-26 08:50:00,간선상차,제주HUB
1100000553,2026-05-27 01:50:00,간선하차,제주HUB
1100000553,2026-05-27 15:50:00,배송출발,제주HUB
1100000553,2026-05-28 09:50:00,배송완료,제주HUB
3100000554,2026-05-15 22:57:00,집화처리,호남HUB
3100000554,2026-05-16 03:57:00,간선상차,호남HUB
3100000554,2026-05-16 20:57:00,간선하차,호남HUB
3100000554,2026-05-17 11:57:00,배송출발,호남HUB
3100000554,2026-05-18 05:57:00,배송완료,호남HUB
3100000555,2026-07-14 09:30:00,집화처리,중부HUB
3100000555,2026-07-14 22:30:00,간선상차,중부HUB
3100000555,2026-07-15 01:30:00,간선하차,중부HUB
3100000555,2026-07-15 04:30:00,배송출발,중부HUB
3100000555,2026-07-15 07:30:00,배송완료,중부HUB
1200000556,2026-05-21 01:56:00,집화처리,영남HUB
1200000556,2026-05-21 16:56:00,간선상차,영남HUB
1200000556,2026-05-22 03:56:00,간선하차,영남HUB
1200000556,2026-05-22 21:56:00,배송출발,영남HUB
1200000556,2026-05-23 10:56:00,배송완료,영남HUB
3200000557,2026-06-17 00:16:00,집화처리,영남HUB
3200000557,2026-06-17 10:16:00,간선상차,영남HUB
3200000557,2026-06-17 18:16:00,간선하차,영남HUB
3200000557,2026-06-18 02:16:00,배송출발,영남HUB
3200000557,2026-06-18 15:16:00,배송완료,영남HUB
3200000558,2026-05-04 16:22:00,집화처리,중부HUB
3200000558,2026-05-04 22:22:00,간선상차,중부HUB
3200000558,2026-05-05 07:22:00,간선하차,중부HUB
3200000558,2026-05-05 22:22:00,배송출발,중부HUB
3200000558,2026-05-06 04:22:00,배송완료,중부HUB
3100000559,2026-07-27 22:38:00,집화처리,중부HUB
3100000559,2026-07-28 11:38:00,간선상차,중부HUB
3100000559,2026-07-29 06:38:00,간선하차,중부HUB
3100000559,2026-07-29 09:38:00,배송출발,중부HUB
3100000559,2026-07-29 18:38:00,배송완료,중부HUB
3200000560,2026-07-16 15:16:00,집화처리,영남HUB
3200000560,2026-07-17 05:16:00,간선상차,영남HUB
3200000560,2026-07-17 16:16:00,간선하차,영남HUB
3200000560,2026-07-18 04:16:00,배송출발,영남HUB
3200000560,2026-07-18 15:16:00,배송완료,영남HUB
4100000561,2026-05-05 07:15:00,집화처리,수도권HUB
4100000561,2026-05-06 02:15:00,간선상차,수도권HUB
4100000561,2026-05-06 11:15:00,간선하차,수도권HUB
4100000561,2026-05-07 07:15:00,배송출발,수도권HUB
4100000561,2026-05-07 20:15:00,배송완료,수도권HUB
2100000562,2026-05-27 01:14:00,집화처리,중부HUB
2100000562,2026-05-27 19:14:00,간선상차,중부HUB
2100000562,2026-05-28 05:14:00,간선하차,중부HUB
2100000562,2026-05-28 09:14:00,배송출발,중부HUB
2100000562,2026-05-28 20:14:00,배송완료,중부HUB
3100000563,2026-06-03 23:07:00,집화처리,수도권HUB
3100000563,2026-06-04 05:07:00,간선상차,수도권HUB
3100000563,2026-06-04 10:07:00,간선하차,수도권HUB
3100000563,2026-06-04 18:07:00,배송출발,수도권HUB
3100000563,2026-06-05 00:07:00,배송완료,수도권HUB
2100000564,2026-06-28 21:44:00,집화처리,영남HUB
2100000564,2026-06-29 03:44:00,간선상차,영남HUB
2100000564,2026-06-29 13:44:00,간선하차,영남HUB
2100000564,2026-06-29 21:44:00,배송출발,영남HUB
2100000564,2026-06-30 12:44:00,배송완료,영남HUB
1100000565,2026-07-31 22:48:00,집화처리,영남HUB
1100000565,2026-08-01 06:48:00,간선상차,영남HUB
1100000565,2026-08-01 15:48:00,간선하차,영남HUB
1100000565,2026-08-02 01:48:00,배송출발,영남HUB
1100000565,2026-08-02 05:48:00,배송완료,영남HUB
1100000566,2026-06-02 19:44:00,집화처리,수도권HUB
1100000566,2026-06-03 14:44:00,간선상차,수도권HUB
1100000566,2026-06-04 06:44:00,간선하차,수도권HUB
1100000566,2026-06-04 09:44:00,배송출발,수도권HUB
1100000566,2026-06-04 20:44:00,배송완료,수도권HUB
2100000567,2026-05-26 14:52:00,집화처리,영남HUB
2100000567,2026-05-27 00:52:00,간선상차,영남HUB
2100000567,2026-05-27 05:52:00,간선하차,영남HUB
2100000567,2026-05-27 10:52:00,배송출발,영남HUB
2100000567,2026-05-27 23:52:00,배송완료,영남HUB
3200000568,2026-05-10 04:49:00,집화처리,수도권HUB
3200000568,2026-05-10 15:49:00,간선상차,수도권HUB
3200000568,2026-05-11 09:49:00,간선하차,수도권HUB
3200000568,2026-05-11 18:49:00,배송출발,수도권HUB
3200000568,2026-05-12 03:49:00,배송완료,수도권HUB
4100000569,2026-05-26 07:39:00,집화처리,중부HUB
4100000569,2026-05-26 12:39:00,간선상차,중부HUB
4100000569,2026-05-27 04:39:00,간선하차,중부HUB
4100000569,2026-05-27 11:39:00,배송출발,중부HUB
4100000569,2026-05-27 19:39:00,배송완료,중부HUB
1100000570,2026-08-03 00:50:00,집화처리,영남HUB
1100000570,2026-08-03 05:50:00,간선상차,영남HUB
1100000570,2026-08-03 19:50:00,간선하차,영남HUB
1100000570,2026-08-04 02:50:00,배송출발,영남HUB
2100000571,2026-07-28 07:57:00,집화처리,중부HUB
2100000571,2026-07-28 18:57:00,간선상차,중부HUB
2100000571,2026-07-29 00:57:00,간선하차,중부HUB
2100000571,2026-07-29 12:57:00,배송출발,중부HUB
2100000571,2026-07-30 01:57:00,배송완료,중부HUB
1100000572,2026-07-21 05:48:00,집화처리,수도권HUB
1100000572,2026-07-21 14:48:00,간선상차,수도권HUB
1100000572,2026-07-21 20:48:00,간선하차,수도권HUB
1100000572,2026-07-22 07:48:00,배송출발,수도권HUB
1100000572,2026-07-23 00:48:00,배송완료,수도권HUB
1100000573,2026-05-19 06:27:00,집화처리,중부HUB
1100000573,2026-05-19 14:27:00,간선상차,중부HUB
1100000573,2026-05-19 23:27:00,간선하차,중부HUB
1100000573,2026-05-20 11:27:00,배송출발,중부HUB
1100000573,2026-05-21 00:27:00,배송완료,중부HUB
4100000574,2026-06-22 14:43:00,집화처리,중부HUB
4100000574,2026-06-23 02:43:00,간선상차,중부HUB
4100000574,2026-06-23 22:43:00,간선하차,중부HUB
4100000574,2026-06-24 05:43:00,배송출발,중부HUB
4100000574,2026-06-24 16:43:00,배송완료,중부HUB
4100000575,2026-05-08 09:50:00,집화처리,수도권HUB
4100000575,2026-05-08 12:50:00,간선상차,수도권HUB
4100000575,2026-05-09 05:50:00,간선하차,수도권HUB
4100000575,2026-05-09 11:50:00,배송출발,수도권HUB
4100000575,2026-05-10 06:50:00,배송완료,수도권HUB
4100000576,2026-06-05 23:55:00,집화처리,호남HUB
4100000576,2026-06-06 17:55:00,간선상차,호남HUB
4100000576,2026-06-07 11:55:00,간선하차,호남HUB
4100000576,2026-06-07 15:55:00,배송출발,호남HUB
4100000576,2026-06-07 19:55:00,배송완료,호남HUB
1200000577,2026-07-30 22:06:00,집화처리,수도권HUB
1200000577,2026-07-31 11:06:00,간선상차,수도권HUB
1200000577,2026-08-01 06:06:00,간선하차,수도권HUB
1200000577,2026-08-02 02:06:00,배송출발,수도권HUB
1200000577,2026-08-02 09:06:00,배송완료,수도권HUB
1100000578,2026-05-08 11:34:00,집화처리,수도권HUB
1100000578,2026-05-08 23:34:00,간선상차,수도권HUB
1100000578,2026-05-09 02:34:00,간선하차,수도권HUB
1100000578,2026-05-09 21:34:00,배송출발,수도권HUB
1100000578,2026-05-10 06:34:00,배송완료,수도권HUB
1100000579,2026-07-31 10:18:00,집화처리,중부HUB
1100000579,2026-08-01 02:18:00,간선상차,중부HUB
1100000579,2026-08-01 15:18:00,간선하차,중부HUB
1100000579,2026-08-01 18:18:00,배송출발,중부HUB
1100000579,2026-08-02 00:18:00,배송완료,중부HUB
1100000580,2026-06-24 00:48:00,집화처리,호남HUB
1100000580,2026-06-24 18:48:00,간선상차,호남HUB
1100000580,2026-06-24 22:48:00,간선하차,호남HUB
1100000580,2026-06-25 02:48:00,배송출발,호남HUB
1100000580,2026-06-25 19:48:00,배송완료,호남HUB
1100000581,2026-06-08 20:20:00,집화처리,영남HUB
1100000581,2026-06-08 23:20:00,간선상차,영남HUB
1100000581,2026-06-09 14:20:00,간선하차,영남HUB
1100000581,2026-06-10 01:20:00,배송출발,영남HUB
1100000581,2026-06-10 18:20:00,배송완료,영남HUB
4100000582,2026-06-23 03:12:00,집화처리,수도권HUB
4100000582,2026-06-23 08:12:00,간선상차,수도권HUB
4100000582,2026-06-23 18:12:00,간선하차,수도권HUB
4100000582,2026-06-24 06:12:00,배송출발,수도권HUB
4100000582,2026-06-25 02:12:00,배송완료,수도권HUB
1100000583,2026-05-20 21:27:00,집화처리,영남HUB
1100000583,2026-05-21 17:27:00,간선상차,영남HUB
1100000583,2026-05-22 01:27:00,간선하차,영남HUB
1100000583,2026-05-22 21:27:00,배송출발,영남HUB
1100000583,2026-05-23 16:27:00,배송완료,영남HUB
3100000584,2026-05-20 02:43:00,집화처리,중부HUB
3100000584,2026-05-20 13:43:00,간선상차,중부HUB
3100000584,2026-05-20 17:43:00,간선하차,중부HUB
3100000584,2026-05-21 13:43:00,배송출발,중부HUB
3100000584,2026-05-21 21:43:00,배송완료,중부HUB
3200000585,2026-06-01 15:07:00,집화처리,수도권HUB
3200000585,2026-06-01 18:07:00,간선상차,수도권HUB
3200000585,2026-06-02 06:07:00,간선하차,수도권HUB
3200000585,2026-06-02 14:07:00,배송출발,수도권HUB
3200000585,2026-06-03 04:07:00,배송완료,수도권HUB
4100000586,2026-06-09 08:57:00,집화처리,수도권HUB
4100000586,2026-06-09 16:57:00,간선상차,수도권HUB
4100000586,2026-06-10 04:57:00,간선하차,수도권HUB
4100000586,2026-06-10 07:57:00,배송출발,수도권HUB
4100000586,2026-06-11 01:57:00,배송완료,수도권HUB
4100000587,2026-05-23 12:05:00,집화처리,수도권HUB
4100000587,2026-05-23 18:05:00,간선상차,수도권HUB
4100000587,2026-05-24 01:05:00,간선하차,수도권HUB
4100000587,2026-05-24 14:05:00,배송출발,수도권HUB
4100000587,2026-05-25 10:05:00,배송완료,수도권HUB
2100000588,2026-06-10 03:19:00,집화처리,영남HUB
2100000588,2026-06-10 11:19:00,간선상차,영남HUB
2100000588,2026-06-10 18:19:00,간선하차,영남HUB
2100000588,2026-06-11 01:19:00,배송출발,영남HUB
2100000588,2026-06-11 04:19:00,배송완료,영남HUB
2100000589,2026-05-05 21:35:00,집화처리,수도권HUB
2100000589,2026-05-06 15:35:00,간선상차,수도권HUB
2100000589,2026-05-06 21:35:00,간선하차,수도권HUB
2100000589,2026-05-07 08:35:00,배송출발,수도권HUB
2100000589,2026-05-07 18:35:00,배송완료,수도권HUB
3200000590,2026-06-17 12:31:00,집화처리,영남HUB
3200000590,2026-06-18 05:31:00,간선상차,영남HUB
3200000590,2026-06-18 09:31:00,간선하차,영남HUB
3200000590,2026-06-18 21:31:00,배송출발,영남HUB
3200000590,2026-06-19 02:31:00,배송완료,영남HUB
1200000591,2026-07-23 04:57:00,집화처리,영남HUB
1200000591,2026-07-23 12:57:00,간선상차,영남HUB
1200000591,2026-07-23 16:57:00,간선하차,영남HUB
1200000591,2026-07-24 00:57:00,배송출발,영남HUB
1200000591,2026-07-24 11:57:00,배송완료,영남HUB
1200000592,2026-05-24 08:48:00,집화처리,중부HUB
1200000592,2026-05-24 19:48:00,간선상차,중부HUB
1200000592,2026-05-25 13:48:00,간선하차,중부HUB
1200000592,2026-05-26 04:48:00,배송출발,중부HUB
1200000592,2026-05-26 18:48:00,배송완료,중부HUB
1100000593,2026-06-16 08:58:00,집화처리,수도권HUB
1100000593,2026-06-17 03:58:00,간선상차,수도권HUB
1100000593,2026-06-17 17:58:00,간선하차,수도권HUB
1100000593,2026-06-17 21:58:00,배송출발,수도권HUB
1100000593,2026-06-18 06:58:00,배송완료,수도권HUB
1200000594,2026-06-09 21:51:00,집화처리,영남HUB
1200000594,2026-06-10 13:51:00,간선상차,영남HUB
1200000594,2026-06-10 19:51:00,간선하차,영남HUB
1200000594,2026-06-11 13:51:00,배송출발,영남HUB
1200000594,2026-06-12 01:51:00,배송완료,영남HUB
4100000595,2026-06-27 18:42:00,집화처리,영남HUB
4100000595,2026-06-28 02:42:00,간선상차,영남HUB
4100000595,2026-06-28 17:42:00,간선하차,영남HUB
4100000595,2026-06-29 02:42:00,배송출발,영남HUB
4100000595,2026-06-29 08:42:00,배송완료,영남HUB
1200000596,2026-05-28 05:18:00,집화처리,영남HUB
1200000596,2026-05-28 21:18:00,간선상차,영남HUB
1200000596,2026-05-29 13:18:00,간선하차,영남HUB
1200000596,2026-05-30 03:18:00,배송출발,영남HUB
1200000596,2026-05-30 09:18:00,배송완료,영남HUB
2100000597,2026-05-20 12:58:00,집화처리,수도권HUB
2100000597,2026-05-20 19:58:00,간선상차,수도권HUB
2100000597,2026-05-21 01:58:00,간선하차,수도권HUB
2100000597,2026-05-21 11:58:00,배송출발,수도권HUB
2100000597,2026-05-22 07:58:00,배송완료,수도권HUB
2100000598,2026-05-07 20:55:00,집화처리,영남HUB
2100000598,2026-05-08 15:55:00,간선상차,영남HUB
2100000598,2026-05-09 02:55:00,간선하차,영남HUB
2100000598,2026-05-09 21:55:00,배송출발,영남HUB
2100000598,2026-05-10 14:55:00,배송완료,영남HUB
3100000599,2026-05-11 20:55:00,집화처리,호남HUB
3100000599,2026-05-11 23:55:00,간선상차,호남HUB
3100000599,2026-05-12 15:55:00,간선하차,호남HUB
3100000599,2026-05-13 02:55:00,배송출발,호남HUB
3100000599,2026-05-13 13:55:00,배송완료,호남HUB
1100000600,2026-08-04 03:36:00,집화처리,수도권HUB
1100000600,2026-08-04 19:36:00,간선상차,수도권HUB
1100000600,2026-08-05 02:36:00,간선하차,수도권HUB
1100000600,2026-08-05 15:36:00,배송출발,수도권HUB
4100000601,2026-06-04 03:42:00,집화처리,중부HUB
4100000601,2026-06-04 08:42:00,간선상차,중부HUB
4100000601,2026-06-04 13:42:00,간선하차,중부HUB
4100000601,2026-06-04 17:42:00,배송출발,중부HUB
4100000601,2026-06-05 12:42:00,배송완료,중부HUB
1100000602,2026-06-03 05:48:00,집화처리,수도권HUB
1100000602,2026-06-03 23:48:00,간선상차,수도권HUB
1100000602,2026-06-04 08:48:00,간선하차,수도권HUB
1100000602,2026-06-04 11:48:00,배송출발,수도권HUB
1100000602,2026-06-05 07:48:00,배송완료,수도권HUB
1200000603,2026-05-20 06:19:00,집화처리,영남HUB
1200000603,2026-05-20 14:19:00,간선상차,영남HUB
1200000603,2026-05-20 19:19:00,간선하차,영남HUB
1200000603,2026-05-21 15:19:00,배송출발,영남HUB
1200000603,2026-05-22 05:19:00,배송완료,영남HUB
1100000604,2026-06-01 18:27:00,집화처리,중부HUB
1100000604,2026-06-01 22:27:00,간선상차,중부HUB
1100000604,2026-06-02 17:27:00,간선하차,중부HUB
1100000604,2026-06-02 20:27:00,배송출발,중부HUB
1100000604,2026-06-03 05:27:00,배송완료,중부HUB
3200000605,2026-07-01 19:49:00,집화처리,영남HUB
3200000605,2026-07-02 00:49:00,간선상차,영남HUB
3200000605,2026-07-02 08:49:00,간선하차,영남HUB
3200000605,2026-07-02 23:49:00,배송출발,영남HUB
3200000605,2026-07-03 02:49:00,배송완료,영남HUB
1100000606,2026-06-02 04:29:00,집화처리,수도권HUB
1100000606,2026-06-02 11:29:00,간선상차,수도권HUB
1100000606,2026-06-02 22:29:00,간선하차,수도권HUB
1100000606,2026-06-03 09:29:00,배송출발,수도권HUB
1100000606,2026-06-04 04:29:00,배송완료,수도권HUB
3100000607,2026-06-01 23:42:00,집화처리,영남HUB
3100000607,2026-06-02 03:42:00,간선상차,영남HUB
3100000607,2026-06-02 08:42:00,간선하차,영남HUB
3100000607,2026-06-02 19:42:00,배송출발,영남HUB
3100000607,2026-06-03 01:42:00,배송완료,영남HUB
2100000608,2026-06-30 20:24:00,집화처리,호남HUB
2100000608,2026-07-01 05:24:00,간선상차,호남HUB
2100000608,2026-07-01 19:24:00,간선하차,호남HUB
2100000608,2026-07-01 22:24:00,배송출발,호남HUB
2100000608,2026-07-02 06:24:00,배송완료,호남HUB
1100000609,2026-05-16 05:40:00,집화처리,호남HUB
1100000609,2026-05-16 21:40:00,간선상차,호남HUB
1100000609,2026-05-17 15:40:00,간선하차,호남HUB
1100000609,2026-05-17 18:40:00,배송출발,호남HUB
1100000609,2026-05-18 11:40:00,배송완료,호남HUB
1100000610,2026-06-06 01:02:00,집화처리,수도권HUB
1100000610,2026-06-06 20:02:00,간선상차,수도권HUB
1100000610,2026-06-07 00:02:00,간선하차,수도권HUB
1100000610,2026-06-07 17:02:00,배송출발,수도권HUB
1100000610,2026-06-07 22:02:00,배송완료,수도권HUB
1200000611,2026-06-08 22:29:00,집화처리,수도권HUB
1200000611,2026-06-09 10:29:00,간선상차,수도권HUB
1200000611,2026-06-09 19:29:00,간선하차,수도권HUB
1200000611,2026-06-10 13:29:00,배송출발,수도권HUB
1200000611,2026-06-11 05:29:00,배송완료,수도권HUB
2100000612,2026-05-21 02:41:00,집화처리,호남HUB
2100000612,2026-05-21 18:41:00,간선상차,호남HUB
2100000612,2026-05-21 21:41:00,간선하차,호남HUB
2100000612,2026-05-22 17:41:00,배송출발,호남HUB
2100000612,2026-05-23 01:41:00,배송완료,호남HUB
1100000613,2026-06-17 05:47:00,집화처리,영남HUB
1100000613,2026-06-17 15:47:00,간선상차,영남HUB
1100000613,2026-06-18 09:47:00,간선하차,영남HUB
1100000613,2026-06-18 15:47:00,배송출발,영남HUB
1100000613,2026-06-19 09:47:00,배송완료,영남HUB
2100000614,2026-05-19 02:32:00,집화처리,중부HUB
2100000614,2026-05-19 18:32:00,간선상차,중부HUB
2100000614,2026-05-20 10:32:00,간선하차,중부HUB
2100000614,2026-05-20 13:32:00,배송출발,중부HUB
2100000614,2026-05-20 22:32:00,배송완료,중부HUB
1200000615,2026-05-07 00:16:00,집화처리,중부HUB
1200000615,2026-05-07 10:16:00,간선상차,중부HUB
1200000615,2026-05-07 16:16:00,간선하차,중부HUB
1200000615,2026-05-07 23:16:00,배송출발,중부HUB
1200000615,2026-05-08 15:16:00,배송완료,중부HUB
4100000616,2026-07-02 03:42:00,집화처리,중부HUB
4100000616,2026-07-02 06:42:00,간선상차,중부HUB
4100000616,2026-07-02 09:42:00,간선하차,중부HUB
4100000616,2026-07-02 12:42:00,배송출발,중부HUB
4100000616,2026-07-03 07:42:00,배송완료,중부HUB
2100000617,2026-06-23 04:46:00,집화처리,영남HUB
2100000617,2026-06-23 12:46:00,간선상차,영남HUB
2100000617,2026-06-23 17:46:00,간선하차,영남HUB
2100000617,2026-06-24 08:46:00,배송출발,영남HUB
2100000617,2026-06-25 01:46:00,배송완료,영남HUB
3100000618,2026-06-30 06:37:00,집화처리,중부HUB
3100000618,2026-06-30 13:37:00,간선상차,중부HUB
3100000618,2026-06-30 19:37:00,간선하차,중부HUB
3100000618,2026-07-01 11:37:00,배송출발,중부HUB
3100000618,2026-07-01 19:37:00,배송완료,중부HUB
1200000619,2026-08-03 04:42:00,집화처리,수도권HUB
1200000619,2026-08-03 09:42:00,간선상차,수도권HUB
1200000619,2026-08-03 22:42:00,간선하차,수도권HUB
1200000619,2026-08-04 01:42:00,배송출발,수도권HUB
1200000619,2026-08-04 19:42:00,배송완료,수도권HUB
4100000620,2026-05-12 03:05:00,집화처리,중부HUB
4100000620,2026-05-12 15:05:00,간선상차,중부HUB
4100000620,2026-05-12 21:05:00,간선하차,중부HUB
4100000620,2026-05-13 05:05:00,배송출발,중부HUB
4100000620,2026-05-13 16:05:00,배송완료,중부HUB
2100000621,2026-07-08 02:49:00,집화처리,수도권HUB
2100000621,2026-07-08 14:49:00,간선상차,수도권HUB
2100000621,2026-07-08 18:49:00,간선하차,수도권HUB
2100000621,2026-07-09 09:49:00,배송출발,수도권HUB
2100000621,2026-07-09 20:49:00,배송완료,수도권HUB
1100000622,2026-05-19 01:04:00,집화처리,영남HUB
1100000622,2026-05-19 04:04:00,간선상차,영남HUB
1100000622,2026-05-20 00:04:00,간선하차,영남HUB
1100000622,2026-05-20 18:04:00,배송출발,영남HUB
1100000622,2026-05-21 03:04:00,배송완료,영남HUB
1100000623,2026-07-10 00:07:00,집화처리,수도권HUB
1100000623,2026-07-10 17:07:00,간선상차,수도권HUB
1100000623,2026-07-11 01:07:00,간선하차,수도권HUB
1100000623,2026-07-11 14:07:00,배송출발,수도권HUB
1100000623,2026-07-11 21:07:00,배송완료,수도권HUB
2100000624,2026-07-29 12:47:00,집화처리,수도권HUB
2100000624,2026-07-29 21:47:00,간선상차,수도권HUB
2100000624,2026-07-30 02:47:00,간선하차,수도권HUB
2100000624,2026-07-30 17:47:00,배송출발,수도권HUB
2100000624,2026-07-31 10:47:00,배송완료,수도권HUB
1200000625,2026-06-09 09:52:00,집화처리,호남HUB
1200000625,2026-06-09 17:52:00,간선상차,호남HUB
1200000625,2026-06-10 04:52:00,간선하차,호남HUB
1200000625,2026-06-10 10:52:00,배송출발,호남HUB
1200000625,2026-06-10 17:52:00,배송완료,호남HUB
1100000626,2026-06-06 00:58:00,집화처리,수도권HUB
1100000626,2026-06-06 16:58:00,간선상차,수도권HUB
1100000626,2026-06-07 11:58:00,간선하차,수도권HUB
1100000626,2026-06-07 16:58:00,배송출발,수도권HUB
1100000626,2026-06-08 01:58:00,배송완료,수도권HUB
4100000627,2026-07-25 01:46:00,집화처리,수도권HUB
4100000627,2026-07-25 07:46:00,간선상차,수도권HUB
4100000627,2026-07-25 17:46:00,간선하차,수도권HUB
4100000627,2026-07-26 00:46:00,배송출발,수도권HUB
4100000627,2026-07-26 03:46:00,배송완료,수도권HUB
3100000628,2026-05-12 05:34:00,집화처리,영남HUB
3100000628,2026-05-12 11:34:00,간선상차,영남HUB
3100000628,2026-05-12 21:34:00,간선하차,영남HUB
3100000628,2026-05-13 08:34:00,배송출발,영남HUB
3100000628,2026-05-14 04:34:00,배송완료,영남HUB
1100000629,2026-05-14 11:37:00,집화처리,중부HUB
1100000629,2026-05-14 18:37:00,간선상차,중부HUB
1100000629,2026-05-15 14:37:00,간선하차,중부HUB
1100000629,2026-05-16 05:37:00,배송출발,중부HUB
1100000629,2026-05-16 08:37:00,배송완료,중부HUB
1100000630,2026-07-07 16:07:00,집화처리,영남HUB
1100000630,2026-07-07 21:07:00,간선상차,영남HUB
1100000630,2026-07-08 04:07:00,간선하차,영남HUB
1100000630,2026-07-08 21:07:00,배송출발,영남HUB
1100000630,2026-07-09 02:07:00,배송완료,영남HUB
2100000631,2026-06-16 04:20:00,집화처리,수도권HUB
2100000631,2026-06-16 18:20:00,간선상차,수도권HUB
2100000631,2026-06-17 10:20:00,간선하차,수도권HUB
2100000631,2026-06-17 13:20:00,배송출발,수도권HUB
2100000631,2026-06-18 00:20:00,배송완료,수도권HUB
1200000632,2026-05-03 02:55:00,집화처리,수도권HUB
1200000632,2026-05-03 22:55:00,간선상차,수도권HUB
1200000632,2026-05-04 08:55:00,간선하차,수도권HUB
1200000632,2026-05-04 19:55:00,배송출발,수도권HUB
1200000632,2026-05-04 23:55:00,배송완료,수도권HUB
1200000633,2026-05-12 05:48:00,집화처리,영남HUB
1200000633,2026-05-12 19:48:00,간선상차,영남HUB
1200000633,2026-05-13 13:48:00,간선하차,영남HUB
1200000633,2026-05-14 02:48:00,배송출발,영남HUB
1200000633,2026-05-14 18:48:00,배송완료,영남HUB
1100000634,2026-05-31 17:46:00,집화처리,수도권HUB
1100000634,2026-06-01 04:46:00,간선상차,수도권HUB
1100000634,2026-06-01 17:46:00,간선하차,수도권HUB
1100000634,2026-06-01 21:46:00,배송출발,수도권HUB
1100000634,2026-06-02 09:46:00,배송완료,수도권HUB
3100000635,2026-05-17 12:01:00,집화처리,중부HUB
3100000635,2026-05-18 06:01:00,간선상차,중부HUB
3100000635,2026-05-18 16:01:00,간선하차,중부HUB
3100000635,2026-05-19 02:01:00,배송출발,중부HUB
3100000635,2026-05-19 14:01:00,배송완료,중부HUB
3100000636,2026-05-26 20:31:00,집화처리,영남HUB
3100000636,2026-05-27 01:31:00,간선상차,영남HUB
3100000636,2026-05-27 05:31:00,간선하차,영남HUB
3100000636,2026-05-27 13:31:00,배송출발,영남HUB
3100000636,2026-05-27 23:31:00,배송완료,영남HUB
4100000637,2026-07-31 23:26:00,집화처리,중부HUB
4100000637,2026-08-01 16:26:00,간선상차,중부HUB
4100000637,2026-08-02 12:26:00,간선하차,중부HUB
4100000637,2026-08-02 23:26:00,배송출발,중부HUB
4100000637,2026-08-03 19:26:00,배송완료,중부HUB
2100000638,2026-07-07 00:04:00,집화처리,영남HUB
2100000638,2026-07-07 20:04:00,간선상차,영남HUB
2100000638,2026-07-08 00:04:00,간선하차,영남HUB
2100000638,2026-07-08 19:04:00,배송출발,영남HUB
2100000638,2026-07-09 08:04:00,배송완료,영남HUB
1100000639,2026-07-14 08:07:00,집화처리,수도권HUB
1100000639,2026-07-14 16:07:00,간선상차,수도권HUB
1100000639,2026-07-15 03:07:00,간선하차,수도권HUB
1100000639,2026-07-15 06:07:00,배송출발,수도권HUB
1100000639,2026-07-15 16:07:00,배송완료,수도권HUB
4100000640,2026-07-17 06:34:00,집화처리,수도권HUB
4100000640,2026-07-18 02:34:00,간선상차,수도권HUB
4100000640,2026-07-18 06:34:00,간선하차,수도권HUB
4100000640,2026-07-18 21:34:00,배송출발,수도권HUB
4100000640,2026-07-19 17:34:00,배송완료,수도권HUB
1200000641,2026-06-08 21:08:00,집화처리,영남HUB
1200000641,2026-06-09 13:08:00,간선상차,영남HUB
1200000641,2026-06-10 02:08:00,간선하차,영남HUB
1200000641,2026-06-10 22:08:00,배송출발,영남HUB
1200000641,2026-06-11 08:08:00,배송완료,영남HUB
2100000642,2026-06-11 09:36:00,집화처리,중부HUB
2100000642,2026-06-11 18:36:00,간선상차,중부HUB
2100000642,2026-06-12 10:36:00,간선하차,중부HUB
2100000642,2026-06-12 18:36:00,배송출발,중부HUB
2100000642,2026-06-13 06:36:00,배송완료,중부HUB
1100000643,2026-07-15 08:24:00,집화처리,수도권HUB
1100000643,2026-07-15 16:24:00,간선상차,수도권HUB
1100000643,2026-07-16 11:24:00,간선하차,수도권HUB
1100000643,2026-07-17 07:24:00,배송출발,수도권HUB
1100000643,2026-07-17 15:24:00,배송완료,수도권HUB
1200000644,2026-06-14 15:05:00,집화처리,중부HUB
1200000644,2026-06-15 00:05:00,간선상차,중부HUB
1200000644,2026-06-15 12:05:00,간선하차,중부HUB
1200000644,2026-06-15 16:05:00,배송출발,중부HUB
1200000644,2026-06-15 21:05:00,배송완료,중부HUB
3100000645,2026-05-28 19:44:00,집화처리,호남HUB
3100000645,2026-05-29 04:44:00,간선상차,호남HUB
3100000645,2026-05-29 07:44:00,간선하차,호남HUB
3100000645,2026-05-29 11:44:00,배송출발,호남HUB
3100000645,2026-05-30 03:44:00,배송완료,호남HUB
3200000646,2026-08-04 06:13:00,집화처리,수도권HUB
3200000646,2026-08-04 23:13:00,간선상차,수도권HUB
3200000646,2026-08-05 12:13:00,간선하차,수도권HUB
3200000646,2026-08-06 05:13:00,배송출발,수도권HUB
2100000647,2026-05-06 04:31:00,집화처리,제주HUB
2100000647,2026-05-06 11:31:00,간선상차,제주HUB
2100000647,2026-05-06 20:31:00,간선하차,제주HUB
2100000647,2026-05-07 04:31:00,배송출발,제주HUB
2100000647,2026-05-07 21:31:00,배송완료,제주HUB
2100000648,2026-07-24 11:12:00,집화처리,호남HUB
2100000648,2026-07-24 20:12:00,간선상차,호남HUB
2100000648,2026-07-25 10:12:00,간선하차,호남HUB
2100000648,2026-07-26 01:12:00,배송출발,호남HUB
2100000648,2026-07-26 20:12:00,배송완료,호남HUB
1200000649,2026-05-05 23:43:00,집화처리,수도권HUB
1200000649,2026-05-06 04:43:00,간선상차,수도권HUB
1200000649,2026-05-06 15:43:00,간선하차,수도권HUB
1200000649,2026-05-07 10:43:00,배송출발,수도권HUB
1200000649,2026-05-07 22:43:00,배송완료,수도권HUB
2100000650,2026-07-10 20:11:00,집화처리,중부HUB
2100000650,2026-07-11 04:11:00,간선상차,중부HUB
2100000650,2026-07-11 11:11:00,간선하차,중부HUB
2100000650,2026-07-12 00:11:00,배송출발,중부HUB
2100000650,2026-07-12 05:11:00,배송완료,중부HUB
4100000651,2026-05-11 20:26:00,집화처리,영남HUB
4100000651,2026-05-12 04:26:00,간선상차,영남HUB
4100000651,2026-05-12 19:26:00,간선하차,영남HUB
4100000651,2026-05-13 04:26:00,배송출발,영남HUB
4100000651,2026-05-13 07:26:00,배송완료,영남HUB
4100000652,2026-06-08 16:53:00,집화처리,수도권HUB
4100000652,2026-06-09 01:53:00,간선상차,수도권HUB
4100000652,2026-06-09 12:53:00,간선하차,수도권HUB
4100000652,2026-06-09 19:53:00,배송출발,수도권HUB
4100000652,2026-06-10 10:53:00,배송완료,수도권HUB
1100000653,2026-05-07 07:17:00,집화처리,수도권HUB
1100000653,2026-05-08 02:17:00,간선상차,수도권HUB
1100000653,2026-05-08 16:17:00,간선하차,수도권HUB
1100000653,2026-05-09 04:17:00,배송출발,수도권HUB
1100000653,2026-05-09 20:17:00,배송완료,수도권HUB
1200000654,2026-06-04 10:45:00,집화처리,수도권HUB
1200000654,2026-06-04 13:45:00,간선상차,수도권HUB
1200000654,2026-06-04 16:45:00,간선하차,수도권HUB
1200000654,2026-06-05 05:45:00,배송출발,수도권HUB
1200000654,2026-06-05 16:45:00,배송완료,수도권HUB
4100000655,2026-06-30 05:43:00,집화처리,영남HUB
4100000655,2026-06-30 22:43:00,간선상차,영남HUB
4100000655,2026-07-01 13:43:00,간선하차,영남HUB
4100000655,2026-07-01 23:43:00,배송출발,영남HUB
4100000655,2026-07-02 12:43:00,배송완료,영남HUB
4100000656,2026-05-06 04:03:00,집화처리,수도권HUB
4100000656,2026-05-06 17:03:00,간선상차,수도권HUB
4100000656,2026-05-07 12:03:00,간선하차,수도권HUB
4100000656,2026-05-07 15:03:00,배송출발,수도권HUB
4100000656,2026-05-08 03:03:00,배송완료,수도권HUB
4100000657,2026-07-23 07:04:00,집화처리,영남HUB
4100000657,2026-07-23 16:04:00,간선상차,영남HUB
4100000657,2026-07-24 09:04:00,간선하차,영남HUB
4100000657,2026-07-24 17:04:00,배송출발,영남HUB
4100000657,2026-07-25 07:04:00,배송완료,영남HUB
4100000658,2026-05-28 05:08:00,집화처리,영남HUB
4100000658,2026-05-29 01:08:00,간선상차,영남HUB
4100000658,2026-05-29 10:08:00,간선하차,영남HUB
4100000658,2026-05-30 05:08:00,배송출발,영남HUB
4100000658,2026-05-30 21:08:00,배송완료,영남HUB
4100000659,2026-05-07 03:00:00,집화처리,호남HUB
4100000659,2026-05-07 19:00:00,간선상차,호남HUB
4100000659,2026-05-08 01:00:00,간선하차,호남HUB
4100000659,2026-05-08 04:00:00,배송출발,호남HUB
4100000659,2026-05-08 14:00:00,배송완료,호남HUB
1100000660,2026-05-12 02:48:00,집화처리,수도권HUB
1100000660,2026-05-12 14:48:00,간선상차,수도권HUB
1100000660,2026-05-13 06:48:00,간선하차,수도권HUB
1100000660,2026-05-13 23:48:00,배송출발,수도권HUB
1100000660,2026-05-14 17:48:00,배송완료,수도권HUB
3200000661,2026-05-12 03:39:00,집화처리,영남HUB
3200000661,2026-05-12 21:39:00,간선상차,영남HUB
3200000661,2026-05-13 03:39:00,간선하차,영남HUB
3200000661,2026-05-13 23:39:00,배송출발,영남HUB
3200000661,2026-05-14 09:39:00,배송완료,영남HUB
3100000662,2026-06-30 19:10:00,집화처리,수도권HUB
3100000662,2026-07-01 09:10:00,간선상차,수도권HUB
3100000662,2026-07-01 14:10:00,간선하차,수도권HUB
3100000662,2026-07-02 03:10:00,배송출발,수도권HUB
3100000662,2026-07-02 19:10:00,배송완료,수도권HUB
2100000663,2026-05-01 21:44:00,집화처리,영남HUB
2100000663,2026-05-02 17:44:00,간선상차,영남HUB
2100000663,2026-05-02 22:44:00,간선하차,영남HUB
2100000663,2026-05-03 07:44:00,배송출발,영남HUB
2100000663,2026-05-04 01:44:00,배송완료,영남HUB
3100000664,2026-06-03 16:56:00,집화처리,중부HUB
3100000664,2026-06-04 03:56:00,간선상차,중부HUB
3100000664,2026-06-04 13:56:00,간선하차,중부HUB
3100000664,2026-06-05 00:56:00,배송출발,중부HUB
3100000664,2026-06-05 15:56:00,배송완료,중부HUB
1200000665,2026-05-12 07:14:00,집화처리,중부HUB
1200000665,2026-05-12 18:14:00,간선상차,중부HUB
1200000665,2026-05-13 06:14:00,간선하차,중부HUB
1200000665,2026-05-13 16:14:00,배송출발,중부HUB
1200000665,2026-05-14 12:14:00,배송완료,중부HUB
1100000666,2026-07-04 00:47:00,집화처리,영남HUB
1100000666,2026-07-04 08:47:00,간선상차,영남HUB
1100000666,2026-07-05 02:47:00,간선하차,영남HUB
1100000666,2026-07-05 14:47:00,배송출발,영남HUB
1100000666,2026-07-06 05:47:00,배송완료,영남HUB
4100000667,2026-06-07 03:26:00,집화처리,수도권HUB
4100000667,2026-06-07 13:26:00,간선상차,수도권HUB
4100000667,2026-06-07 20:26:00,간선하차,수도권HUB
4100000667,2026-06-08 01:26:00,배송출발,수도권HUB
4100000667,2026-06-08 09:26:00,배송완료,수도권HUB
4100000668,2026-05-30 03:33:00,집화처리,중부HUB
4100000668,2026-05-30 21:33:00,간선상차,중부HUB
4100000668,2026-05-31 08:33:00,간선하차,중부HUB
4100000668,2026-05-31 23:33:00,배송출발,중부HUB
4100000668,2026-06-01 09:33:00,배송완료,중부HUB
2100000669,2026-06-05 22:37:00,집화처리,영남HUB
2100000669,2026-06-06 15:37:00,간선상차,영남HUB
2100000669,2026-06-06 18:37:00,간선하차,영남HUB
2100000669,2026-06-07 14:37:00,배송출발,영남HUB
2100000669,2026-06-08 03:37:00,배송완료,영남HUB
1100000670,2026-08-03 09:35:00,집화처리,영남HUB
1100000670,2026-08-03 12:35:00,간선상차,영남HUB
1100000670,2026-08-03 20:35:00,간선하차,영남HUB
1100000670,2026-08-04 10:35:00,배송출발,영남HUB
1100000670,2026-08-05 06:35:00,배송완료,영남HUB
1100000671,2026-07-31 22:40:00,집화처리,수도권HUB
1100000671,2026-08-01 02:40:00,간선상차,수도권HUB
1100000671,2026-08-01 13:40:00,간선하차,수도권HUB
1100000671,2026-08-01 21:40:00,배송출발,수도권HUB
1100000671,2026-08-02 06:40:00,배송완료,수도권HUB
3100000672,2026-06-11 05:21:00,집화처리,중부HUB
3100000672,2026-06-11 15:21:00,간선상차,중부HUB
3100000672,2026-06-12 03:21:00,간선하차,중부HUB
3100000672,2026-06-12 16:21:00,배송출발,중부HUB
3100000672,2026-06-13 06:21:00,배송완료,중부HUB
2100000673,2026-06-13 05:54:00,집화처리,영남HUB
2100000673,2026-06-13 23:54:00,간선상차,영남HUB
2100000673,2026-06-14 04:54:00,간선하차,영남HUB
2100000673,2026-06-14 09:54:00,배송출발,영남HUB
2100000673,2026-06-15 03:54:00,배송완료,영남HUB
1200000674,2026-05-12 21:23:00,집화처리,수도권HUB
1200000674,2026-05-13 14:23:00,간선상차,수도권HUB
1200000674,2026-05-14 05:23:00,간선하차,수도권HUB
1200000674,2026-05-14 16:23:00,배송출발,수도권HUB
1200000674,2026-05-15 12:23:00,배송완료,수도권HUB
1100000675,2026-05-06 22:52:00,집화처리,수도권HUB
1100000675,2026-05-07 08:52:00,간선상차,수도권HUB
1100000675,2026-05-07 19:52:00,간선하차,수도권HUB
1100000675,2026-05-08 14:52:00,배송출발,수도권HUB
1100000675,2026-05-09 03:52:00,배송완료,수도권HUB
3100000676,2026-07-14 08:57:00,집화처리,수도권HUB
3100000676,2026-07-14 21:57:00,간선상차,수도권HUB
3100000676,2026-07-15 00:57:00,간선하차,수도권HUB
3100000676,2026-07-15 14:57:00,배송출발,수도권HUB
3100000676,2026-07-16 05:57:00,배송완료,수도권HUB
2100000677,2026-05-23 09:54:00,집화처리,수도권HUB
2100000677,2026-05-23 17:54:00,간선상차,수도권HUB
2100000677,2026-05-24 09:54:00,간선하차,수도권HUB
2100000677,2026-05-24 14:54:00,배송출발,수도권HUB
2100000677,2026-05-25 05:54:00,배송완료,수도권HUB
1200000678,2026-07-15 05:43:00,집화처리,수도권HUB
1200000678,2026-07-15 22:43:00,간선상차,수도권HUB
1200000678,2026-07-16 05:43:00,간선하차,수도권HUB
1200000678,2026-07-16 18:43:00,배송출발,수도권HUB
1200000678,2026-07-17 10:43:00,배송완료,수도권HUB
2100000679,2026-06-10 07:44:00,집화처리,중부HUB
2100000679,2026-06-11 02:44:00,간선상차,중부HUB
2100000679,2026-06-11 13:44:00,간선하차,중부HUB
2100000679,2026-06-12 05:44:00,배송출발,중부HUB
2100000679,2026-06-12 17:44:00,배송완료,중부HUB
2100000680,2026-05-27 05:11:00,집화처리,영남HUB
2100000680,2026-05-27 21:11:00,간선상차,영남HUB
2100000680,2026-05-28 06:11:00,간선하차,영남HUB
2100000680,2026-05-28 16:11:00,배송출발,영남HUB
2100000680,2026-05-29 00:11:00,배송완료,영남HUB
1100000681,2026-06-23 02:40:00,집화처리,중부HUB
1100000681,2026-06-23 07:40:00,간선상차,중부HUB
1100000681,2026-06-23 17:40:00,간선하차,중부HUB
1100000681,2026-06-24 08:40:00,배송출발,중부HUB
1100000681,2026-06-24 14:40:00,배송완료,중부HUB
1100000682,2026-07-25 01:22:00,집화처리,수도권HUB
1100000682,2026-07-25 14:22:00,간선상차,수도권HUB
1100000682,2026-07-26 04:22:00,간선하차,수도권HUB
1100000682,2026-07-26 23:22:00,배송출발,수도권HUB
1100000682,2026-07-27 02:22:00,배송완료,수도권HUB
4100000683,2026-05-22 11:09:00,집화처리,중부HUB
4100000683,2026-05-23 03:09:00,간선상차,중부HUB
4100000683,2026-05-23 21:09:00,간선하차,중부HUB
4100000683,2026-05-24 01:09:00,배송출발,중부HUB
4100000683,2026-05-24 04:09:00,배송완료,중부HUB
4100000684,2026-08-01 07:56:00,집화처리,수도권HUB
4100000684,2026-08-02 00:56:00,간선상차,수도권HUB
4100000684,2026-08-02 17:56:00,간선하차,수도권HUB
4100000684,2026-08-03 01:56:00,배송출발,수도권HUB
4100000684,2026-08-03 16:56:00,배송완료,수도권HUB
1100000685,2026-06-02 04:52:00,집화처리,영남HUB
1100000685,2026-06-02 15:52:00,간선상차,영남HUB
1100000685,2026-06-02 22:52:00,간선하차,영남HUB
1100000685,2026-06-03 12:52:00,배송출발,영남HUB
1100000685,2026-06-04 04:52:00,배송완료,영남HUB
1100000686,2026-07-03 00:16:00,집화처리,수도권HUB
1100000686,2026-07-03 17:16:00,간선상차,수도권HUB
1100000686,2026-07-04 05:16:00,간선하차,수도권HUB
1100000686,2026-07-04 08:16:00,배송출발,수도권HUB
1100000686,2026-07-04 22:16:00,배송완료,수도권HUB
2100000687,2026-05-08 18:42:00,집화처리,수도권HUB
2100000687,2026-05-09 13:42:00,간선상차,수도권HUB
2100000687,2026-05-10 05:42:00,간선하차,수도권HUB
2100000687,2026-05-10 10:42:00,배송출발,수도권HUB
2100000687,2026-05-10 21:42:00,배송완료,수도권HUB
3100000688,2026-05-27 23:55:00,집화처리,호남HUB
3100000688,2026-05-28 16:55:00,간선상차,호남HUB
3100000688,2026-05-29 00:55:00,간선하차,호남HUB
3100000688,2026-05-29 20:55:00,배송출발,호남HUB
3100000688,2026-05-30 11:55:00,배송완료,호남HUB
3100000689,2026-06-20 00:41:00,집화처리,수도권HUB
3100000689,2026-06-20 08:41:00,간선상차,수도권HUB
3100000689,2026-06-20 21:41:00,간선하차,수도권HUB
3100000689,2026-06-21 10:41:00,배송출발,수도권HUB
3100000689,2026-06-21 20:41:00,배송완료,수도권HUB
4100000690,2026-06-02 04:59:00,집화처리,수도권HUB
4100000690,2026-06-02 11:59:00,간선상차,수도권HUB
4100000690,2026-06-03 03:59:00,간선하차,수도권HUB
4100000690,2026-06-03 09:59:00,배송출발,수도권HUB
4100000690,2026-06-03 23:59:00,배송완료,수도권HUB
3100000691,2026-05-13 00:30:00,집화처리,영남HUB
3100000691,2026-05-13 09:30:00,간선상차,영남HUB
3100000691,2026-05-14 00:30:00,간선하차,영남HUB
3100000691,2026-05-14 04:30:00,배송출발,영남HUB
3100000691,2026-05-14 08:30:00,배송완료,영남HUB
1200000692,2026-06-17 04:04:00,집화처리,영남HUB
1200000692,2026-06-17 21:04:00,간선상차,영남HUB
1200000692,2026-06-18 01:04:00,간선하차,영남HUB
1200000692,2026-06-18 07:04:00,배송출발,영남HUB
1200000692,2026-06-18 13:04:00,배송완료,영남HUB
1100000693,2026-07-21 03:36:00,집화처리,영남HUB
1100000693,2026-07-21 14:36:00,간선상차,영남HUB
1100000693,2026-07-21 21:36:00,간선하차,영남HUB
1100000693,2026-07-22 11:36:00,배송출발,영남HUB
1100000693,2026-07-22 17:36:00,배송완료,영남HUB
2100000694,2026-07-25 09:44:00,집화처리,수도권HUB
2100000694,2026-07-25 22:44:00,간선상차,수도권HUB
2100000694,2026-07-26 14:44:00,간선하차,수도권HUB
2100000694,2026-07-26 18:44:00,배송출발,수도권HUB
2100000694,2026-07-26 22:44:00,배송완료,수도권HUB
1100000695,2026-05-04 16:38:00,집화처리,영남HUB
1100000695,2026-05-05 06:38:00,간선상차,영남HUB
1100000695,2026-05-05 23:38:00,간선하차,영남HUB
1100000695,2026-05-06 15:38:00,배송출발,영남HUB
1100000695,2026-05-06 23:38:00,배송완료,영남HUB
3100000696,2026-05-09 18:13:00,집화처리,수도권HUB
3100000696,2026-05-10 08:13:00,간선상차,수도권HUB
3100000696,2026-05-10 16:13:00,간선하차,수도권HUB
3100000696,2026-05-10 20:13:00,배송출발,수도권HUB
3100000696,2026-05-11 05:13:00,배송완료,수도권HUB
1100000697,2026-06-02 00:18:00,집화처리,영남HUB
1100000697,2026-06-02 15:18:00,간선상차,영남HUB
1100000697,2026-06-03 00:18:00,간선하차,영남HUB
1100000697,2026-06-03 04:18:00,배송출발,영남HUB
1100000697,2026-06-03 09:18:00,배송완료,영남HUB
1100000698,2026-08-01 05:40:00,집화처리,영남HUB
1100000698,2026-08-01 17:40:00,간선상차,영남HUB
1100000698,2026-08-02 07:40:00,간선하차,영남HUB
1100000698,2026-08-02 10:40:00,배송출발,영남HUB
1100000698,2026-08-02 23:40:00,배송완료,영남HUB
3200000699,2026-06-04 21:37:00,집화처리,중부HUB
3200000699,2026-06-05 05:37:00,간선상차,중부HUB
3200000699,2026-06-05 21:37:00,간선하차,중부HUB
3200000699,2026-06-06 12:37:00,배송출발,중부HUB
3200000699,2026-06-07 00:37:00,배송완료,중부HUB
1200000700,2026-06-27 06:16:00,집화처리,호남HUB
1200000700,2026-06-27 18:16:00,간선상차,호남HUB
1200000700,2026-06-28 02:16:00,간선하차,호남HUB
1200000700,2026-06-28 10:16:00,배송출발,호남HUB
1200000700,2026-06-28 23:16:00,배송완료,호남HUB
2100000701,2026-06-30 10:32:00,집화처리,중부HUB
2100000701,2026-06-30 23:32:00,간선상차,중부HUB
2100000701,2026-07-01 19:32:00,간선하차,중부HUB
2100000701,2026-07-02 03:32:00,배송출발,중부HUB
2100000701,2026-07-02 18:32:00,배송완료,중부HUB
1100000702,2026-07-28 07:28:00,집화처리,수도권HUB
1100000702,2026-07-28 10:28:00,간선상차,수도권HUB
1100000702,2026-07-28 22:28:00,간선하차,수도권HUB
1100000702,2026-07-29 07:28:00,배송출발,수도권HUB
1100000702,2026-07-29 20:28:00,배송완료,수도권HUB
1200000703,2026-07-14 04:17:00,집화처리,영남HUB
1200000703,2026-07-14 13:17:00,간선상차,영남HUB
1200000703,2026-07-14 16:17:00,간선하차,영남HUB
1200000703,2026-07-14 19:17:00,배송출발,영남HUB
1200000703,2026-07-15 02:17:00,배송완료,영남HUB
1200000704,2026-05-04 21:07:00,집화처리,영남HUB
1200000704,2026-05-05 16:07:00,간선상차,영남HUB
1200000704,2026-05-06 06:07:00,간선하차,영남HUB
1200000704,2026-05-07 01:07:00,배송출발,영남HUB
1200000704,2026-05-07 11:07:00,배송완료,영남HUB
3100000705,2026-07-04 09:53:00,집화처리,수도권HUB
3100000705,2026-07-05 05:53:00,간선상차,수도권HUB
3100000705,2026-07-05 16:53:00,간선하차,수도권HUB
3100000705,2026-07-05 19:53:00,배송출발,수도권HUB
3100000705,2026-07-06 05:53:00,배송완료,수도권HUB
1200000706,2026-06-06 09:18:00,집화처리,영남HUB
1200000706,2026-06-06 19:18:00,간선상차,영남HUB
1200000706,2026-06-06 23:18:00,간선하차,영남HUB
1200000706,2026-06-07 10:18:00,배송출발,영남HUB
1200000706,2026-06-07 18:18:00,배송완료,영남HUB
1200000707,2026-07-27 06:14:00,집화처리,중부HUB
1200000707,2026-07-27 18:14:00,간선상차,중부HUB
1200000707,2026-07-28 04:14:00,간선하차,중부HUB
1200000707,2026-07-28 23:14:00,배송출발,중부HUB
1200000707,2026-07-29 18:14:00,배송완료,중부HUB
1100000708,2026-05-26 00:24:00,집화처리,호남HUB
1100000708,2026-05-26 05:24:00,간선상차,호남HUB
1100000708,2026-05-26 20:24:00,간선하차,호남HUB
1100000708,2026-05-27 03:24:00,배송출발,호남HUB
1100000708,2026-05-27 17:24:00,배송완료,호남HUB
2100000709,2026-06-05 03:59:00,집화처리,수도권HUB
2100000709,2026-06-05 10:59:00,간선상차,수도권HUB
2100000709,2026-06-05 13:59:00,간선하차,수도권HUB
2100000709,2026-06-06 06:59:00,배송출발,수도권HUB
2100000709,2026-06-06 19:59:00,배송완료,수도권HUB
1100000710,2026-06-10 01:58:00,집화처리,중부HUB
1100000710,2026-06-10 14:58:00,간선상차,중부HUB
1100000710,2026-06-11 02:58:00,간선하차,중부HUB
1100000710,2026-06-11 12:58:00,배송출발,중부HUB
1100000710,2026-06-12 00:58:00,배송완료,중부HUB
1100000711,2026-05-05 04:57:00,집화처리,제주HUB
1100000711,2026-05-05 07:57:00,간선상차,제주HUB
1100000711,2026-05-05 12:57:00,간선하차,제주HUB
1100000711,2026-05-05 21:57:00,배송출발,제주HUB
1100000711,2026-05-06 16:57:00,배송완료,제주HUB
1200000712,2026-05-23 12:19:00,집화처리,수도권HUB
1200000712,2026-05-24 07:19:00,간선상차,수도권HUB
1200000712,2026-05-25 02:19:00,간선하차,수도권HUB
1200000712,2026-05-25 14:19:00,배송출발,수도권HUB
1200000712,2026-05-25 20:19:00,배송완료,수도권HUB
1200000713,2026-07-02 18:16:00,집화처리,영남HUB
1200000713,2026-07-03 09:16:00,간선상차,영남HUB
1200000713,2026-07-03 15:16:00,간선하차,영남HUB
1200000713,2026-07-03 21:16:00,배송출발,영남HUB
1200000713,2026-07-04 02:16:00,배송완료,영남HUB
2100000714,2026-07-15 11:59:00,집화처리,수도권HUB
2100000714,2026-07-16 00:59:00,간선상차,수도권HUB
2100000714,2026-07-16 03:59:00,간선하차,수도권HUB
2100000714,2026-07-16 15:59:00,배송출발,수도권HUB
2100000714,2026-07-17 05:59:00,배송완료,수도권HUB
1100000715,2026-05-20 18:02:00,집화처리,중부HUB
1100000715,2026-05-21 13:02:00,간선상차,중부HUB
1100000715,2026-05-21 21:02:00,간선하차,중부HUB
1100000715,2026-05-22 17:02:00,배송출발,중부HUB
1100000715,2026-05-23 13:02:00,배송완료,중부HUB
3100000716,2026-07-06 20:37:00,집화처리,중부HUB
3100000716,2026-07-07 13:37:00,간선상차,중부HUB
3100000716,2026-07-08 00:37:00,간선하차,중부HUB
3100000716,2026-07-08 20:37:00,배송출발,중부HUB
3100000716,2026-07-09 13:37:00,배송완료,중부HUB
1100000717,2026-07-06 23:49:00,집화처리,영남HUB
1100000717,2026-07-07 15:49:00,간선상차,영남HUB
1100000717,2026-07-07 23:49:00,간선하차,영남HUB
1100000717,2026-07-08 15:49:00,배송출발,영남HUB
1100000717,2026-07-09 05:49:00,배송완료,영남HUB
1100000718,2026-05-22 03:48:00,집화처리,영남HUB
1100000718,2026-05-22 20:48:00,간선상차,영남HUB
1100000718,2026-05-22 23:48:00,간선하차,영남HUB
1100000718,2026-05-23 03:48:00,배송출발,영남HUB
1100000718,2026-05-23 11:48:00,배송완료,영남HUB
4100000719,2026-05-18 20:25:00,집화처리,수도권HUB
4100000719,2026-05-19 15:25:00,간선상차,수도권HUB
4100000719,2026-05-20 01:25:00,간선하차,수도권HUB
4100000719,2026-05-20 21:25:00,배송출발,수도권HUB
4100000719,2026-05-21 01:25:00,배송완료,수도권HUB
1100000720,2026-07-03 04:51:00,집화처리,수도권HUB
1100000720,2026-07-03 19:51:00,간선상차,수도권HUB
1100000720,2026-07-04 03:51:00,간선하차,수도권HUB
1100000720,2026-07-04 14:51:00,배송출발,수도권HUB
1100000720,2026-07-05 09:51:00,배송완료,수도권HUB
3200000721,2026-06-01 07:26:00,집화처리,호남HUB
3200000721,2026-06-01 20:26:00,간선상차,호남HUB
3200000721,2026-06-02 11:26:00,간선하차,호남HUB
3200000721,2026-06-03 07:26:00,배송출발,호남HUB
3200000721,2026-06-03 21:26:00,배송완료,호남HUB
1200000722,2026-08-04 01:34:00,집화처리,영남HUB
1200000722,2026-08-04 19:34:00,간선상차,영남HUB
1200000722,2026-08-04 23:34:00,간선하차,영남HUB
1200000722,2026-08-05 16:34:00,배송출발,영남HUB
4100000723,2026-06-08 23:49:00,집화처리,중부HUB
4100000723,2026-06-09 07:49:00,간선상차,중부HUB
4100000723,2026-06-09 11:49:00,간선하차,중부HUB
4100000723,2026-06-09 20:49:00,배송출발,중부HUB
4100000723,2026-06-10 06:49:00,배송완료,중부HUB
3100000724,2026-08-04 10:41:00,집화처리,중부HUB
3100000724,2026-08-04 18:41:00,간선상차,중부HUB
3100000724,2026-08-05 03:41:00,간선하차,중부HUB
3100000724,2026-08-05 13:41:00,배송출발,중부HUB
4100000725,2026-05-05 01:54:00,집화처리,영남HUB
4100000725,2026-05-05 15:54:00,간선상차,영남HUB
4100000725,2026-05-05 22:54:00,간선하차,영남HUB
4100000725,2026-05-06 16:54:00,배송출발,영남HUB
4100000725,2026-05-07 12:54:00,배송완료,영남HUB
1100000726,2026-05-26 11:46:00,집화처리,영남HUB
1100000726,2026-05-27 05:46:00,간선상차,영남HUB
1100000726,2026-05-28 00:46:00,간선하차,영남HUB
1100000726,2026-05-28 05:46:00,배송출발,영남HUB
1100000726,2026-05-28 15:46:00,배송완료,영남HUB
2100000727,2026-05-22 00:43:00,집화처리,수도권HUB
2100000727,2026-05-22 13:43:00,간선상차,수도권HUB
2100000727,2026-05-22 16:43:00,간선하차,수도권HUB
2100000727,2026-05-23 01:43:00,배송출발,수도권HUB
2100000727,2026-05-23 15:43:00,배송완료,수도권HUB
1100000728,2026-06-13 12:53:00,집화처리,호남HUB
1100000728,2026-06-14 02:53:00,간선상차,호남HUB
1100000728,2026-06-14 16:53:00,간선하차,호남HUB
1100000728,2026-06-15 09:53:00,배송출발,호남HUB
1100000728,2026-06-15 23:53:00,배송완료,호남HUB
2100000729,2026-05-15 22:53:00,집화처리,수도권HUB
2100000729,2026-05-16 13:53:00,간선상차,수도권HUB
2100000729,2026-05-16 21:53:00,간선하차,수도권HUB
2100000729,2026-05-17 06:53:00,배송출발,수도권HUB
2100000729,2026-05-17 17:53:00,배송완료,수도권HUB
1100000730,2026-06-09 02:27:00,집화처리,수도권HUB
1100000730,2026-06-09 15:27:00,간선상차,수도권HUB
1100000730,2026-06-10 00:27:00,간선하차,수도권HUB
1100000730,2026-06-10 06:27:00,배송출발,수도권HUB
1100000730,2026-06-10 12:27:00,배송완료,수도권HUB
1200000731,2026-05-14 06:35:00,집화처리,수도권HUB
1200000731,2026-05-14 09:35:00,간선상차,수도권HUB
1200000731,2026-05-14 20:35:00,간선하차,수도권HUB
1200000731,2026-05-15 07:35:00,배송출발,수도권HUB
1200000731,2026-05-16 03:35:00,배송완료,수도권HUB
1200000732,2026-05-20 23:14:00,집화처리,영남HUB
1200000732,2026-05-21 07:14:00,간선상차,영남HUB
1200000732,2026-05-22 01:14:00,간선하차,영남HUB
1200000732,2026-05-22 20:14:00,배송출발,영남HUB
1200000732,2026-05-23 13:14:00,배송완료,영남HUB
3200000733,2026-07-30 19:22:00,집화처리,수도권HUB
3200000733,2026-07-31 14:22:00,간선상차,수도권HUB
3200000733,2026-08-01 03:22:00,간선하차,수도권HUB
3200000733,2026-08-01 15:22:00,배송출발,수도권HUB
3200000733,2026-08-01 21:22:00,배송완료,수도권HUB
3100000734,2026-06-30 01:42:00,집화처리,수도권HUB
3100000734,2026-06-30 05:42:00,간선상차,수도권HUB
3100000734,2026-06-30 23:42:00,간선하차,수도권HUB
3100000734,2026-07-01 18:42:00,배송출발,수도권HUB
3100000734,2026-07-02 09:42:00,배송완료,수도권HUB
1200000735,2026-05-05 01:35:00,집화처리,영남HUB
1200000735,2026-05-05 19:35:00,간선상차,영남HUB
1200000735,2026-05-06 03:35:00,간선하차,영남HUB
1200000735,2026-05-06 07:35:00,배송출발,영남HUB
1200000735,2026-05-06 21:35:00,배송완료,영남HUB
1200000736,2026-07-03 10:15:00,집화처리,수도권HUB
1200000736,2026-07-04 00:15:00,간선상차,수도권HUB
1200000736,2026-07-04 15:15:00,간선하차,수도권HUB
1200000736,2026-07-05 07:15:00,배송출발,수도권HUB
1200000736,2026-07-05 11:15:00,배송완료,수도권HUB
2100000737,2026-05-27 01:42:00,집화처리,중부HUB
2100000737,2026-05-27 13:42:00,간선상차,중부HUB
2100000737,2026-05-27 19:42:00,간선하차,중부HUB
2100000737,2026-05-28 08:42:00,배송출발,중부HUB
2100000737,2026-05-28 15:42:00,배송완료,중부HUB
2100000738,2026-06-24 00:43:00,집화처리,영남HUB
2100000738,2026-06-24 14:43:00,간선상차,영남HUB
2100000738,2026-06-24 23:43:00,간선하차,영남HUB
2100000738,2026-06-25 14:43:00,배송출발,영남HUB
2100000738,2026-06-26 04:43:00,배송완료,영남HUB
1100000739,2026-05-27 05:32:00,집화처리,중부HUB
1100000739,2026-05-27 17:32:00,간선상차,중부HUB
1100000739,2026-05-27 20:32:00,간선하차,중부HUB
1100000739,2026-05-28 08:32:00,배송출발,중부HUB
1100000739,2026-05-28 14:32:00,배송완료,중부HUB
4100000740,2026-07-24 11:20:00,집화처리,영남HUB
4100000740,2026-07-24 23:20:00,간선상차,영남HUB
4100000740,2026-07-25 11:20:00,간선하차,영남HUB
4100000740,2026-07-26 00:20:00,배송출발,영남HUB
4100000740,2026-07-26 12:20:00,배송완료,영남HUB
1200000741,2026-06-06 02:09:00,집화처리,중부HUB
1200000741,2026-06-06 10:09:00,간선상차,중부HUB
1200000741,2026-06-06 23:09:00,간선하차,중부HUB
1200000741,2026-06-07 15:09:00,배송출발,중부HUB
1200000741,2026-06-07 23:09:00,배송완료,중부HUB
2100000742,2026-07-01 20:36:00,집화처리,영남HUB
2100000742,2026-07-01 23:36:00,간선상차,영남HUB
2100000742,2026-07-02 15:36:00,간선하차,영남HUB
2100000742,2026-07-02 18:36:00,배송출발,영남HUB
2100000742,2026-07-03 03:36:00,배송완료,영남HUB
1100000743,2026-06-10 12:57:00,집화처리,호남HUB
1100000743,2026-06-10 21:57:00,간선상차,호남HUB
1100000743,2026-06-11 03:57:00,간선하차,호남HUB
1100000743,2026-06-11 11:57:00,배송출발,호남HUB
1100000743,2026-06-12 02:57:00,배송완료,호남HUB
1100000744,2026-07-13 15:43:00,집화처리,수도권HUB
1100000744,2026-07-14 04:43:00,간선상차,수도권HUB
1100000744,2026-07-14 18:43:00,간선하차,수도권HUB
1100000744,2026-07-15 14:43:00,배송출발,수도권HUB
1100000744,2026-07-16 03:43:00,배송완료,수도권HUB
3100000745,2026-06-06 05:52:00,집화처리,영남HUB
3100000745,2026-06-07 01:52:00,간선상차,영남HUB
3100000745,2026-06-07 20:52:00,간선하차,영남HUB
3100000745,2026-06-08 02:52:00,배송출발,영남HUB
3100000745,2026-06-08 13:52:00,배송완료,영남HUB
1100000746,2026-08-04 00:01:00,집화처리,중부HUB
1100000746,2026-08-04 03:01:00,간선상차,중부HUB
1100000746,2026-08-04 08:01:00,간선하차,중부HUB
1100000746,2026-08-05 02:01:00,배송출발,중부HUB
1100000746,2026-08-05 20:01:00,배송완료,중부HUB
4100000747,2026-07-21 13:25:00,집화처리,영남HUB
4100000747,2026-07-22 05:25:00,간선상차,영남HUB
4100000747,2026-07-23 00:25:00,간선하차,영남HUB
4100000747,2026-07-23 10:25:00,배송출발,영남HUB
4100000747,2026-07-23 18:25:00,배송완료,영남HUB
2100000748,2026-05-29 00:44:00,집화처리,수도권HUB
2100000748,2026-05-29 06:44:00,간선상차,수도권HUB
2100000748,2026-05-29 23:44:00,간선하차,수도권HUB
2100000748,2026-05-30 04:44:00,배송출발,수도권HUB
2100000748,2026-05-30 22:44:00,배송완료,수도권HUB
1100000749,2026-07-22 13:13:00,집화처리,호남HUB
1100000749,2026-07-22 16:13:00,간선상차,호남HUB
1100000749,2026-07-23 04:13:00,간선하차,호남HUB
1100000749,2026-07-23 18:13:00,배송출발,호남HUB
1100000749,2026-07-24 13:13:00,배송완료,호남HUB
4100000750,2026-07-18 10:20:00,집화처리,수도권HUB
4100000750,2026-07-18 13:20:00,간선상차,수도권HUB
4100000750,2026-07-19 07:20:00,간선하차,수도권HUB
4100000750,2026-07-19 17:20:00,배송출발,수도권HUB
4100000750,2026-07-20 07:20:00,배송완료,수도권HUB
1200000751,2026-08-01 11:21:00,집화처리,중부HUB
1200000751,2026-08-01 16:21:00,간선상차,중부HUB
1200000751,2026-08-02 10:21:00,간선하차,중부HUB
1200000751,2026-08-03 05:21:00,배송출발,중부HUB
1200000751,2026-08-04 00:21:00,배송완료,중부HUB
4100000752,2026-06-23 02:03:00,집화처리,영남HUB
4100000752,2026-06-23 18:03:00,간선상차,영남HUB
4100000752,2026-06-24 11:03:00,간선하차,영남HUB
4100000752,2026-06-24 15:03:00,배송출발,영남HUB
4100000752,2026-06-25 01:03:00,배송완료,영남HUB
1200000753,2026-07-30 09:06:00,집화처리,호남HUB
1200000753,2026-07-31 05:06:00,간선상차,호남HUB
1200000753,2026-07-31 23:06:00,간선하차,호남HUB
1200000753,2026-08-01 18:06:00,배송출발,호남HUB
1200000753,2026-08-02 04:06:00,배송완료,호남HUB
3200000754,2026-06-11 14:36:00,집화처리,영남HUB
3200000754,2026-06-11 19:36:00,간선상차,영남HUB
3200000754,2026-06-12 09:36:00,간선하차,영남HUB
3200000754,2026-06-13 02:36:00,배송출발,영남HUB
3200000754,2026-06-13 16:36:00,배송완료,영남HUB
3200000755,2026-05-20 13:44:00,집화처리,수도권HUB
3200000755,2026-05-20 19:44:00,간선상차,수도권HUB
3200000755,2026-05-21 06:44:00,간선하차,수도권HUB
3200000755,2026-05-21 12:44:00,배송출발,수도권HUB
3200000755,2026-05-21 15:44:00,배송완료,수도권HUB
4100000756,2026-05-24 17:19:00,집화처리,중부HUB
4100000756,2026-05-25 03:19:00,간선상차,중부HUB
4100000756,2026-05-25 13:19:00,간선하차,중부HUB
4100000756,2026-05-25 18:19:00,배송출발,중부HUB
4100000756,2026-05-26 14:19:00,배송완료,중부HUB
1200000757,2026-07-22 03:07:00,집화처리,영남HUB
1200000757,2026-07-22 20:07:00,간선상차,영남HUB
1200000757,2026-07-23 14:07:00,간선하차,영남HUB
1200000757,2026-07-23 21:07:00,배송출발,영남HUB
1200000757,2026-07-24 12:07:00,배송완료,영남HUB
4100000758,2026-07-18 18:38:00,집화처리,중부HUB
4100000758,2026-07-19 07:38:00,간선상차,중부HUB
4100000758,2026-07-19 18:38:00,간선하차,중부HUB
4100000758,2026-07-20 07:38:00,배송출발,중부HUB
4100000758,2026-07-20 19:38:00,배송완료,중부HUB
3100000759,2026-05-25 19:18:00,집화처리,영남HUB
3100000759,2026-05-26 12:18:00,간선상차,영남HUB
3100000759,2026-05-26 15:18:00,간선하차,영남HUB
3100000759,2026-05-27 05:18:00,배송출발,영남HUB
3100000759,2026-05-27 20:18:00,배송완료,영남HUB
1100000760,2026-07-08 22:50:00,집화처리,호남HUB
1100000760,2026-07-09 16:50:00,간선상차,호남HUB
1100000760,2026-07-10 10:50:00,간선하차,호남HUB
1100000760,2026-07-10 15:50:00,배송출발,호남HUB
1100000760,2026-07-11 07:50:00,배송완료,호남HUB
3200000761,2026-07-21 03:18:00,집화처리,수도권HUB
3200000761,2026-07-21 12:18:00,간선상차,수도권HUB
3200000761,2026-07-22 01:18:00,간선하차,수도권HUB
3200000761,2026-07-22 07:18:00,배송출발,수도권HUB
3200000761,2026-07-22 14:18:00,배송완료,수도권HUB
1100000762,2026-06-29 18:12:00,집화처리,영남HUB
1100000762,2026-06-30 00:12:00,간선상차,영남HUB
1100000762,2026-06-30 12:12:00,간선하차,영남HUB
1100000762,2026-07-01 04:12:00,배송출발,영남HUB
1100000762,2026-07-01 12:12:00,배송완료,영남HUB
1200000763,2026-06-20 03:24:00,집화처리,수도권HUB
1200000763,2026-06-20 18:24:00,간선상차,수도권HUB
1200000763,2026-06-21 01:24:00,간선하차,수도권HUB
1200000763,2026-06-21 15:24:00,배송출발,수도권HUB
1200000763,2026-06-21 19:24:00,배송완료,수도권HUB
3200000764,2026-06-18 04:42:00,집화처리,수도권HUB
3200000764,2026-06-18 21:42:00,간선상차,수도권HUB
3200000764,2026-06-19 07:42:00,간선하차,수도권HUB
3200000764,2026-06-19 22:42:00,배송출발,수도권HUB
3200000764,2026-06-20 09:42:00,배송완료,수도권HUB
2100000765,2026-06-24 15:28:00,집화처리,영남HUB
2100000765,2026-06-24 23:28:00,간선상차,영남HUB
2100000765,2026-06-25 10:28:00,간선하차,영남HUB
2100000765,2026-06-25 14:28:00,배송출발,영남HUB
2100000765,2026-06-25 23:28:00,배송완료,영남HUB
4100000766,2026-06-05 23:26:00,집화처리,영남HUB
4100000766,2026-06-06 09:26:00,간선상차,영남HUB
4100000766,2026-06-06 16:26:00,간선하차,영남HUB
4100000766,2026-06-07 08:26:00,배송출발,영남HUB
4100000766,2026-06-07 15:26:00,배송완료,영남HUB
2100000767,2026-07-07 12:35:00,집화처리,영남HUB
2100000767,2026-07-07 15:35:00,간선상차,영남HUB
2100000767,2026-07-08 02:35:00,간선하차,영남HUB
2100000767,2026-07-08 22:35:00,배송출발,영남HUB
2100000767,2026-07-09 09:35:00,배송완료,영남HUB
1200000768,2026-05-01 12:59:00,집화처리,영남HUB
1200000768,2026-05-02 05:59:00,간선상차,영남HUB
1200000768,2026-05-02 14:59:00,간선하차,영남HUB
1200000768,2026-05-02 23:59:00,배송출발,영남HUB
1200000768,2026-05-03 06:59:00,배송완료,영남HUB
4100000769,2026-07-24 23:38:00,집화처리,영남HUB
4100000769,2026-07-25 16:38:00,간선상차,영남HUB
4100000769,2026-07-26 11:38:00,간선하차,영남HUB
4100000769,2026-07-26 14:38:00,배송출발,영남HUB
4100000769,2026-07-27 07:38:00,배송완료,영남HUB
2100000770,2026-05-25 22:28:00,집화처리,호남HUB
2100000770,2026-05-26 17:28:00,간선상차,호남HUB
2100000770,2026-05-27 11:28:00,간선하차,호남HUB
2100000770,2026-05-28 01:28:00,배송출발,호남HUB
2100000770,2026-05-28 18:28:00,배송완료,호남HUB
1100000771,2026-07-21 18:59:00,집화처리,수도권HUB
1100000771,2026-07-21 21:59:00,간선상차,수도권HUB
1100000771,2026-07-22 03:59:00,간선하차,수도권HUB
1100000771,2026-07-22 22:59:00,배송출발,수도권HUB
1100000771,2026-07-23 08:59:00,배송완료,수도권HUB
3100000772,2026-05-16 14:57:00,집화처리,호남HUB
3100000772,2026-05-17 01:57:00,간선상차,호남HUB
3100000772,2026-05-17 14:57:00,간선하차,호남HUB
3100000772,2026-05-18 05:57:00,배송출발,호남HUB
3100000772,2026-05-18 08:57:00,배송완료,호남HUB
3100000773,2026-06-22 17:51:00,집화처리,호남HUB
3100000773,2026-06-23 00:51:00,간선상차,호남HUB
3100000773,2026-06-23 05:51:00,간선하차,호남HUB
3100000773,2026-06-23 15:51:00,배송출발,호남HUB
3100000773,2026-06-24 04:51:00,배송완료,호남HUB
4100000774,2026-07-21 07:41:00,집화처리,영남HUB
4100000774,2026-07-21 14:41:00,간선상차,영남HUB
4100000774,2026-07-22 09:41:00,간선하차,영남HUB
4100000774,2026-07-23 02:41:00,배송출발,영남HUB
4100000774,2026-07-23 05:41:00,배송완료,영남HUB
4100000775,2026-05-05 17:11:00,집화처리,중부HUB
4100000775,2026-05-05 23:11:00,간선상차,중부HUB
4100000775,2026-05-06 13:11:00,간선하차,중부HUB
4100000775,2026-05-07 05:11:00,배송출발,중부HUB
4100000775,2026-05-07 08:11:00,배송완료,중부HUB
1200000776,2026-05-19 02:53:00,집화처리,중부HUB
1200000776,2026-05-19 11:53:00,간선상차,중부HUB
1200000776,2026-05-19 23:53:00,간선하차,중부HUB
1200000776,2026-05-20 10:53:00,배송출발,중부HUB
1200000776,2026-05-20 19:53:00,배송완료,중부HUB
3100000777,2026-07-31 00:22:00,집화처리,수도권HUB
3100000777,2026-07-31 17:22:00,간선상차,수도권HUB
3100000777,2026-08-01 11:22:00,간선하차,수도권HUB
3100000777,2026-08-02 07:22:00,배송출발,수도권HUB
3100000777,2026-08-03 02:22:00,배송완료,수도권HUB
1100000778,2026-05-14 11:28:00,집화처리,수도권HUB
1100000778,2026-05-14 20:28:00,간선상차,수도권HUB
1100000778,2026-05-15 02:28:00,간선하차,수도권HUB
1100000778,2026-05-15 12:28:00,배송출발,수도권HUB
1100000778,2026-05-16 00:28:00,배송완료,수도권HUB
1200000779,2026-05-23 08:56:00,집화처리,수도권HUB
1200000779,2026-05-23 18:56:00,간선상차,수도권HUB
1200000779,2026-05-24 03:56:00,간선하차,수도권HUB
1200000779,2026-05-24 11:56:00,배송출발,수도권HUB
1200000779,2026-05-24 16:56:00,배송완료,수도권HUB
2100000780,2026-05-18 00:54:00,집화처리,중부HUB
2100000780,2026-05-18 13:54:00,간선상차,중부HUB
2100000780,2026-05-19 04:54:00,간선하차,중부HUB
2100000780,2026-05-19 19:54:00,배송출발,중부HUB
2100000780,2026-05-20 02:54:00,배송완료,중부HUB
2100000781,2026-06-26 02:20:00,집화처리,영남HUB
2100000781,2026-06-26 05:20:00,간선상차,영남HUB
2100000781,2026-06-26 22:20:00,간선하차,영남HUB
2100000781,2026-06-27 18:20:00,배송출발,영남HUB
2100000781,2026-06-28 07:20:00,배송완료,영남HUB
1200000782,2026-06-11 03:23:00,집화처리,수도권HUB
1200000782,2026-06-11 08:23:00,간선상차,수도권HUB
1200000782,2026-06-11 21:23:00,간선하차,수도권HUB
1200000782,2026-06-12 03:23:00,배송출발,수도권HUB
1200000782,2026-06-12 06:23:00,배송완료,수도권HUB
3100000783,2026-07-08 21:09:00,집화처리,수도권HUB
3100000783,2026-07-09 13:09:00,간선상차,수도권HUB
3100000783,2026-07-10 06:09:00,간선하차,수도권HUB
3100000783,2026-07-10 18:09:00,배송출발,수도권HUB
3100000783,2026-07-11 06:09:00,배송완료,수도권HUB
3200000784,2026-06-08 16:57:00,집화처리,영남HUB
3200000784,2026-06-09 08:57:00,간선상차,영남HUB
3200000784,2026-06-10 01:57:00,간선하차,영남HUB
3200000784,2026-06-10 08:57:00,배송출발,영남HUB
3200000784,2026-06-10 23:57:00,배송완료,영남HUB
2100000785,2026-05-19 02:41:00,집화처리,수도권HUB
2100000785,2026-05-19 16:41:00,간선상차,수도권HUB
2100000785,2026-05-20 08:41:00,간선하차,수도권HUB
2100000785,2026-05-20 19:41:00,배송출발,수도권HUB
2100000785,2026-05-21 02:41:00,배송완료,수도권HUB
4100000786,2026-06-22 20:23:00,집화처리,수도권HUB
4100000786,2026-06-23 16:23:00,간선상차,수도권HUB
4100000786,2026-06-24 02:23:00,간선하차,수도권HUB
4100000786,2026-06-24 19:23:00,배송출발,수도권HUB
4100000786,2026-06-25 10:23:00,배송완료,수도권HUB
1200000787,2026-07-07 09:23:00,집화처리,영남HUB
1200000787,2026-07-07 23:23:00,간선상차,영남HUB
1200000787,2026-07-08 05:23:00,간선하차,영남HUB
1200000787,2026-07-08 17:23:00,배송출발,영남HUB
1200000787,2026-07-09 06:23:00,배송완료,영남HUB
4100000788,2026-06-29 16:15:00,집화처리,수도권HUB
4100000788,2026-06-29 23:15:00,간선상차,수도권HUB
4100000788,2026-06-30 15:15:00,간선하차,수도권HUB
4100000788,2026-07-01 03:15:00,배송출발,수도권HUB
4100000788,2026-07-01 14:15:00,배송완료,수도권HUB
3100000789,2026-06-12 12:04:00,집화처리,수도권HUB
3100000789,2026-06-13 00:04:00,간선상차,수도권HUB
3100000789,2026-06-13 10:04:00,간선하차,수도권HUB
3100000789,2026-06-13 13:04:00,배송출발,수도권HUB
3100000789,2026-06-14 07:04:00,배송완료,수도권HUB
3200000790,2026-06-28 02:16:00,집화처리,호남HUB
3200000790,2026-06-28 09:16:00,간선상차,호남HUB
3200000790,2026-06-28 21:16:00,간선하차,호남HUB
3200000790,2026-06-29 10:16:00,배송출발,호남HUB
3200000790,2026-06-30 05:16:00,배송완료,호남HUB
4100000791,2026-06-09 04:40:00,집화처리,영남HUB
4100000791,2026-06-09 12:40:00,간선상차,영남HUB
4100000791,2026-06-10 05:40:00,간선하차,영남HUB
4100000791,2026-06-10 12:40:00,배송출발,영남HUB
4100000791,2026-06-11 07:40:00,배송완료,영남HUB
2100000792,2026-05-26 23:42:00,집화처리,영남HUB
2100000792,2026-05-27 17:42:00,간선상차,영남HUB
2100000792,2026-05-28 11:42:00,간선하차,영남HUB
2100000792,2026-05-29 01:42:00,배송출발,영남HUB
2100000792,2026-05-29 09:42:00,배송완료,영남HUB
4100000793,2026-08-05 03:33:00,집화처리,수도권HUB
4100000793,2026-08-05 14:33:00,간선상차,수도권HUB
4100000793,2026-08-06 01:33:00,간선하차,수도권HUB
4100000793,2026-08-06 05:33:00,배송출발,수도권HUB
1200000794,2026-06-08 20:51:00,집화처리,호남HUB
1200000794,2026-06-09 15:51:00,간선상차,호남HUB
1200000794,2026-06-10 03:51:00,간선하차,호남HUB
1200000794,2026-06-10 18:51:00,배송출발,호남HUB
1200000794,2026-06-11 09:51:00,배송완료,호남HUB
1100000795,2026-06-09 23:12:00,집화처리,수도권HUB
1100000795,2026-06-10 19:12:00,간선상차,수도권HUB
1100000795,2026-06-11 15:12:00,간선하차,수도권HUB
1100000795,2026-06-12 10:12:00,배송출발,수도권HUB
1100000795,2026-06-12 19:12:00,배송완료,수도권HUB
4100000796,2026-05-20 17:48:00,집화처리,영남HUB
4100000796,2026-05-21 13:48:00,간선상차,영남HUB
4100000796,2026-05-22 08:48:00,간선하차,영남HUB
4100000796,2026-05-23 01:48:00,배송출발,영남HUB
4100000796,2026-05-23 18:48:00,배송완료,영남HUB
1100000797,2026-07-17 06:10:00,집화처리,수도권HUB
1100000797,2026-07-17 17:10:00,간선상차,수도권HUB
1100000797,2026-07-18 11:10:00,간선하차,수도권HUB
1100000797,2026-07-18 20:10:00,배송출발,수도권HUB
1100000797,2026-07-19 06:10:00,배송완료,수도권HUB
3100000798,2026-07-24 06:56:00,집화처리,수도권HUB
3100000798,2026-07-25 00:56:00,간선상차,수도권HUB
3100000798,2026-07-25 08:56:00,간선하차,수도권HUB
3100000798,2026-07-25 18:56:00,배송출발,수도권HUB
3100000798,2026-07-25 22:56:00,배송완료,수도권HUB
2100000799,2026-05-06 02:54:00,집화처리,수도권HUB
2100000799,2026-05-06 20:54:00,간선상차,수도권HUB
2100000799,2026-05-07 02:54:00,간선하차,수도권HUB
2100000799,2026-05-07 11:54:00,배송출발,수도권HUB
2100000799,2026-05-07 19:54:00,배송완료,수도권HUB
1200000800,2026-05-07 05:13:00,집화처리,수도권HUB
1200000800,2026-05-07 22:13:00,간선상차,수도권HUB
1200000800,2026-05-08 02:13:00,간선하차,수도권HUB
1200000800,2026-05-08 12:13:00,배송출발,수도권HUB
1200000800,2026-05-08 17:13:00,배송완료,수도권HUB
3200000801,2026-06-01 16:10:00,집화처리,중부HUB
3200000801,2026-06-02 02:10:00,간선상차,중부HUB
3200000801,2026-06-02 15:10:00,간선하차,중부HUB
3200000801,2026-06-03 03:10:00,배송출발,중부HUB
3200000801,2026-06-03 12:10:00,배송완료,중부HUB
3200000802,2026-05-26 01:25:00,집화처리,수도권HUB
3200000802,2026-05-26 08:25:00,간선상차,수도권HUB
3200000802,2026-05-26 14:25:00,간선하차,수도권HUB
3200000802,2026-05-26 22:25:00,배송출발,수도권HUB
3200000802,2026-05-27 03:25:00,배송완료,수도권HUB
1100000803,2026-06-24 10:16:00,집화처리,호남HUB
1100000803,2026-06-25 01:16:00,간선상차,호남HUB
1100000803,2026-06-25 06:16:00,간선하차,호남HUB
1100000803,2026-06-25 10:16:00,배송출발,호남HUB
1100000803,2026-06-25 20:16:00,배송완료,호남HUB
1100000804,2026-05-07 23:07:00,집화처리,영남HUB
1100000804,2026-05-08 12:07:00,간선상차,영남HUB
1100000804,2026-05-09 01:07:00,간선하차,영남HUB
1100000804,2026-05-09 18:07:00,배송출발,영남HUB
1100000804,2026-05-10 00:07:00,배송완료,영남HUB
2100000805,2026-06-04 16:49:00,집화처리,호남HUB
2100000805,2026-06-05 10:49:00,간선상차,호남HUB
2100000805,2026-06-05 21:49:00,간선하차,호남HUB
2100000805,2026-06-06 05:49:00,배송출발,호남HUB
2100000805,2026-06-06 16:49:00,배송완료,호남HUB
1100000806,2026-07-27 13:45:00,집화처리,영남HUB
1100000806,2026-07-27 21:45:00,간선상차,영남HUB
1100000806,2026-07-28 01:45:00,간선하차,영남HUB
1100000806,2026-07-28 18:45:00,배송출발,영남HUB
1100000806,2026-07-28 21:45:00,배송완료,영남HUB
2100000807,2026-05-27 09:31:00,집화처리,영남HUB
2100000807,2026-05-27 18:31:00,간선상차,영남HUB
2100000807,2026-05-28 01:31:00,간선하차,영남HUB
2100000807,2026-05-28 05:31:00,배송출발,영남HUB
2100000807,2026-05-29 01:31:00,배송완료,영남HUB
3100000808,2026-06-02 08:55:00,집화처리,중부HUB
3100000808,2026-06-02 12:55:00,간선상차,중부HUB
3100000808,2026-06-03 00:55:00,간선하차,중부HUB
3100000808,2026-06-03 14:55:00,배송출발,중부HUB
3100000808,2026-06-04 04:55:00,배송완료,중부HUB
1100000809,2026-06-30 03:41:00,집화처리,영남HUB
1100000809,2026-06-30 18:41:00,간선상차,영남HUB
1100000809,2026-07-01 12:41:00,간선하차,영남HUB
1100000809,2026-07-01 16:41:00,배송출발,영남HUB
1100000809,2026-07-02 09:41:00,배송완료,영남HUB
1100000810,2026-07-25 01:08:00,집화처리,제주HUB
1100000810,2026-07-25 14:08:00,간선상차,제주HUB
1100000810,2026-07-25 23:08:00,간선하차,제주HUB
1100000810,2026-07-26 13:08:00,배송출발,제주HUB
1100000810,2026-07-27 06:08:00,배송완료,제주HUB
1100000811,2026-06-10 03:35:00,집화처리,호남HUB
1100000811,2026-06-10 09:35:00,간선상차,호남HUB
1100000811,2026-06-11 03:35:00,간선하차,호남HUB
1100000811,2026-06-11 11:35:00,배송출발,호남HUB
1100000811,2026-06-12 02:35:00,배송완료,호남HUB
3100000812,2026-07-10 10:15:00,집화처리,수도권HUB
3100000812,2026-07-11 05:15:00,간선상차,수도권HUB
3100000812,2026-07-11 09:15:00,간선하차,수도권HUB
3100000812,2026-07-11 16:15:00,배송출발,수도권HUB
3100000812,2026-07-12 01:15:00,배송완료,수도권HUB
3200000813,2026-07-29 05:20:00,집화처리,영남HUB
3200000813,2026-07-29 21:20:00,간선상차,영남HUB
3200000813,2026-07-30 04:20:00,간선하차,영남HUB
3200000813,2026-07-30 18:20:00,배송출발,영남HUB
3200000813,2026-07-31 09:20:00,배송완료,영남HUB
4100000814,2026-06-17 08:04:00,집화처리,영남HUB
4100000814,2026-06-18 01:04:00,간선상차,영남HUB
4100000814,2026-06-18 21:04:00,간선하차,영남HUB
4100000814,2026-06-19 07:04:00,배송출발,영남HUB
4100000814,2026-06-19 14:04:00,배송완료,영남HUB
4100000815,2026-07-17 05:35:00,집화처리,영남HUB
4100000815,2026-07-17 16:35:00,간선상차,영남HUB
4100000815,2026-07-18 06:35:00,간선하차,영남HUB
4100000815,2026-07-19 00:35:00,배송출발,영남HUB
4100000815,2026-07-19 03:35:00,배송완료,영남HUB
2100000816,2026-05-07 00:53:00,집화처리,중부HUB
2100000816,2026-05-07 18:53:00,간선상차,중부HUB
2100000816,2026-05-08 01:53:00,간선하차,중부HUB
2100000816,2026-05-08 17:53:00,배송출발,중부HUB
2100000816,2026-05-09 09:53:00,배송완료,중부HUB
1200000817,2026-05-19 00:11:00,집화처리,중부HUB
1200000817,2026-05-19 10:11:00,간선상차,중부HUB
1200000817,2026-05-20 00:11:00,간선하차,중부HUB
1200000817,2026-05-20 08:11:00,배송출발,중부HUB
1200000817,2026-05-21 02:11:00,배송완료,중부HUB
1200000818,2026-06-02 08:18:00,집화처리,영남HUB
1200000818,2026-06-02 16:18:00,간선상차,영남HUB
1200000818,2026-06-03 05:18:00,간선하차,영남HUB
1200000818,2026-06-04 01:18:00,배송출발,영남HUB
1200000818,2026-06-04 11:18:00,배송완료,영남HUB
1100000819,2026-07-03 08:58:00,집화처리,영남HUB
1100000819,2026-07-03 14:58:00,간선상차,영남HUB
1100000819,2026-07-04 05:58:00,간선하차,영남HUB
1100000819,2026-07-04 11:58:00,배송출발,영남HUB
1100000819,2026-07-04 17:58:00,배송완료,영남HUB
2100000820,2026-06-07 23:59:00,집화처리,중부HUB
2100000820,2026-06-08 07:59:00,간선상차,중부HUB
2100000820,2026-06-09 03:59:00,간선하차,중부HUB
2100000820,2026-06-09 18:59:00,배송출발,중부HUB
2100000820,2026-06-10 10:59:00,배송완료,중부HUB
3100000821,2026-05-16 09:53:00,집화처리,영남HUB
3100000821,2026-05-17 04:53:00,간선상차,영남HUB
3100000821,2026-05-17 19:53:00,간선하차,영남HUB
3100000821,2026-05-18 12:53:00,배송출발,영남HUB
3100000821,2026-05-19 02:53:00,배송완료,영남HUB
2100000822,2026-06-23 18:13:00,집화처리,영남HUB
2100000822,2026-06-24 08:13:00,간선상차,영남HUB
2100000822,2026-06-24 20:13:00,간선하차,영남HUB
2100000822,2026-06-25 05:13:00,배송출발,영남HUB
2100000822,2026-06-25 15:13:00,배송완료,영남HUB
3100000823,2026-06-24 09:23:00,집화처리,수도권HUB
3100000823,2026-06-25 01:23:00,간선상차,수도권HUB
3100000823,2026-06-25 12:23:00,간선하차,수도권HUB
3100000823,2026-06-25 16:23:00,배송출발,수도권HUB
3100000823,2026-06-26 05:23:00,배송완료,수도권HUB
1100000824,2026-05-26 07:22:00,집화처리,수도권HUB
1100000824,2026-05-26 21:22:00,간선상차,수도권HUB
1100000824,2026-05-27 06:22:00,간선하차,수도권HUB
1100000824,2026-05-27 16:22:00,배송출발,수도권HUB
1100000824,2026-05-27 21:22:00,배송완료,수도권HUB
2100000825,2026-07-01 05:30:00,집화처리,영남HUB
2100000825,2026-07-02 01:30:00,간선상차,영남HUB
2100000825,2026-07-02 16:30:00,간선하차,영남HUB
2100000825,2026-07-03 07:30:00,배송출발,영남HUB
2100000825,2026-07-03 15:30:00,배송완료,영남HUB
3200000826,2026-07-18 09:47:00,집화처리,영남HUB
3200000826,2026-07-18 16:47:00,간선상차,영남HUB
3200000826,2026-07-18 19:47:00,간선하차,영남HUB
3200000826,2026-07-18 23:47:00,배송출발,영남HUB
3200000826,2026-07-19 15:47:00,배송완료,영남HUB
1100000827,2026-05-14 09:50:00,집화처리,수도권HUB
1100000827,2026-05-14 22:50:00,간선상차,수도권HUB
1100000827,2026-05-15 14:50:00,간선하차,수도권HUB
1100000827,2026-05-15 17:50:00,배송출발,수도권HUB
1100000827,2026-05-16 08:50:00,배송완료,수도권HUB
1100000828,2026-08-01 09:45:00,집화처리,중부HUB
1100000828,2026-08-01 14:45:00,간선상차,중부HUB
1100000828,2026-08-01 18:45:00,간선하차,중부HUB
1100000828,2026-08-02 00:45:00,배송출발,중부HUB
1100000828,2026-08-02 11:45:00,배송완료,중부HUB
2100000829,2026-06-18 22:34:00,집화처리,중부HUB
2100000829,2026-06-19 03:34:00,간선상차,중부HUB
2100000829,2026-06-19 22:34:00,간선하차,중부HUB
2100000829,2026-06-20 15:34:00,배송출발,중부HUB
2100000829,2026-06-20 21:34:00,배송완료,중부HUB
1200000830,2026-06-24 23:10:00,집화처리,중부HUB
1200000830,2026-06-25 16:10:00,간선상차,중부HUB
1200000830,2026-06-26 06:10:00,간선하차,중부HUB
1200000830,2026-06-26 19:10:00,배송출발,중부HUB
1200000830,2026-06-27 08:10:00,배송완료,중부HUB
1100000831,2026-07-19 10:22:00,집화처리,수도권HUB
1100000831,2026-07-20 05:22:00,간선상차,수도권HUB
1100000831,2026-07-21 00:22:00,간선하차,수도권HUB
1100000831,2026-07-21 03:22:00,배송출발,수도권HUB
1100000831,2026-07-21 09:22:00,배송완료,수도권HUB
1100000832,2026-06-13 03:29:00,집화처리,중부HUB
1100000832,2026-06-13 17:29:00,간선상차,중부HUB
1100000832,2026-06-14 04:29:00,간선하차,중부HUB
1100000832,2026-06-14 18:29:00,배송출발,중부HUB
1100000832,2026-06-14 22:29:00,배송완료,중부HUB
2100000833,2026-07-31 06:39:00,집화처리,영남HUB
2100000833,2026-07-31 21:39:00,간선상차,영남HUB
2100000833,2026-08-01 12:39:00,간선하차,영남HUB
2100000833,2026-08-01 15:39:00,배송출발,영남HUB
2100000833,2026-08-02 08:39:00,배송완료,영남HUB
3100000834,2026-05-11 20:48:00,집화처리,수도권HUB
3100000834,2026-05-12 02:48:00,간선상차,수도권HUB
3100000834,2026-05-12 17:48:00,간선하차,수도권HUB
3100000834,2026-05-13 01:48:00,배송출발,수도권HUB
3100000834,2026-05-13 18:48:00,배송완료,수도권HUB
1100000835,2026-05-04 20:41:00,집화처리,중부HUB
1100000835,2026-05-05 06:41:00,간선상차,중부HUB
1100000835,2026-05-05 20:41:00,간선하차,중부HUB
1100000835,2026-05-06 02:41:00,배송출발,중부HUB
1100000835,2026-05-06 20:41:00,배송완료,중부HUB
1200000836,2026-07-04 02:26:00,집화처리,호남HUB
1200000836,2026-07-04 08:26:00,간선상차,호남HUB
1200000836,2026-07-05 04:26:00,간선하차,호남HUB
1200000836,2026-07-05 14:26:00,배송출발,호남HUB
1200000836,2026-07-06 05:26:00,배송완료,호남HUB
2100000837,2026-06-25 23:18:00,집화처리,중부HUB
2100000837,2026-06-26 07:18:00,간선상차,중부HUB
2100000837,2026-06-27 03:18:00,간선하차,중부HUB
2100000837,2026-06-27 19:18:00,배송출발,중부HUB
2100000837,2026-06-28 00:18:00,배송완료,중부HUB
1100000838,2026-05-19 05:31:00,집화처리,수도권HUB
1100000838,2026-05-20 01:31:00,간선상차,수도권HUB
1100000838,2026-05-20 07:31:00,간선하차,수도권HUB
1100000838,2026-05-20 21:31:00,배송출발,수도권HUB
1100000838,2026-05-21 12:31:00,배송완료,수도권HUB
4100000839,2026-05-23 05:28:00,집화처리,수도권HUB
4100000839,2026-05-23 18:28:00,간선상차,수도권HUB
4100000839,2026-05-24 10:28:00,간선하차,수도권HUB
4100000839,2026-05-24 14:28:00,배송출발,수도권HUB
4100000839,2026-05-25 06:28:00,배송완료,수도권HUB
4100000840,2026-05-09 07:23:00,집화처리,영남HUB
4100000840,2026-05-09 22:23:00,간선상차,영남HUB
4100000840,2026-05-10 12:23:00,간선하차,영남HUB
4100000840,2026-05-11 01:23:00,배송출발,영남HUB
4100000840,2026-05-11 09:23:00,배송완료,영남HUB
1100000841,2026-05-26 18:25:00,집화처리,수도권HUB
1100000841,2026-05-26 23:25:00,간선상차,수도권HUB
1100000841,2026-05-27 05:25:00,간선하차,수도권HUB
1100000841,2026-05-27 17:25:00,배송출발,수도권HUB
1100000841,2026-05-28 01:25:00,배송완료,수도권HUB
1100000842,2026-07-15 20:35:00,집화처리,수도권HUB
1100000842,2026-07-16 11:35:00,간선상차,수도권HUB
1100000842,2026-07-16 22:35:00,간선하차,수도권HUB
1100000842,2026-07-17 05:35:00,배송출발,수도권HUB
1100000842,2026-07-17 20:35:00,배송완료,수도권HUB
1100000843,2026-06-16 02:37:00,집화처리,제주HUB
1100000843,2026-06-16 12:37:00,간선상차,제주HUB
1100000843,2026-06-17 02:37:00,간선하차,제주HUB
1100000843,2026-06-17 11:37:00,배송출발,제주HUB
1100000843,2026-06-18 06:37:00,배송완료,제주HUB
2100000844,2026-07-03 07:19:00,집화처리,영남HUB
2100000844,2026-07-03 17:19:00,간선상차,영남HUB
2100000844,2026-07-04 10:19:00,간선하차,영남HUB
2100000844,2026-07-04 14:19:00,배송출발,영남HUB
2100000844,2026-07-04 19:19:00,배송완료,영남HUB
4100000845,2026-06-30 02:57:00,집화처리,영남HUB
4100000845,2026-06-30 12:57:00,간선상차,영남HUB
4100000845,2026-06-30 21:57:00,간선하차,영남HUB
4100000845,2026-07-01 13:57:00,배송출발,영남HUB
4100000845,2026-07-01 22:57:00,배송완료,영남HUB
2100000846,2026-07-01 18:20:00,집화처리,중부HUB
2100000846,2026-07-02 00:20:00,간선상차,중부HUB
2100000846,2026-07-02 06:20:00,간선하차,중부HUB
2100000846,2026-07-02 10:20:00,배송출발,중부HUB
2100000846,2026-07-02 19:20:00,배송완료,중부HUB
4100000847,2026-07-28 00:33:00,집화처리,영남HUB
4100000847,2026-07-28 07:33:00,간선상차,영남HUB
4100000847,2026-07-28 12:33:00,간선하차,영남HUB
4100000847,2026-07-29 05:33:00,배송출발,영남HUB
4100000847,2026-07-29 23:33:00,배송완료,영남HUB
1100000848,2026-06-06 18:25:00,집화처리,영남HUB
1100000848,2026-06-07 06:25:00,간선상차,영남HUB
1100000848,2026-06-07 09:25:00,간선하차,영남HUB
1100000848,2026-06-08 00:25:00,배송출발,영남HUB
1100000848,2026-06-08 13:25:00,배송완료,영남HUB
2100000849,2026-07-13 03:56:00,집화처리,수도권HUB
2100000849,2026-07-13 14:56:00,간선상차,수도권HUB
2100000849,2026-07-14 05:56:00,간선하차,수도권HUB
2100000849,2026-07-15 00:56:00,배송출발,수도권HUB
2100000849,2026-07-15 20:56:00,배송완료,수도권HUB
3100000850,2026-05-27 16:53:00,집화처리,중부HUB
3100000850,2026-05-28 07:53:00,간선상차,중부HUB
3100000850,2026-05-28 12:53:00,간선하차,중부HUB
3100000850,2026-05-28 21:53:00,배송출발,중부HUB
3100000850,2026-05-29 13:53:00,배송완료,중부HUB
1100000851,2026-06-05 04:54:00,집화처리,중부HUB
1100000851,2026-06-05 19:54:00,간선상차,중부HUB
1100000851,2026-06-06 03:54:00,간선하차,중부HUB
1100000851,2026-06-06 17:54:00,배송출발,중부HUB
1100000851,2026-06-07 13:54:00,배송완료,중부HUB
1100000852,2026-05-18 16:55:00,집화처리,제주HUB
1100000852,2026-05-19 03:55:00,간선상차,제주HUB
1100000852,2026-05-19 23:55:00,간선하차,제주HUB
1100000852,2026-05-20 13:55:00,배송출발,제주HUB
1100000852,2026-05-20 22:55:00,배송완료,제주HUB
4100000853,2026-07-27 02:31:00,집화처리,중부HUB
4100000853,2026-07-27 10:31:00,간선상차,중부HUB
4100000853,2026-07-27 23:31:00,간선하차,중부HUB
4100000853,2026-07-28 03:31:00,배송출발,중부HUB
4100000853,2026-07-28 20:31:00,배송완료,중부HUB
3100000854,2026-05-15 01:00:00,집화처리,중부HUB
3100000854,2026-05-15 19:00:00,간선상차,중부HUB
3100000854,2026-05-16 11:00:00,간선하차,중부HUB
3100000854,2026-05-16 22:00:00,배송출발,중부HUB
3100000854,2026-05-17 06:00:00,배송완료,중부HUB
1200000855,2026-07-26 08:11:00,집화처리,중부HUB
1200000855,2026-07-27 01:11:00,간선상차,중부HUB
1200000855,2026-07-27 20:11:00,간선하차,중부HUB
1200000855,2026-07-27 23:11:00,배송출발,중부HUB
1200000855,2026-07-28 03:11:00,배송완료,중부HUB
2100000856,2026-07-04 11:05:00,집화처리,영남HUB
2100000856,2026-07-04 23:05:00,간선상차,영남HUB
2100000856,2026-07-05 04:05:00,간선하차,영남HUB
2100000856,2026-07-05 17:05:00,배송출발,영남HUB
2100000856,2026-07-06 00:05:00,배송완료,영남HUB
3200000857,2026-05-30 09:41:00,집화처리,중부HUB
3200000857,2026-05-30 22:41:00,간선상차,중부HUB
3200000857,2026-05-31 04:41:00,간선하차,중부HUB
3200000857,2026-05-31 15:41:00,배송출발,중부HUB
3200000857,2026-05-31 20:41:00,배송완료,중부HUB
1100000858,2026-05-31 22:34:00,집화처리,중부HUB
1100000858,2026-06-01 18:34:00,간선상차,중부HUB
1100000858,2026-06-02 02:34:00,간선하차,중부HUB
1100000858,2026-06-02 20:34:00,배송출발,중부HUB
1100000858,2026-06-03 09:34:00,배송완료,중부HUB
1100000859,2026-07-18 08:42:00,집화처리,중부HUB
1100000859,2026-07-18 19:42:00,간선상차,중부HUB
1100000859,2026-07-19 09:42:00,간선하차,중부HUB
1100000859,2026-07-20 02:42:00,배송출발,중부HUB
1100000859,2026-07-20 17:42:00,배송완료,중부HUB
1100000860,2026-05-05 03:34:00,집화처리,수도권HUB
1100000860,2026-05-05 23:34:00,간선상차,수도권HUB
1100000860,2026-05-06 04:34:00,간선하차,수도권HUB
1100000860,2026-05-06 19:34:00,배송출발,수도권HUB
1100000860,2026-05-07 07:34:00,배송완료,수도권HUB
2100000861,2026-07-23 06:57:00,집화처리,수도권HUB
2100000861,2026-07-23 19:57:00,간선상차,수도권HUB
2100000861,2026-07-24 00:57:00,간선하차,수도권HUB
2100000861,2026-07-24 13:57:00,배송출발,수도권HUB
2100000861,2026-07-25 09:57:00,배송완료,수도권HUB
1200000862,2026-06-25 01:56:00,집화처리,영남HUB
1200000862,2026-06-25 04:56:00,간선상차,영남HUB
1200000862,2026-06-25 15:56:00,간선하차,영남HUB
1200000862,2026-06-26 07:56:00,배송출발,영남HUB
1200000862,2026-06-26 11:56:00,배송완료,영남HUB
1200000863,2026-07-24 13:01:00,집화처리,중부HUB
1200000863,2026-07-25 04:01:00,간선상차,중부HUB
1200000863,2026-07-25 07:01:00,간선하차,중부HUB
1200000863,2026-07-25 22:01:00,배송출발,중부HUB
1200000863,2026-07-26 18:01:00,배송완료,중부HUB
1100000864,2026-07-16 08:06:00,집화처리,영남HUB
1100000864,2026-07-16 23:06:00,간선상차,영남HUB
1100000864,2026-07-17 11:06:00,간선하차,영남HUB
1100000864,2026-07-17 19:06:00,배송출발,영남HUB
1100000864,2026-07-17 22:06:00,배송완료,영남HUB
1200000865,2026-05-26 23:52:00,집화처리,호남HUB
1200000865,2026-05-27 03:52:00,간선상차,호남HUB
1200000865,2026-05-27 15:52:00,간선하차,호남HUB
1200000865,2026-05-27 22:52:00,배송출발,호남HUB
1200000865,2026-05-28 01:52:00,배송완료,호남HUB
3200000866,2026-06-22 09:59:00,집화처리,영남HUB
3200000866,2026-06-23 05:59:00,간선상차,영남HUB
3200000866,2026-06-23 20:59:00,간선하차,영남HUB
3200000866,2026-06-24 05:59:00,배송출발,영남HUB
3200000866,2026-06-24 09:59:00,배송완료,영남HUB
1200000867,2026-06-17 03:45:00,집화처리,수도권HUB
1200000867,2026-06-17 20:45:00,간선상차,수도권HUB
1200000867,2026-06-18 01:45:00,간선하차,수도권HUB
1200000867,2026-06-18 21:45:00,배송출발,수도권HUB
1200000867,2026-06-19 05:45:00,배송완료,수도권HUB
4100000868,2026-06-12 03:57:00,집화처리,수도권HUB
4100000868,2026-06-12 18:57:00,간선상차,수도권HUB
4100000868,2026-06-12 23:57:00,간선하차,수도권HUB
4100000868,2026-06-13 11:57:00,배송출발,수도권HUB
4100000868,2026-06-13 15:57:00,배송완료,수도권HUB
3100000869,2026-06-15 21:18:00,집화처리,영남HUB
3100000869,2026-06-16 12:18:00,간선상차,영남HUB
3100000869,2026-06-17 06:18:00,간선하차,영남HUB
3100000869,2026-06-18 00:18:00,배송출발,영남HUB
3100000869,2026-06-18 19:18:00,배송완료,영남HUB
1200000870,2026-07-29 17:55:00,집화처리,영남HUB
1200000870,2026-07-30 05:55:00,간선상차,영남HUB
1200000870,2026-07-31 01:55:00,간선하차,영남HUB
1200000870,2026-07-31 07:55:00,배송출발,영남HUB
1200000870,2026-07-31 14:55:00,배송완료,영남HUB
1200000871,2026-06-13 10:48:00,집화처리,수도권HUB
1200000871,2026-06-13 14:48:00,간선상차,수도권HUB
1200000871,2026-06-14 00:48:00,간선하차,수도권HUB
1200000871,2026-06-14 11:48:00,배송출발,수도권HUB
1200000871,2026-06-14 18:48:00,배송완료,수도권HUB
1100000872,2026-05-05 22:42:00,집화처리,수도권HUB
1100000872,2026-05-06 05:42:00,간선상차,수도권HUB
1100000872,2026-05-06 22:42:00,간선하차,수도권HUB
1100000872,2026-05-07 03:42:00,배송출발,수도권HUB
1100000872,2026-05-07 20:42:00,배송완료,수도권HUB
4100000873,2026-05-08 07:39:00,집화처리,제주HUB
4100000873,2026-05-09 03:39:00,간선상차,제주HUB
4100000873,2026-05-09 14:39:00,간선하차,제주HUB
4100000873,2026-05-10 01:39:00,배송출발,제주HUB
4100000873,2026-05-10 09:39:00,배송완료,제주HUB
1100000874,2026-07-12 06:55:00,집화처리,영남HUB
1100000874,2026-07-12 21:55:00,간선상차,영남HUB
1100000874,2026-07-13 03:55:00,간선하차,영남HUB
1100000874,2026-07-13 23:55:00,배송출발,영남HUB
1100000874,2026-07-14 07:55:00,배송완료,영남HUB
3100000875,2026-07-20 20:25:00,집화처리,수도권HUB
3100000875,2026-07-21 08:25:00,간선상차,수도권HUB
3100000875,2026-07-21 12:25:00,간선하차,수도권HUB
3100000875,2026-07-21 21:25:00,배송출발,수도권HUB
3100000875,2026-07-22 08:25:00,배송완료,수도권HUB
1100000876,2026-05-18 14:03:00,집화처리,중부HUB
1100000876,2026-05-18 17:03:00,간선상차,중부HUB
1100000876,2026-05-18 22:03:00,간선하차,중부HUB
1100000876,2026-05-19 01:03:00,배송출발,중부HUB
1100000876,2026-05-19 17:03:00,배송완료,중부HUB
3100000877,2026-06-01 17:05:00,집화처리,중부HUB
3100000877,2026-06-02 06:05:00,간선상차,중부HUB
3100000877,2026-06-02 11:05:00,간선하차,중부HUB
3100000877,2026-06-03 07:05:00,배송출발,중부HUB
3100000877,2026-06-03 21:05:00,배송완료,중부HUB
1100000878,2026-06-13 05:29:00,집화처리,수도권HUB
1100000878,2026-06-13 10:29:00,간선상차,수도권HUB
1100000878,2026-06-13 13:29:00,간선하차,수도권HUB
1100000878,2026-06-14 03:29:00,배송출발,수도권HUB
1100000878,2026-06-14 12:29:00,배송완료,수도권HUB
1100000879,2026-06-06 23:34:00,집화처리,수도권HUB
1100000879,2026-06-07 12:34:00,간선상차,수도권HUB
1100000879,2026-06-07 23:34:00,간선하차,수도권HUB
1100000879,2026-06-08 15:34:00,배송출발,수도권HUB
1100000879,2026-06-09 09:34:00,배송완료,수도권HUB
2100000880,2026-06-09 01:15:00,집화처리,수도권HUB
2100000880,2026-06-09 17:15:00,간선상차,수도권HUB
2100000880,2026-06-10 13:15:00,간선하차,수도권HUB
2100000880,2026-06-10 22:15:00,배송출발,수도권HUB
2100000880,2026-06-11 18:15:00,배송완료,수도권HUB
1100000881,2026-07-20 18:34:00,집화처리,영남HUB
1100000881,2026-07-21 13:34:00,간선상차,영남HUB
1100000881,2026-07-22 06:34:00,간선하차,영남HUB
1100000881,2026-07-23 01:34:00,배송출발,영남HUB
1100000881,2026-07-23 06:34:00,배송완료,영남HUB
2100000882,2026-07-15 03:30:00,집화처리,수도권HUB
2100000882,2026-07-15 19:30:00,간선상차,수도권HUB
2100000882,2026-07-16 14:30:00,간선하차,수도권HUB
2100000882,2026-07-17 06:30:00,배송출발,수도권HUB
2100000882,2026-07-17 09:30:00,배송완료,수도권HUB
4100000883,2026-07-01 23:44:00,집화처리,수도권HUB
4100000883,2026-07-02 11:44:00,간선상차,수도권HUB
4100000883,2026-07-03 03:44:00,간선하차,수도권HUB
4100000883,2026-07-03 19:44:00,배송출발,수도권HUB
4100000883,2026-07-03 23:44:00,배송완료,수도권HUB
1200000884,2026-07-28 14:04:00,집화처리,중부HUB
1200000884,2026-07-29 00:04:00,간선상차,중부HUB
1200000884,2026-07-29 17:04:00,간선하차,중부HUB
1200000884,2026-07-30 04:04:00,배송출발,중부HUB
1200000884,2026-07-30 18:04:00,배송완료,중부HUB
3200000885,2026-07-18 05:32:00,집화처리,영남HUB
3200000885,2026-07-18 22:32:00,간선상차,영남HUB
3200000885,2026-07-19 06:32:00,간선하차,영남HUB
3200000885,2026-07-20 01:32:00,배송출발,영남HUB
3200000885,2026-07-20 21:32:00,배송완료,영남HUB
3200000886,2026-05-01 18:00:00,집화처리,영남HUB
3200000886,2026-05-02 13:00:00,간선상차,영남HUB
3200000886,2026-05-03 01:00:00,간선하차,영남HUB
3200000886,2026-05-03 04:00:00,배송출발,영남HUB
3200000886,2026-05-03 21:00:00,배송완료,영남HUB
1200000887,2026-06-02 01:16:00,집화처리,수도권HUB
1200000887,2026-06-02 13:16:00,간선상차,수도권HUB
1200000887,2026-06-03 08:16:00,간선하차,수도권HUB
1200000887,2026-06-03 22:16:00,배송출발,수도권HUB
1200000887,2026-06-04 13:16:00,배송완료,수도권HUB
1100000888,2026-05-13 19:07:00,집화처리,수도권HUB
1100000888,2026-05-14 11:07:00,간선상차,수도권HUB
1100000888,2026-05-15 00:07:00,간선하차,수도권HUB
1100000888,2026-05-15 10:07:00,배송출발,수도권HUB
1100000888,2026-05-16 05:07:00,배송완료,수도권HUB
4100000889,2026-06-07 04:21:00,집화처리,영남HUB
4100000889,2026-06-07 14:21:00,간선상차,영남HUB
4100000889,2026-06-08 04:21:00,간선하차,영남HUB
4100000889,2026-06-08 07:21:00,배송출발,영남HUB
4100000889,2026-06-08 18:21:00,배송완료,영남HUB
1100000890,2026-07-13 22:18:00,집화처리,수도권HUB
1100000890,2026-07-14 15:18:00,간선상차,수도권HUB
1100000890,2026-07-15 06:18:00,간선하차,수도권HUB
1100000890,2026-07-15 19:18:00,배송출발,수도권HUB
1100000890,2026-07-16 04:18:00,배송완료,수도권HUB
4100000891,2026-08-05 20:56:00,집화처리,수도권HUB
4100000891,2026-08-06 01:56:00,간선상차,수도권HUB
4100000891,2026-08-06 11:56:00,간선하차,수도권HUB
4100000891,2026-08-07 04:56:00,배송출발,수도권HUB
2100000892,2026-06-28 03:00:00,집화처리,호남HUB
2100000892,2026-06-28 14:00:00,간선상차,호남HUB
2100000892,2026-06-29 10:00:00,간선하차,호남HUB
2100000892,2026-06-29 22:00:00,배송출발,호남HUB
2100000892,2026-06-30 05:00:00,배송완료,호남HUB
4100000893,2026-06-02 12:42:00,집화처리,수도권HUB
4100000893,2026-06-03 01:42:00,간선상차,수도권HUB
4100000893,2026-06-03 21:42:00,간선하차,수도권HUB
4100000893,2026-06-04 11:42:00,배송출발,수도권HUB
4100000893,2026-06-05 00:42:00,배송완료,수도권HUB
3100000894,2026-05-13 22:14:00,집화처리,영남HUB
3100000894,2026-05-14 11:14:00,간선상차,영남HUB
3100000894,2026-05-14 23:14:00,간선하차,영남HUB
3100000894,2026-05-15 11:14:00,배송출발,영남HUB
3100000894,2026-05-15 22:14:00,배송완료,영남HUB
1100000895,2026-06-18 04:15:00,집화처리,영남HUB
1100000895,2026-06-18 20:15:00,간선상차,영남HUB
1100000895,2026-06-19 08:15:00,간선하차,영남HUB
1100000895,2026-06-19 12:15:00,배송출발,영남HUB
1100000895,2026-06-19 21:15:00,배송완료,영남HUB
1100000896,2026-06-07 23:47:00,집화처리,수도권HUB
1100000896,2026-06-08 18:47:00,간선상차,수도권HUB
1100000896,2026-06-09 14:47:00,간선하차,수도권HUB
1100000896,2026-06-09 20:47:00,배송출발,수도권HUB
1100000896,2026-06-09 23:47:00,배송완료,수도권HUB
1100000897,2026-07-14 00:13:00,집화처리,중부HUB
1100000897,2026-07-14 17:13:00,간선상차,중부HUB
1100000897,2026-07-15 05:13:00,간선하차,중부HUB
1100000897,2026-07-15 19:13:00,배송출발,중부HUB
1100000897,2026-07-16 12:13:00,배송완료,중부HUB
2100000898,2026-05-27 10:03:00,집화처리,영남HUB
2100000898,2026-05-27 18:03:00,간선상차,영남HUB
2100000898,2026-05-28 06:03:00,간선하차,영남HUB
2100000898,2026-05-28 12:03:00,배송출발,영남HUB
2100000898,2026-05-28 16:03:00,배송완료,영남HUB
4100000899,2026-07-24 10:22:00,집화처리,영남HUB
4100000899,2026-07-24 16:22:00,간선상차,영남HUB
4100000899,2026-07-25 01:22:00,간선하차,영남HUB
4100000899,2026-07-25 07:22:00,배송출발,영남HUB
4100000899,2026-07-25 21:22:00,배송완료,영남HUB
4100000900,2026-06-03 01:46:00,집화처리,호남HUB
4100000900,2026-06-03 12:46:00,간선상차,호남HUB
4100000900,2026-06-03 21:46:00,간선하차,호남HUB
4100000900,2026-06-04 01:46:00,배송출발,호남HUB
4100000900,2026-06-04 20:46:00,배송완료,호남HUB
1100000901,2026-07-27 21:06:00,집화처리,영남HUB
1100000901,2026-07-28 06:06:00,간선상차,영남HUB
1100000901,2026-07-29 00:06:00,간선하차,영남HUB
1100000901,2026-07-29 03:06:00,배송출발,영남HUB
1100000901,2026-07-29 20:06:00,배송완료,영남HUB
1100000902,2026-07-26 22:59:00,집화처리,중부HUB
1100000902,2026-07-27 07:59:00,간선상차,중부HUB
1100000902,2026-07-28 02:59:00,간선하차,중부HUB
1100000902,2026-07-28 05:59:00,배송출발,중부HUB
1100000902,2026-07-28 13:59:00,배송완료,중부HUB
2100000903,2026-05-11 14:16:00,집화처리,영남HUB
2100000903,2026-05-11 21:16:00,간선상차,영남HUB
2100000903,2026-05-12 07:16:00,간선하차,영남HUB
2100000903,2026-05-12 22:16:00,배송출발,영남HUB
2100000903,2026-05-13 04:16:00,배송완료,영남HUB
3100000904,2026-07-28 06:17:00,집화처리,수도권HUB
3100000904,2026-07-28 20:17:00,간선상차,수도권HUB
3100000904,2026-07-29 03:17:00,간선하차,수도권HUB
3100000904,2026-07-29 12:17:00,배송출발,수도권HUB
3100000904,2026-07-30 06:17:00,배송완료,수도권HUB
4100000905,2026-07-18 09:26:00,집화처리,영남HUB
4100000905,2026-07-18 16:26:00,간선상차,영남HUB
4100000905,2026-07-19 08:26:00,간선하차,영남HUB
4100000905,2026-07-19 16:26:00,배송출발,영남HUB
4100000905,2026-07-20 09:26:00,배송완료,영남HUB
1100000906,2026-05-14 17:03:00,집화처리,영남HUB
1100000906,2026-05-15 02:03:00,간선상차,영남HUB
1100000906,2026-05-15 06:03:00,간선하차,영남HUB
1100000906,2026-05-15 15:03:00,배송출발,영남HUB
1100000906,2026-05-16 05:03:00,배송완료,영남HUB
1100000907,2026-06-11 04:26:00,집화처리,수도권HUB
1100000907,2026-06-11 20:26:00,간선상차,수도권HUB
1100000907,2026-06-12 08:26:00,간선하차,수도권HUB
1100000907,2026-06-12 23:26:00,배송출발,수도권HUB
1100000907,2026-06-13 13:26:00,배송완료,수도권HUB
2100000908,2026-07-28 11:34:00,집화처리,호남HUB
2100000908,2026-07-28 17:34:00,간선상차,호남HUB
2100000908,2026-07-29 08:34:00,간선하차,호남HUB
2100000908,2026-07-29 16:34:00,배송출발,호남HUB
2100000908,2026-07-30 09:34:00,배송완료,호남HUB
2100000909,2026-06-04 10:39:00,집화처리,수도권HUB
2100000909,2026-06-04 19:39:00,간선상차,수도권HUB
2100000909,2026-06-05 14:39:00,간선하차,수도권HUB
2100000909,2026-06-05 18:39:00,배송출발,수도권HUB
2100000909,2026-06-06 08:39:00,배송완료,수도권HUB
4100000910,2026-05-21 01:11:00,집화처리,수도권HUB
4100000910,2026-05-21 12:11:00,간선상차,수도권HUB
4100000910,2026-05-21 17:11:00,간선하차,수도권HUB
4100000910,2026-05-22 04:11:00,배송출발,수도권HUB
4100000910,2026-05-22 21:11:00,배송완료,수도권HUB
1100000911,2026-05-27 03:28:00,집화처리,영남HUB
1100000911,2026-05-27 15:28:00,간선상차,영남HUB
1100000911,2026-05-28 04:28:00,간선하차,영남HUB
1100000911,2026-05-28 23:28:00,배송출발,영남HUB
1100000911,2026-05-29 10:28:00,배송완료,영남HUB
2100000912,2026-07-30 22:16:00,집화처리,중부HUB
2100000912,2026-07-31 10:16:00,간선상차,중부HUB
2100000912,2026-07-31 19:16:00,간선하차,중부HUB
2100000912,2026-08-01 08:16:00,배송출발,중부HUB
2100000912,2026-08-01 17:16:00,배송완료,중부HUB
3100000913,2026-06-29 13:59:00,집화처리,영남HUB
3100000913,2026-06-29 17:59:00,간선상차,영남HUB
3100000913,2026-06-30 01:59:00,간선하차,영남HUB
3100000913,2026-06-30 10:59:00,배송출발,영남HUB
3100000913,2026-07-01 02:59:00,배송완료,영남HUB
1100000914,2026-05-19 00:29:00,집화처리,수도권HUB
1100000914,2026-05-19 04:29:00,간선상차,수도권HUB
1100000914,2026-05-20 00:29:00,간선하차,수도권HUB
1100000914,2026-05-20 15:29:00,배송출발,수도권HUB
1100000914,2026-05-20 20:29:00,배송완료,수도권HUB
1100000915,2026-08-02 20:52:00,집화처리,영남HUB
1100000915,2026-08-03 04:52:00,간선상차,영남HUB
1100000915,2026-08-03 19:52:00,간선하차,영남HUB
1100000915,2026-08-04 08:52:00,배송출발,영남HUB
1100000915,2026-08-05 00:52:00,배송완료,영남HUB
1200000916,2026-06-01 23:48:00,집화처리,중부HUB
1200000916,2026-06-02 08:48:00,간선상차,중부HUB
1200000916,2026-06-02 11:48:00,간선하차,중부HUB
1200000916,2026-06-02 22:48:00,배송출발,중부HUB
1200000916,2026-06-03 17:48:00,배송완료,중부HUB
1100000917,2026-05-11 18:59:00,집화처리,수도권HUB
1100000917,2026-05-12 00:59:00,간선상차,수도권HUB
1100000917,2026-05-12 09:59:00,간선하차,수도권HUB
1100000917,2026-05-12 21:59:00,배송출발,수도권HUB
1100000917,2026-05-13 09:59:00,배송완료,수도권HUB
1100000918,2026-07-26 19:33:00,집화처리,영남HUB
1100000918,2026-07-27 01:33:00,간선상차,영남HUB
1100000918,2026-07-27 17:33:00,간선하차,영남HUB
1100000918,2026-07-28 00:33:00,배송출발,영남HUB
1100000918,2026-07-28 13:33:00,배송완료,영남HUB
3100000919,2026-07-01 04:32:00,집화처리,중부HUB
3100000919,2026-07-01 11:32:00,간선상차,중부HUB
3100000919,2026-07-01 22:32:00,간선하차,중부HUB
3100000919,2026-07-02 06:32:00,배송출발,중부HUB
3100000919,2026-07-03 02:32:00,배송완료,중부HUB
4100000920,2026-06-13 04:27:00,집화처리,제주HUB
4100000920,2026-06-13 15:27:00,간선상차,제주HUB
4100000920,2026-06-14 03:27:00,간선하차,제주HUB
4100000920,2026-06-14 08:27:00,배송출발,제주HUB
4100000920,2026-06-14 15:27:00,배송완료,제주HUB
1100000921,2026-07-04 00:08:00,집화처리,영남HUB
1100000921,2026-07-04 15:08:00,간선상차,영남HUB
1100000921,2026-07-05 09:08:00,간선하차,영남HUB
1100000921,2026-07-06 00:08:00,배송출발,영남HUB
1100000921,2026-07-06 19:08:00,배송완료,영남HUB
1100000922,2026-07-14 06:53:00,집화처리,영남HUB
1100000922,2026-07-15 01:53:00,간선상차,영남HUB
1100000922,2026-07-15 21:53:00,간선하차,영남HUB
1100000922,2026-07-16 06:53:00,배송출발,영남HUB
1100000922,2026-07-16 19:53:00,배송완료,영남HUB
3100000923,2026-06-15 16:31:00,집화처리,수도권HUB
3100000923,2026-06-16 07:31:00,간선상차,수도권HUB
3100000923,2026-06-16 13:31:00,간선하차,수도권HUB
3100000923,2026-06-17 08:31:00,배송출발,수도권HUB
3100000923,2026-06-18 04:31:00,배송완료,수도권HUB
1100000924,2026-06-12 15:05:00,집화처리,영남HUB
1100000924,2026-06-13 02:05:00,간선상차,영남HUB
1100000924,2026-06-13 10:05:00,간선하차,영남HUB
1100000924,2026-06-14 02:05:00,배송출발,영남HUB
1100000924,2026-06-14 10:05:00,배송완료,영남HUB
1100000925,2026-05-26 14:17:00,집화처리,수도권HUB
1100000925,2026-05-26 18:17:00,간선상차,수도권HUB
1100000925,2026-05-27 05:17:00,간선하차,수도권HUB
1100000925,2026-05-27 13:17:00,배송출발,수도권HUB
1100000925,2026-05-28 05:17:00,배송완료,수도권HUB
1200000926,2026-06-14 22:04:00,집화처리,수도권HUB
1200000926,2026-06-15 11:04:00,간선상차,수도권HUB
1200000926,2026-06-15 23:04:00,간선하차,수도권HUB
1200000926,2026-06-16 03:04:00,배송출발,수도권HUB
1200000926,2026-06-16 10:04:00,배송완료,수도권HUB
2100000927,2026-07-15 07:59:00,집화처리,영남HUB
2100000927,2026-07-15 21:59:00,간선상차,영남HUB
2100000927,2026-07-16 04:59:00,간선하차,영남HUB
2100000927,2026-07-16 09:59:00,배송출발,영남HUB
2100000927,2026-07-16 13:59:00,배송완료,영남HUB
1100000928,2026-08-03 23:13:00,집화처리,호남HUB
1100000928,2026-08-04 02:13:00,간선상차,호남HUB
1100000928,2026-08-04 10:13:00,간선하차,호남HUB
1100000928,2026-08-04 21:13:00,배송출발,호남HUB
1100000929,2026-07-07 01:44:00,집화처리,중부HUB
1100000929,2026-07-07 04:44:00,간선상차,중부HUB
1100000929,2026-07-07 08:44:00,간선하차,중부HUB
1100000929,2026-07-08 02:44:00,배송출발,중부HUB
1100000929,2026-07-08 06:44:00,배송완료,중부HUB
1100000930,2026-07-27 20:02:00,집화처리,영남HUB
1100000930,2026-07-28 10:02:00,간선상차,영남HUB
1100000930,2026-07-29 02:02:00,간선하차,영남HUB
1100000930,2026-07-29 05:02:00,배송출발,영남HUB
1100000930,2026-07-30 00:02:00,배송완료,영남HUB
1100000931,2026-07-13 14:38:00,집화처리,호남HUB
1100000931,2026-07-14 05:38:00,간선상차,호남HUB
1100000931,2026-07-14 21:38:00,간선하차,호남HUB
1100000931,2026-07-15 15:38:00,배송출발,호남HUB
1100000931,2026-07-16 06:38:00,배송완료,호남HUB
2100000932,2026-06-16 10:21:00,집화처리,수도권HUB
2100000932,2026-06-16 13:21:00,간선상차,수도권HUB
2100000932,2026-06-17 07:21:00,간선하차,수도권HUB
2100000932,2026-06-17 12:21:00,배송출발,수도권HUB
2100000932,2026-06-18 01:21:00,배송완료,수도권HUB
1100000933,2026-08-01 06:37:00,집화처리,수도권HUB
1100000933,2026-08-01 16:37:00,간선상차,수도권HUB
1100000933,2026-08-02 02:37:00,간선하차,수도권HUB
1100000933,2026-08-02 05:37:00,배송출발,수도권HUB
1100000933,2026-08-02 11:37:00,배송완료,수도권HUB
1100000934,2026-06-30 00:51:00,집화처리,수도권HUB
1100000934,2026-06-30 12:51:00,간선상차,수도권HUB
1100000934,2026-06-30 17:51:00,간선하차,수도권HUB
1100000934,2026-07-01 07:51:00,배송출발,수도권HUB
1100000934,2026-07-02 00:51:00,배송완료,수도권HUB
3100000935,2026-07-07 11:10:00,집화처리,영남HUB
3100000935,2026-07-08 02:10:00,간선상차,영남HUB
3100000935,2026-07-08 11:10:00,간선하차,영남HUB
3100000935,2026-07-08 20:10:00,배송출발,영남HUB
3100000935,2026-07-09 14:10:00,배송완료,영남HUB
1100000936,2026-06-16 05:13:00,집화처리,수도권HUB
1100000936,2026-06-16 09:13:00,간선상차,수도권HUB
1100000936,2026-06-16 20:13:00,간선하차,수도권HUB
1100000936,2026-06-17 07:13:00,배송출발,수도권HUB
1100000936,2026-06-17 10:13:00,배송완료,수도권HUB
1200000937,2026-06-07 07:11:00,집화처리,수도권HUB
1200000937,2026-06-07 22:11:00,간선상차,수도권HUB
1200000937,2026-06-08 13:11:00,간선하차,수도권HUB
1200000937,2026-06-08 19:11:00,배송출발,수도권HUB
1200000937,2026-06-09 07:11:00,배송완료,수도권HUB
1100000938,2026-07-07 00:34:00,집화처리,영남HUB
1100000938,2026-07-07 04:34:00,간선상차,영남HUB
1100000938,2026-07-08 00:34:00,간선하차,영남HUB
1100000938,2026-07-08 18:34:00,배송출발,영남HUB
1100000938,2026-07-08 21:34:00,배송완료,영남HUB
1200000939,2026-05-14 05:28:00,집화처리,중부HUB
1200000939,2026-05-14 15:28:00,간선상차,중부HUB
1200000939,2026-05-15 08:28:00,간선하차,중부HUB
1200000939,2026-05-16 04:28:00,배송출발,중부HUB
1200000939,2026-05-16 22:28:00,배송완료,중부HUB
1100000940,2026-08-04 07:57:00,집화처리,중부HUB
1100000940,2026-08-04 11:57:00,간선상차,중부HUB
1100000940,2026-08-04 19:57:00,간선하차,중부HUB
1100000940,2026-08-05 03:57:00,배송출발,중부HUB
1100000941,2026-05-27 03:07:00,집화처리,중부HUB
1100000941,2026-05-27 22:07:00,간선상차,중부HUB
1100000941,2026-05-28 05:07:00,간선하차,중부HUB
1100000941,2026-05-28 21:07:00,배송출발,중부HUB
1100000941,2026-05-29 00:07:00,배송완료,중부HUB
3100000942,2026-07-08 09:15:00,집화처리,영남HUB
3100000942,2026-07-08 22:15:00,간선상차,영남HUB
3100000942,2026-07-09 02:15:00,간선하차,영남HUB
3100000942,2026-07-09 22:15:00,배송출발,영남HUB
3100000942,2026-07-10 03:15:00,배송완료,영남HUB
1100000943,2026-07-27 20:47:00,집화처리,수도권HUB
1100000943,2026-07-28 04:47:00,간선상차,수도권HUB
1100000943,2026-07-28 21:47:00,간선하차,수도권HUB
1100000943,2026-07-29 13:47:00,배송출발,수도권HUB
1100000943,2026-07-29 20:47:00,배송완료,수도권HUB
2100000944,2026-07-16 04:22:00,집화처리,수도권HUB
2100000944,2026-07-17 00:22:00,간선상차,수도권HUB
2100000944,2026-07-17 18:22:00,간선하차,수도권HUB
2100000944,2026-07-18 10:22:00,배송출발,수도권HUB
2100000944,2026-07-19 02:22:00,배송완료,수도권HUB
3200000945,2026-06-27 11:10:00,집화처리,영남HUB
3200000945,2026-06-28 07:10:00,간선상차,영남HUB
3200000945,2026-06-28 13:10:00,간선하차,영남HUB
3200000945,2026-06-29 09:10:00,배송출발,영남HUB
3200000945,2026-06-29 15:10:00,배송완료,영남HUB
3200000946,2026-05-13 00:17:00,집화처리,수도권HUB
3200000946,2026-05-13 19:17:00,간선상차,수도권HUB
3200000946,2026-05-14 05:17:00,간선하차,수도권HUB
3200000946,2026-05-15 00:17:00,배송출발,수도권HUB
3200000946,2026-05-15 18:17:00,배송완료,수도권HUB
3100000947,2026-07-28 04:24:00,집화처리,영남HUB
3100000947,2026-07-28 16:24:00,간선상차,영남HUB
3100000947,2026-07-28 23:24:00,간선하차,영남HUB
3100000947,2026-07-29 08:24:00,배송출발,영남HUB
3100000947,2026-07-30 03:24:00,배송완료,영남HUB
1100000948,2026-07-01 00:50:00,집화처리,수도권HUB
1100000948,2026-07-01 05:50:00,간선상차,수도권HUB
1100000948,2026-07-01 18:50:00,간선하차,수도권HUB
1100000948,2026-07-02 00:50:00,배송출발,수도권HUB
1100000948,2026-07-02 09:50:00,배송완료,수도권HUB
1100000949,2026-05-08 15:35:00,집화처리,중부HUB
1100000949,2026-05-08 22:35:00,간선상차,중부HUB
1100000949,2026-05-09 08:35:00,간선하차,중부HUB
1100000949,2026-05-09 22:35:00,배송출발,중부HUB
1100000949,2026-05-10 08:35:00,배송완료,중부HUB
1100000950,2026-05-26 03:10:00,집화처리,수도권HUB
1100000950,2026-05-26 17:10:00,간선상차,수도권HUB
1100000950,2026-05-27 11:10:00,간선하차,수도권HUB
1100000950,2026-05-28 02:10:00,배송출발,수도권HUB
1100000950,2026-05-28 09:10:00,배송완료,수도권HUB
1100000951,2026-06-26 21:01:00,집화처리,영남HUB
1100000951,2026-06-27 04:01:00,간선상차,영남HUB
1100000951,2026-06-27 20:01:00,간선하차,영남HUB
1100000951,2026-06-28 01:01:00,배송출발,영남HUB
1100000951,2026-06-28 04:01:00,배송완료,영남HUB
3100000952,2026-07-07 22:55:00,집화처리,중부HUB
3100000952,2026-07-08 03:55:00,간선상차,중부HUB
3100000952,2026-07-08 13:55:00,간선하차,중부HUB
3100000952,2026-07-09 03:55:00,배송출발,중부HUB
3100000952,2026-07-09 07:55:00,배송완료,중부HUB
1100000953,2026-05-05 16:20:00,집화처리,수도권HUB
1100000953,2026-05-06 02:20:00,간선상차,수도권HUB
1100000953,2026-05-06 09:20:00,간선하차,수도권HUB
1100000953,2026-05-07 01:20:00,배송출발,수도권HUB
1100000953,2026-05-07 11:20:00,배송완료,수도권HUB
4100000954,2026-06-17 03:22:00,집화처리,중부HUB
4100000954,2026-06-17 16:22:00,간선상차,중부HUB
4100000954,2026-06-18 12:22:00,간선하차,중부HUB
4100000954,2026-06-19 05:22:00,배송출발,중부HUB
4100000954,2026-06-19 22:22:00,배송완료,중부HUB
3200000955,2026-06-23 21:30:00,집화처리,영남HUB
3200000955,2026-06-24 03:30:00,간선상차,영남HUB
3200000955,2026-06-24 09:30:00,간선하차,영남HUB
3200000955,2026-06-24 14:30:00,배송출발,영남HUB
3200000955,2026-06-25 08:30:00,배송완료,영남HUB
1100000956,2026-06-15 22:15:00,집화처리,중부HUB
1100000956,2026-06-16 16:15:00,간선상차,중부HUB
1100000956,2026-06-17 08:15:00,간선하차,중부HUB
1100000956,2026-06-17 14:15:00,배송출발,중부HUB
1100000956,2026-06-18 00:15:00,배송완료,중부HUB
4100000957,2026-06-18 23:11:00,집화처리,영남HUB
4100000957,2026-06-19 11:11:00,간선상차,영남HUB
4100000957,2026-06-20 04:11:00,간선하차,영남HUB
4100000957,2026-06-20 14:11:00,배송출발,영남HUB
4100000957,2026-06-21 08:11:00,배송완료,영남HUB
3200000958,2026-07-28 08:38:00,집화처리,수도권HUB
3200000958,2026-07-29 02:38:00,간선상차,수도권HUB
3200000958,2026-07-29 13:38:00,간선하차,수도권HUB
3200000958,2026-07-29 22:38:00,배송출발,수도권HUB
3200000958,2026-07-30 01:38:00,배송완료,수도권HUB
2100000959,2026-07-12 23:04:00,집화처리,영남HUB
2100000959,2026-07-13 13:04:00,간선상차,영남HUB
2100000959,2026-07-14 05:04:00,간선하차,영남HUB
2100000959,2026-07-14 17:04:00,배송출발,영남HUB
2100000959,2026-07-15 09:04:00,배송완료,영남HUB
2100000960,2026-07-06 06:23:00,집화처리,중부HUB
2100000960,2026-07-06 14:23:00,간선상차,중부HUB
2100000960,2026-07-06 20:23:00,간선하차,중부HUB
2100000960,2026-07-06 23:23:00,배송출발,중부HUB
2100000960,2026-07-07 05:23:00,배송완료,중부HUB
1100000961,2026-08-03 23:15:00,집화처리,중부HUB
1100000961,2026-08-04 19:15:00,간선상차,중부HUB
1100000961,2026-08-05 07:15:00,간선하차,중부HUB
1100000961,2026-08-05 18:15:00,배송출발,중부HUB
1100000961,2026-08-06 06:15:00,배송완료,중부HUB
3100000962,2026-06-18 02:07:00,집화처리,수도권HUB
3100000962,2026-06-18 11:07:00,간선상차,수도권HUB
3100000962,2026-06-18 18:07:00,간선하차,수도권HUB
3100000962,2026-06-19 12:07:00,배송출발,수도권HUB
3100000962,2026-06-20 00:07:00,배송완료,수도권HUB
1100000963,2026-07-27 21:17:00,집화처리,중부HUB
1100000963,2026-07-28 15:17:00,간선상차,중부HUB
1100000963,2026-07-29 05:17:00,간선하차,중부HUB
1100000963,2026-07-29 10:17:00,배송출발,중부HUB
1100000963,2026-07-29 16:17:00,배송완료,중부HUB
4100000964,2026-07-20 05:54:00,집화처리,영남HUB
4100000964,2026-07-20 08:54:00,간선상차,영남HUB
4100000964,2026-07-20 16:54:00,간선하차,영남HUB
4100000964,2026-07-20 22:54:00,배송출발,영남HUB
4100000964,2026-07-21 16:54:00,배송완료,영남HUB
1200000965,2026-06-01 16:05:00,집화처리,수도권HUB
1200000965,2026-06-02 01:05:00,간선상차,수도권HUB
1200000965,2026-06-02 04:05:00,간선하차,수도권HUB
1200000965,2026-06-02 09:05:00,배송출발,수도권HUB
1200000965,2026-06-02 16:05:00,배송완료,수도권HUB
1100000966,2026-06-09 10:38:00,집화처리,중부HUB
1100000966,2026-06-09 18:38:00,간선상차,중부HUB
1100000966,2026-06-10 11:38:00,간선하차,중부HUB
1100000966,2026-06-10 22:38:00,배송출발,중부HUB
1100000966,2026-06-11 03:38:00,배송완료,중부HUB
1100000967,2026-06-30 06:51:00,집화처리,수도권HUB
1100000967,2026-06-30 13:51:00,간선상차,수도권HUB
1100000967,2026-06-30 22:51:00,간선하차,수도권HUB
1100000967,2026-07-01 01:51:00,배송출발,수도권HUB
1100000967,2026-07-01 20:51:00,배송완료,수도권HUB
1100000968,2026-05-07 20:06:00,집화처리,영남HUB
1100000968,2026-05-08 08:06:00,간선상차,영남HUB
1100000968,2026-05-08 19:06:00,간선하차,영남HUB
1100000968,2026-05-09 01:06:00,배송출발,영남HUB
1100000968,2026-05-09 10:06:00,배송완료,영남HUB
4100000969,2026-07-13 15:07:00,집화처리,호남HUB
4100000969,2026-07-14 11:07:00,간선상차,호남HUB
4100000969,2026-07-15 00:07:00,간선하차,호남HUB
4100000969,2026-07-15 11:07:00,배송출발,호남HUB
4100000969,2026-07-15 17:07:00,배송완료,호남HUB
1200000970,2026-07-02 00:20:00,집화처리,영남HUB
1200000970,2026-07-02 12:20:00,간선상차,영남HUB
1200000970,2026-07-03 03:20:00,간선하차,영남HUB
1200000970,2026-07-03 11:20:00,배송출발,영남HUB
1200000970,2026-07-04 04:20:00,배송완료,영남HUB
4100000971,2026-07-23 05:27:00,집화처리,호남HUB
4100000971,2026-07-23 14:27:00,간선상차,호남HUB
4100000971,2026-07-24 09:27:00,간선하차,호남HUB
4100000971,2026-07-25 03:27:00,배송출발,호남HUB
4100000971,2026-07-25 16:27:00,배송완료,호남HUB
3200000972,2026-05-30 10:50:00,집화처리,영남HUB
3200000972,2026-05-30 22:50:00,간선상차,영남HUB
3200000972,2026-05-31 06:50:00,간선하차,영남HUB
3200000972,2026-05-31 13:50:00,배송출발,영남HUB
3200000972,2026-06-01 02:50:00,배송완료,영남HUB
3100000973,2026-07-03 12:16:00,집화처리,중부HUB
3100000973,2026-07-03 21:16:00,간선상차,중부HUB
3100000973,2026-07-04 14:16:00,간선하차,중부HUB
3100000973,2026-07-05 00:16:00,배송출발,중부HUB
3100000973,2026-07-05 20:16:00,배송완료,중부HUB
3100000974,2026-07-07 05:23:00,집화처리,영남HUB
3100000974,2026-07-07 14:23:00,간선상차,영남HUB
3100000974,2026-07-08 06:23:00,간선하차,영남HUB
3100000974,2026-07-08 14:23:00,배송출발,영남HUB
3100000974,2026-07-09 06:23:00,배송완료,영남HUB
1200000975,2026-06-06 22:39:00,집화처리,영남HUB
1200000975,2026-06-07 04:39:00,간선상차,영남HUB
1200000975,2026-06-07 23:39:00,간선하차,영남HUB
1200000975,2026-06-08 02:39:00,배송출발,영남HUB
1200000975,2026-06-08 16:39:00,배송완료,영남HUB
1200000976,2026-05-31 07:14:00,집화처리,영남HUB
1200000976,2026-05-31 16:14:00,간선상차,영남HUB
1200000976,2026-06-01 08:14:00,간선하차,영남HUB
1200000976,2026-06-01 20:14:00,배송출발,영남HUB
1200000976,2026-06-02 14:14:00,배송완료,영남HUB
1100000977,2026-07-20 03:31:00,집화처리,영남HUB
1100000977,2026-07-20 19:31:00,간선상차,영남HUB
1100000977,2026-07-21 08:31:00,간선하차,영남HUB
1100000977,2026-07-22 03:31:00,배송출발,영남HUB
1100000977,2026-07-22 07:31:00,배송완료,영남HUB
3100000978,2026-05-26 08:52:00,집화처리,수도권HUB
3100000978,2026-05-27 00:52:00,간선상차,수도권HUB
3100000978,2026-05-27 11:52:00,간선하차,수도권HUB
3100000978,2026-05-27 17:52:00,배송출발,수도권HUB
3100000978,2026-05-27 22:52:00,배송완료,수도권HUB
2100000979,2026-07-13 23:44:00,집화처리,중부HUB
2100000979,2026-07-14 15:44:00,간선상차,중부HUB
2100000979,2026-07-15 01:44:00,간선하차,중부HUB
2100000979,2026-07-15 11:44:00,배송출발,중부HUB
2100000979,2026-07-16 04:44:00,배송완료,중부HUB
1100000980,2026-07-18 12:37:00,집화처리,수도권HUB
1100000980,2026-07-19 06:37:00,간선상차,수도권HUB
1100000980,2026-07-19 17:37:00,간선하차,수도권HUB
1100000980,2026-07-20 03:37:00,배송출발,수도권HUB
1100000980,2026-07-20 10:37:00,배송완료,수도권HUB
3100000981,2026-05-30 07:49:00,집화처리,수도권HUB
3100000981,2026-05-31 01:49:00,간선상차,수도권HUB
3100000981,2026-05-31 12:49:00,간선하차,수도권HUB
3100000981,2026-06-01 01:49:00,배송출발,수도권HUB
3100000981,2026-06-01 12:49:00,배송완료,수도권HUB
1100000982,2026-05-12 06:12:00,집화처리,수도권HUB
1100000982,2026-05-12 20:12:00,간선상차,수도권HUB
1100000982,2026-05-13 15:12:00,간선하차,수도권HUB
1100000982,2026-05-14 04:12:00,배송출발,수도권HUB
1100000982,2026-05-14 19:12:00,배송완료,수도권HUB
3100000983,2026-05-26 09:10:00,집화처리,영남HUB
3100000983,2026-05-26 19:10:00,간선상차,영남HUB
3100000983,2026-05-27 05:10:00,간선하차,영남HUB
3100000983,2026-05-27 19:10:00,배송출발,영남HUB
3100000983,2026-05-28 15:10:00,배송완료,영남HUB
1100000984,2026-06-09 00:25:00,집화처리,수도권HUB
1100000984,2026-06-09 11:25:00,간선상차,수도권HUB
1100000984,2026-06-10 07:25:00,간선하차,수도권HUB
1100000984,2026-06-11 00:25:00,배송출발,수도권HUB
1100000984,2026-06-11 14:25:00,배송완료,수도권HUB
1100000985,2026-06-08 20:18:00,집화처리,호남HUB
1100000985,2026-06-08 23:18:00,간선상차,호남HUB
1100000985,2026-06-09 10:18:00,간선하차,호남HUB
1100000985,2026-06-09 23:18:00,배송출발,호남HUB
1100000985,2026-06-10 04:18:00,배송완료,호남HUB
2100000986,2026-07-17 22:33:00,집화처리,수도권HUB
2100000986,2026-07-18 03:33:00,간선상차,수도권HUB
2100000986,2026-07-18 10:33:00,간선하차,수도권HUB
2100000986,2026-07-18 18:33:00,배송출발,수도권HUB
2100000986,2026-07-19 04:33:00,배송완료,수도권HUB
4100000987,2026-07-17 02:32:00,집화처리,영남HUB
4100000987,2026-07-17 16:32:00,간선상차,영남HUB
4100000987,2026-07-17 22:32:00,간선하차,영남HUB
4100000987,2026-07-18 05:32:00,배송출발,영남HUB
4100000987,2026-07-18 19:32:00,배송완료,영남HUB
1200000988,2026-06-24 11:23:00,집화처리,영남HUB
1200000988,2026-06-25 00:23:00,간선상차,영남HUB
1200000988,2026-06-25 09:23:00,간선하차,영남HUB
1200000988,2026-06-25 14:23:00,배송출발,영남HUB
1200000988,2026-06-26 03:23:00,배송완료,영남HUB
2100000989,2026-05-31 06:23:00,집화처리,영남HUB
2100000989,2026-05-31 20:23:00,간선상차,영남HUB
2100000989,2026-06-01 14:23:00,간선하차,영남HUB
2100000989,2026-06-02 07:23:00,배송출발,영남HUB
2100000989,2026-06-02 12:23:00,배송완료,영남HUB
3100000990,2026-07-14 02:15:00,집화처리,수도권HUB
3100000990,2026-07-14 20:15:00,간선상차,수도권HUB
3100000990,2026-07-15 03:15:00,간선하차,수도권HUB
3100000990,2026-07-15 17:15:00,배송출발,수도권HUB
3100000990,2026-07-15 20:15:00,배송완료,수도권HUB
4100000991,2026-05-07 05:21:00,집화처리,영남HUB
4100000991,2026-05-07 18:21:00,간선상차,영남HUB
4100000991,2026-05-08 08:21:00,간선하차,영남HUB
4100000991,2026-05-09 04:21:00,배송출발,영남HUB
4100000991,2026-05-09 07:21:00,배송완료,영남HUB
4100000992,2026-05-27 07:50:00,집화처리,영남HUB
4100000992,2026-05-27 17:50:00,간선상차,영남HUB
4100000992,2026-05-28 09:50:00,간선하차,영남HUB
4100000992,2026-05-28 21:50:00,배송출발,영남HUB
4100000992,2026-05-29 09:50:00,배송완료,영남HUB
3200000993,2026-07-31 10:35:00,집화처리,수도권HUB
3200000993,2026-07-31 15:35:00,간선상차,수도권HUB
3200000993,2026-08-01 01:35:00,간선하차,수도권HUB
3200000993,2026-08-01 12:35:00,배송출발,수도권HUB
3200000993,2026-08-02 02:35:00,배송완료,수도권HUB
2100000994,2026-06-08 01:30:00,집화처리,영남HUB
2100000994,2026-06-08 04:30:00,간선상차,영남HUB
2100000994,2026-06-08 16:30:00,간선하차,영남HUB
2100000994,2026-06-09 10:30:00,배송출발,영남HUB
2100000994,2026-06-09 16:30:00,배송완료,영남HUB
3200000995,2026-07-23 05:40:00,집화처리,수도권HUB
3200000995,2026-07-23 16:40:00,간선상차,수도권HUB
3200000995,2026-07-23 21:40:00,간선하차,수도권HUB
3200000995,2026-07-24 15:40:00,배송출발,수도권HUB
3200000995,2026-07-25 03:40:00,배송완료,수도권HUB
3100000996,2026-06-29 20:40:00,집화처리,영남HUB
3100000996,2026-06-30 13:40:00,간선상차,영남HUB
3100000996,2026-07-01 02:40:00,간선하차,영남HUB
3100000996,2026-07-01 13:40:00,배송출발,영남HUB
3100000996,2026-07-01 20:40:00,배송완료,영남HUB
1200000997,2026-07-01 21:26:00,집화처리,중부HUB
1200000997,2026-07-02 02:26:00,간선상차,중부HUB
1200000997,2026-07-02 18:26:00,간선하차,중부HUB
1200000997,2026-07-03 10:26:00,배송출발,중부HUB
1200000997,2026-07-04 03:26:00,배송완료,중부HUB
4100000998,2026-05-26 04:54:00,집화처리,중부HUB
4100000998,2026-05-26 18:54:00,간선상차,중부HUB
4100000998,2026-05-27 08:54:00,간선하차,중부HUB
4100000998,2026-05-27 22:54:00,배송출발,중부HUB
4100000998,2026-05-28 15:54:00,배송완료,중부HUB
2100000999,2026-06-09 00:33:00,집화처리,수도권HUB
2100000999,2026-06-09 11:33:00,간선상차,수도권HUB
2100000999,2026-06-10 02:33:00,간선하차,수도권HUB
2100000999,2026-06-10 19:33:00,배송출발,수도권HUB
2100000999,2026-06-11 00:33:00,배송완료,수도권HUB
3100001000,2026-07-11 09:00:00,집화처리,중부HUB
3100001000,2026-07-11 18:00:00,간선상차,중부HUB
3100001000,2026-07-11 21:00:00,간선하차,중부HUB
3100001000,2026-07-12 10:00:00,배송출발,중부HUB
3100001000,2026-07-12 15:00:00,배송완료,중부HUB
1100001001,2026-06-02 07:12:00,집화처리,영남HUB
1100001001,2026-06-02 21:12:00,간선상차,영남HUB
1100001001,2026-06-03 08:12:00,간선하차,영남HUB
1100001001,2026-06-04 03:12:00,배송출발,영남HUB
1100001001,2026-06-04 13:12:00,배송완료,영남HUB
2100001002,2026-07-24 12:46:00,집화처리,중부HUB
2100001002,2026-07-24 20:46:00,간선상차,중부HUB
2100001002,2026-07-25 13:46:00,간선하차,중부HUB
2100001002,2026-07-26 01:46:00,배송출발,중부HUB
2100001002,2026-07-26 18:46:00,배송완료,중부HUB
2100001003,2026-06-04 09:56:00,집화처리,수도권HUB
2100001003,2026-06-04 19:56:00,간선상차,수도권HUB
2100001003,2026-06-05 13:56:00,간선하차,수도권HUB
2100001003,2026-06-06 03:56:00,배송출발,수도권HUB
2100001003,2026-06-06 13:56:00,배송완료,수도권HUB
1100001004,2026-06-19 20:39:00,집화처리,영남HUB
1100001004,2026-06-20 06:39:00,간선상차,영남HUB
1100001004,2026-06-21 01:39:00,간선하차,영남HUB
1100001004,2026-06-21 11:39:00,배송출발,영남HUB
1100001004,2026-06-22 03:39:00,배송완료,영남HUB
1100001005,2026-05-07 20:22:00,집화처리,중부HUB
1100001005,2026-05-08 02:22:00,간선상차,중부HUB
1100001005,2026-05-08 15:22:00,간선하차,중부HUB
1100001005,2026-05-09 07:22:00,배송출발,중부HUB
1100001005,2026-05-09 13:22:00,배송완료,중부HUB
1100001006,2026-05-22 02:14:00,집화처리,영남HUB
1100001006,2026-05-22 06:14:00,간선상차,영남HUB
1100001006,2026-05-22 17:14:00,간선하차,영남HUB
1100001006,2026-05-23 08:14:00,배송출발,영남HUB
1100001006,2026-05-23 17:14:00,배송완료,영남HUB
3100001007,2026-07-05 09:33:00,집화처리,중부HUB
3100001007,2026-07-05 12:33:00,간선상차,중부HUB
3100001007,2026-07-06 05:33:00,간선하차,중부HUB
3100001007,2026-07-06 22:33:00,배송출발,중부HUB
3100001007,2026-07-07 05:33:00,배송완료,중부HUB
3100001008,2026-07-14 02:48:00,집화처리,수도권HUB
3100001008,2026-07-14 05:48:00,간선상차,수도권HUB
3100001008,2026-07-14 10:48:00,간선하차,수도권HUB
3100001008,2026-07-14 19:48:00,배송출발,수도권HUB
3100001008,2026-07-15 04:48:00,배송완료,수도권HUB
1100001009,2026-08-04 03:05:00,집화처리,영남HUB
1100001009,2026-08-04 22:05:00,간선상차,영남HUB
1100001009,2026-08-05 14:05:00,간선하차,영남HUB
1100001009,2026-08-06 10:05:00,배송출발,영남HUB
1200001010,2026-06-04 02:13:00,집화처리,영남HUB
1200001010,2026-06-04 08:13:00,간선상차,영남HUB
1200001010,2026-06-05 02:13:00,간선하차,영남HUB
1200001010,2026-06-05 18:13:00,배송출발,영남HUB
1200001010,2026-06-06 00:13:00,배송완료,영남HUB
2100001011,2026-07-06 20:27:00,집화처리,중부HUB
2100001011,2026-07-07 11:27:00,간선상차,중부HUB
2100001011,2026-07-08 04:27:00,간선하차,중부HUB
2100001011,2026-07-09 00:27:00,배송출발,중부HUB
2100001011,2026-07-09 04:27:00,배송완료,중부HUB
2100001012,2026-07-23 03:58:00,집화처리,수도권HUB
2100001012,2026-07-23 13:58:00,간선상차,수도권HUB
2100001012,2026-07-23 17:58:00,간선하차,수도권HUB
2100001012,2026-07-24 02:58:00,배송출발,수도권HUB
2100001012,2026-07-24 15:58:00,배송완료,수도권HUB
2100001013,2026-07-09 05:02:00,집화처리,영남HUB
2100001013,2026-07-09 12:02:00,간선상차,영남HUB
2100001013,2026-07-10 03:02:00,간선하차,영남HUB
2100001013,2026-07-10 15:02:00,배송출발,영남HUB
2100001013,2026-07-11 10:02:00,배송완료,영남HUB
2100001014,2026-06-17 20:39:00,집화처리,호남HUB
2100001014,2026-06-18 02:39:00,간선상차,호남HUB
2100001014,2026-06-18 16:39:00,간선하차,호남HUB
2100001014,2026-06-18 19:39:00,배송출발,호남HUB
2100001014,2026-06-19 14:39:00,배송완료,호남HUB
1200001015,2026-06-01 19:13:00,집화처리,영남HUB
1200001015,2026-06-02 06:13:00,간선상차,영남HUB
1200001015,2026-06-03 01:13:00,간선하차,영남HUB
1200001015,2026-06-03 06:13:00,배송출발,영남HUB
1200001015,2026-06-03 15:13:00,배송완료,영남HUB
4100001016,2026-07-14 03:15:00,집화처리,수도권HUB
4100001016,2026-07-14 12:15:00,간선상차,수도권HUB
4100001016,2026-07-15 04:15:00,간선하차,수도권HUB
4100001016,2026-07-15 19:15:00,배송출발,수도권HUB
4100001016,2026-07-16 07:15:00,배송완료,수도권HUB
1100001017,2026-07-22 20:07:00,집화처리,수도권HUB
1100001017,2026-07-23 15:07:00,간선상차,수도권HUB
1100001017,2026-07-24 10:07:00,간선하차,수도권HUB
1100001017,2026-07-24 18:07:00,배송출발,수도권HUB
1100001017,2026-07-24 21:07:00,배송완료,수도권HUB
1100001018,2026-05-08 21:25:00,집화처리,수도권HUB
1100001018,2026-05-09 00:25:00,간선상차,수도권HUB
1100001018,2026-05-09 13:25:00,간선하차,수도권HUB
1100001018,2026-05-10 07:25:00,배송출발,수도권HUB
1100001018,2026-05-10 22:25:00,배송완료,수도권HUB
3100001019,2026-06-24 22:11:00,집화처리,영남HUB
3100001019,2026-06-25 03:11:00,간선상차,영남HUB
3100001019,2026-06-25 06:11:00,간선하차,영남HUB
3100001019,2026-06-26 00:11:00,배송출발,영남HUB
3100001019,2026-06-26 08:11:00,배송완료,영남HUB
1100001020,2026-06-08 01:13:00,집화처리,수도권HUB
1100001020,2026-06-08 05:13:00,간선상차,수도권HUB
1100001020,2026-06-08 10:13:00,간선하차,수도권HUB
1100001020,2026-06-08 19:13:00,배송출발,수도권HUB
1100001020,2026-06-09 04:13:00,배송완료,수도권HUB
3100001021,2026-07-28 00:06:00,집화처리,수도권HUB
3100001021,2026-07-28 07:06:00,간선상차,수도권HUB
3100001021,2026-07-28 22:06:00,간선하차,수도권HUB
3100001021,2026-07-29 13:06:00,배송출발,수도권HUB
3100001021,2026-07-29 20:06:00,배송완료,수도권HUB
3200001022,2026-08-06 07:00:00,집화처리,중부HUB
3200001022,2026-08-06 14:00:00,간선상차,중부HUB
3200001022,2026-08-07 05:00:00,간선하차,중부HUB
3200001022,2026-08-07 20:00:00,배송출발,중부HUB
1100001023,2026-07-25 09:59:00,집화처리,수도권HUB
1100001023,2026-07-25 20:59:00,간선상차,수도권HUB
1100001023,2026-07-26 02:59:00,간선하차,수도권HUB
1100001023,2026-07-26 15:59:00,배송출발,수도권HUB
1100001023,2026-07-27 08:59:00,배송완료,수도권HUB
1100001024,2026-05-26 05:46:00,집화처리,호남HUB
1100001024,2026-05-26 15:46:00,간선상차,호남HUB
1100001024,2026-05-27 09:46:00,간선하차,호남HUB
1100001024,2026-05-27 19:46:00,배송출발,호남HUB
1100001024,2026-05-28 12:46:00,배송완료,호남HUB
1200001025,2026-05-26 05:02:00,집화처리,수도권HUB
1200001025,2026-05-26 12:02:00,간선상차,수도권HUB
1200001025,2026-05-26 21:02:00,간선하차,수도권HUB
1200001025,2026-05-27 04:02:00,배송출발,수도권HUB
1200001025,2026-05-27 15:02:00,배송완료,수도권HUB
4100001026,2026-06-01 22:04:00,집화처리,중부HUB
4100001026,2026-06-02 18:04:00,간선상차,중부HUB
4100001026,2026-06-03 00:04:00,간선하차,중부HUB
4100001026,2026-06-03 11:04:00,배송출발,중부HUB
4100001026,2026-06-04 07:04:00,배송완료,중부HUB
1200001027,2026-07-11 06:01:00,집화처리,중부HUB
1200001027,2026-07-11 09:01:00,간선상차,중부HUB
1200001027,2026-07-12 01:01:00,간선하차,중부HUB
1200001027,2026-07-12 07:01:00,배송출발,중부HUB
1200001027,2026-07-13 02:01:00,배송완료,중부HUB
1200001028,2026-05-31 01:01:00,집화처리,수도권HUB
1200001028,2026-05-31 04:01:00,간선상차,수도권HUB
1200001028,2026-05-31 18:01:00,간선하차,수도권HUB
1200001028,2026-06-01 01:01:00,배송출발,수도권HUB
1200001028,2026-06-01 19:01:00,배송완료,수도권HUB
4100001029,2026-06-30 07:18:00,집화처리,영남HUB
4100001029,2026-06-30 23:18:00,간선상차,영남HUB
4100001029,2026-07-01 17:18:00,간선하차,영남HUB
4100001029,2026-07-02 03:18:00,배송출발,영남HUB
4100001029,2026-07-02 17:18:00,배송완료,영남HUB
2100001030,2026-05-06 12:50:00,집화처리,영남HUB
2100001030,2026-05-07 00:50:00,간선상차,영남HUB
2100001030,2026-05-07 08:50:00,간선하차,영남HUB
2100001030,2026-05-08 00:50:00,배송출발,영남HUB
2100001030,2026-05-08 20:50:00,배송완료,영남HUB
1200001031,2026-05-05 07:28:00,집화처리,수도권HUB
1200001031,2026-05-05 15:28:00,간선상차,수도권HUB
1200001031,2026-05-05 21:28:00,간선하차,수도권HUB
1200001031,2026-05-06 05:28:00,배송출발,수도권HUB
1200001031,2026-05-07 01:28:00,배송완료,수도권HUB
1100001032,2026-06-29 22:09:00,집화처리,제주HUB
1100001032,2026-06-30 09:09:00,간선상차,제주HUB
1100001032,2026-06-30 12:09:00,간선하차,제주HUB
1100001032,2026-07-01 03:09:00,배송출발,제주HUB
1100001032,2026-07-01 10:09:00,배송완료,제주HUB
3200001033,2026-07-20 15:02:00,집화처리,수도권HUB
3200001033,2026-07-21 06:02:00,간선상차,수도권HUB
3200001033,2026-07-21 16:02:00,간선하차,수도권HUB
3200001033,2026-07-21 19:02:00,배송출발,수도권HUB
3200001033,2026-07-22 12:02:00,배송완료,수도권HUB
4100001034,2026-06-26 05:30:00,집화처리,중부HUB
4100001034,2026-06-26 19:30:00,간선상차,중부HUB
4100001034,2026-06-27 12:30:00,간선하차,중부HUB
4100001034,2026-06-28 01:30:00,배송출발,중부HUB
4100001034,2026-06-28 04:30:00,배송완료,중부HUB
2100001035,2026-07-02 18:16:00,집화처리,중부HUB
2100001035,2026-07-03 05:16:00,간선상차,중부HUB
2100001035,2026-07-03 22:16:00,간선하차,중부HUB
2100001035,2026-07-04 12:16:00,배송출발,중부HUB
2100001035,2026-07-04 16:16:00,배송완료,중부HUB
1100001036,2026-06-23 21:11:00,집화처리,수도권HUB
1100001036,2026-06-24 15:11:00,간선상차,수도권HUB
1100001036,2026-06-25 05:11:00,간선하차,수도권HUB
1100001036,2026-06-25 17:11:00,배송출발,수도권HUB
1100001036,2026-06-26 04:11:00,배송완료,수도권HUB
4100001037,2026-07-03 09:37:00,집화처리,제주HUB
4100001037,2026-07-04 00:37:00,간선상차,제주HUB
4100001037,2026-07-04 18:37:00,간선하차,제주HUB
4100001037,2026-07-05 14:37:00,배송출발,제주HUB
4100001037,2026-07-06 04:37:00,배송완료,제주HUB
1200001038,2026-05-06 21:34:00,집화처리,영남HUB
1200001038,2026-05-07 02:34:00,간선상차,영남HUB
1200001038,2026-05-07 10:34:00,간선하차,영남HUB
1200001038,2026-05-07 18:34:00,배송출발,영남HUB
1200001038,2026-05-08 12:34:00,배송완료,영남HUB
2100001039,2026-05-25 20:18:00,집화처리,수도권HUB
2100001039,2026-05-26 15:18:00,간선상차,수도권HUB
2100001039,2026-05-27 08:18:00,간선하차,수도권HUB
2100001039,2026-05-27 18:18:00,배송출발,수도권HUB
2100001039,2026-05-28 01:18:00,배송완료,수도권HUB
4100001040,2026-08-04 02:29:00,집화처리,수도권HUB
4100001040,2026-08-04 21:29:00,간선상차,수도권HUB
4100001040,2026-08-05 12:29:00,간선하차,수도권HUB
4100001040,2026-08-05 19:29:00,배송출발,수도권HUB
4100001040,2026-08-06 12:29:00,배송완료,수도권HUB
1100001041,2026-06-08 20:33:00,집화처리,중부HUB
1100001041,2026-06-09 04:33:00,간선상차,중부HUB
1100001041,2026-06-09 12:33:00,간선하차,중부HUB
1100001041,2026-06-10 04:33:00,배송출발,중부HUB
1100001041,2026-06-10 19:33:00,배송완료,중부HUB
1100001042,2026-05-07 11:20:00,집화처리,호남HUB
1100001042,2026-05-08 07:20:00,간선상차,호남HUB
1100001042,2026-05-08 11:20:00,간선하차,호남HUB
1100001042,2026-05-09 00:20:00,배송출발,호남HUB
1100001042,2026-05-09 08:20:00,배송완료,호남HUB
1100001043,2026-07-11 02:13:00,집화처리,호남HUB
1100001043,2026-07-11 08:13:00,간선상차,호남HUB
1100001043,2026-07-11 21:13:00,간선하차,호남HUB
1100001043,2026-07-12 11:13:00,배송출발,호남HUB
1100001043,2026-07-13 05:13:00,배송완료,호남HUB
4100001044,2026-07-13 23:49:00,집화처리,수도권HUB
4100001044,2026-07-14 06:49:00,간선상차,수도권HUB
4100001044,2026-07-14 23:49:00,간선하차,수도권HUB
4100001044,2026-07-15 15:49:00,배송출발,수도권HUB
4100001044,2026-07-16 06:49:00,배송완료,수도권HUB
1100001045,2026-05-16 00:42:00,집화처리,수도권HUB
1100001045,2026-05-16 11:42:00,간선상차,수도권HUB
1100001045,2026-05-17 07:42:00,간선하차,수도권HUB
1100001045,2026-05-17 23:42:00,배송출발,수도권HUB
1100001045,2026-05-18 02:42:00,배송완료,수도권HUB
2100001046,2026-05-09 05:30:00,집화처리,영남HUB
2100001046,2026-05-09 18:30:00,간선상차,영남HUB
2100001046,2026-05-09 23:30:00,간선하차,영남HUB
2100001046,2026-05-10 15:30:00,배송출발,영남HUB
2100001046,2026-05-11 03:30:00,배송완료,영남HUB
2100001047,2026-06-15 20:58:00,집화처리,중부HUB
2100001047,2026-06-16 08:58:00,간선상차,중부HUB
2100001047,2026-06-17 03:58:00,간선하차,중부HUB
2100001047,2026-06-17 20:58:00,배송출발,중부HUB
2100001047,2026-06-18 09:58:00,배송완료,중부HUB
4100001048,2026-05-26 01:53:00,집화처리,수도권HUB
4100001048,2026-05-26 15:53:00,간선상차,수도권HUB
4100001048,2026-05-26 19:53:00,간선하차,수도권HUB
4100001048,2026-05-27 02:53:00,배송출발,수도권HUB
4100001048,2026-05-27 20:53:00,배송완료,수도권HUB
2100001049,2026-05-26 09:11:00,집화처리,영남HUB
2100001049,2026-05-26 15:11:00,간선상차,영남HUB
2100001049,2026-05-27 04:11:00,간선하차,영남HUB
2100001049,2026-05-27 09:11:00,배송출발,영남HUB
2100001049,2026-05-27 18:11:00,배송완료,영남HUB
2100001050,2026-07-15 03:30:00,집화처리,호남HUB
2100001050,2026-07-15 22:30:00,간선상차,호남HUB
2100001050,2026-07-16 02:30:00,간선하차,호남HUB
2100001050,2026-07-16 20:30:00,배송출발,호남HUB
2100001050,2026-07-17 15:30:00,배송완료,호남HUB
1200001051,2026-07-27 19:49:00,집화처리,중부HUB
1200001051,2026-07-28 04:49:00,간선상차,중부HUB
1200001051,2026-07-28 23:49:00,간선하차,중부HUB
1200001051,2026-07-29 18:49:00,배송출발,중부HUB
1200001051,2026-07-30 08:49:00,배송완료,중부HUB
1100001052,2026-05-18 21:22:00,집화처리,중부HUB
1100001052,2026-05-19 01:22:00,간선상차,중부HUB
1100001052,2026-05-19 08:22:00,간선하차,중부HUB
1100001052,2026-05-19 11:22:00,배송출발,중부HUB
1100001052,2026-05-20 04:22:00,배송완료,중부HUB
4100001053,2026-05-18 22:01:00,집화처리,수도권HUB
4100001053,2026-05-19 01:01:00,간선상차,수도권HUB
4100001053,2026-05-19 17:01:00,간선하차,수도권HUB
4100001053,2026-05-20 12:01:00,배송출발,수도권HUB
4100001053,2026-05-20 23:01:00,배송완료,수도권HUB
1100001054,2026-06-05 01:53:00,집화처리,영남HUB
1100001054,2026-06-05 18:53:00,간선상차,영남HUB
1100001054,2026-06-05 22:53:00,간선하차,영남HUB
1100001054,2026-06-06 03:53:00,배송출발,영남HUB
1100001054,2026-06-06 19:53:00,배송완료,영남HUB
2100001055,2026-07-13 17:33:00,집화처리,영남HUB
2100001055,2026-07-14 02:33:00,간선상차,영남HUB
2100001055,2026-07-14 20:33:00,간선하차,영남HUB
2100001055,2026-07-15 01:33:00,배송출발,영남HUB
2100001055,2026-07-15 20:33:00,배송완료,영남HUB
2100001056,2026-08-01 00:21:00,집화처리,수도권HUB
2100001056,2026-08-01 03:21:00,간선상차,수도권HUB
2100001056,2026-08-01 18:21:00,간선하차,수도권HUB
2100001056,2026-08-02 02:21:00,배송출발,수도권HUB
2100001056,2026-08-02 21:21:00,배송완료,수도권HUB
3200001057,2026-07-01 21:08:00,집화처리,영남HUB
3200001057,2026-07-02 09:08:00,간선상차,영남HUB
3200001057,2026-07-03 03:08:00,간선하차,영남HUB
3200001057,2026-07-03 23:08:00,배송출발,영남HUB
3200001057,2026-07-04 15:08:00,배송완료,영남HUB
2100001058,2026-07-17 06:13:00,집화처리,영남HUB
2100001058,2026-07-17 15:13:00,간선상차,영남HUB
2100001058,2026-07-18 04:13:00,간선하차,영남HUB
2100001058,2026-07-18 23:13:00,배송출발,영남HUB
2100001058,2026-07-19 16:13:00,배송완료,영남HUB
4100001059,2026-07-24 23:59:00,집화처리,영남HUB
4100001059,2026-07-25 08:59:00,간선상차,영남HUB
4100001059,2026-07-26 02:59:00,간선하차,영남HUB
4100001059,2026-07-26 15:59:00,배송출발,영남HUB
4100001059,2026-07-27 09:59:00,배송완료,영남HUB
3100001060,2026-05-22 20:22:00,집화처리,영남HUB
3100001060,2026-05-23 01:22:00,간선상차,영남HUB
3100001060,2026-05-23 14:22:00,간선하차,영남HUB
3100001060,2026-05-24 09:22:00,배송출발,영남HUB
3100001060,2026-05-25 02:22:00,배송완료,영남HUB
3100001061,2026-06-12 05:43:00,집화처리,영남HUB
3100001061,2026-06-12 13:43:00,간선상차,영남HUB
3100001061,2026-06-13 04:43:00,간선하차,영남HUB
3100001061,2026-06-13 11:43:00,배송출발,영남HUB
3100001061,2026-06-14 00:43:00,배송완료,영남HUB
2100001062,2026-07-14 03:29:00,집화처리,영남HUB
2100001062,2026-07-14 18:29:00,간선상차,영남HUB
2100001062,2026-07-15 01:29:00,간선하차,영남HUB
2100001062,2026-07-15 15:29:00,배송출발,영남HUB
2100001062,2026-07-16 04:29:00,배송완료,영남HUB
3200001063,2026-06-16 23:46:00,집화처리,중부HUB
3200001063,2026-06-17 18:46:00,간선상차,중부HUB
3200001063,2026-06-18 05:46:00,간선하차,중부HUB
3200001063,2026-06-18 14:46:00,배송출발,중부HUB
3200001063,2026-06-19 02:46:00,배송완료,중부HUB
4100001064,2026-06-30 02:18:00,집화처리,중부HUB
4100001064,2026-06-30 21:18:00,간선상차,중부HUB
4100001064,2026-07-01 17:18:00,간선하차,중부HUB
4100001064,2026-07-02 04:18:00,배송출발,중부HUB
4100001064,2026-07-02 23:18:00,배송완료,중부HUB
3100001065,2026-07-22 03:49:00,집화처리,수도권HUB
3100001065,2026-07-22 10:49:00,간선상차,수도권HUB
3100001065,2026-07-22 13:49:00,간선하차,수도권HUB
3100001065,2026-07-23 07:49:00,배송출발,수도권HUB
3100001065,2026-07-23 17:49:00,배송완료,수도권HUB
2100001066,2026-07-17 04:13:00,집화처리,수도권HUB
2100001066,2026-07-17 22:13:00,간선상차,수도권HUB
2100001066,2026-07-18 07:13:00,간선하차,수도권HUB
2100001066,2026-07-18 13:13:00,배송출발,수도권HUB
2100001066,2026-07-18 22:13:00,배송완료,수도권HUB
2100001067,2026-06-22 23:07:00,집화처리,영남HUB
2100001067,2026-06-23 03:07:00,간선상차,영남HUB
2100001067,2026-06-23 18:07:00,간선하차,영남HUB
2100001067,2026-06-24 12:07:00,배송출발,영남HUB
2100001067,2026-06-25 05:07:00,배송완료,영남HUB
3100001068,2026-05-26 03:34:00,집화처리,수도권HUB
3100001068,2026-05-26 17:34:00,간선상차,수도권HUB
3100001068,2026-05-27 13:34:00,간선하차,수도권HUB
3100001068,2026-05-28 06:34:00,배송출발,수도권HUB
3100001068,2026-05-28 22:34:00,배송완료,수도권HUB
1100001069,2026-05-26 19:46:00,집화처리,영남HUB
1100001069,2026-05-27 05:46:00,간선상차,영남HUB
1100001069,2026-05-28 01:46:00,간선하차,영남HUB
1100001069,2026-05-28 20:46:00,배송출발,영남HUB
1100001069,2026-05-29 06:46:00,배송완료,영남HUB
1200001070,2026-05-19 07:59:00,집화처리,영남HUB
1200001070,2026-05-20 00:59:00,간선상차,영남HUB
1200001070,2026-05-20 06:59:00,간선하차,영남HUB
1200001070,2026-05-20 15:59:00,배송출발,영남HUB
1200001070,2026-05-20 22:59:00,배송완료,영남HUB
4100001071,2026-08-05 07:11:00,집화처리,중부HUB
4100001071,2026-08-06 03:11:00,간선상차,중부HUB
4100001071,2026-08-06 12:11:00,간선하차,중부HUB
4100001071,2026-08-07 06:11:00,배송출발,중부HUB
3200001072,2026-08-04 23:45:00,집화처리,수도권HUB
3200001072,2026-08-05 12:45:00,간선상차,수도권HUB
3200001072,2026-08-06 06:45:00,간선하차,수도권HUB
3200001072,2026-08-06 20:45:00,배송출발,수도권HUB
3200001072,2026-08-07 11:45:00,배송완료,수도권HUB
4100001073,2026-06-30 07:54:00,집화처리,수도권HUB
4100001073,2026-07-01 01:54:00,간선상차,수도권HUB
4100001073,2026-07-01 05:54:00,간선하차,수도권HUB
4100001073,2026-07-01 13:54:00,배송출발,수도권HUB
4100001073,2026-07-02 09:54:00,배송완료,수도권HUB
1100001074,2026-07-04 02:23:00,집화처리,수도권HUB
1100001074,2026-07-04 06:23:00,간선상차,수도권HUB
1100001074,2026-07-04 21:23:00,간선하차,수도권HUB
1100001074,2026-07-05 13:23:00,배송출발,수도권HUB
1100001074,2026-07-06 05:23:00,배송완료,수도권HUB
1200001075,2026-07-31 08:59:00,집화처리,호남HUB
1200001075,2026-07-31 14:59:00,간선상차,호남HUB
1200001075,2026-07-31 19:59:00,간선하차,호남HUB
1200001075,2026-08-01 06:59:00,배송출발,호남HUB
1200001075,2026-08-02 02:59:00,배송완료,호남HUB
3100001076,2026-06-30 05:53:00,집화처리,호남HUB
3100001076,2026-06-30 23:53:00,간선상차,호남HUB
3100001076,2026-07-01 12:53:00,간선하차,호남HUB
3100001076,2026-07-02 06:53:00,배송출발,호남HUB
3100001076,2026-07-02 16:53:00,배송완료,호남HUB
1100001077,2026-06-23 22:15:00,집화처리,호남HUB
1100001077,2026-06-24 04:15:00,간선상차,호남HUB
1100001077,2026-06-24 09:15:00,간선하차,호남HUB
1100001077,2026-06-24 18:15:00,배송출발,호남HUB
1100001077,2026-06-25 04:15:00,배송완료,호남HUB
1200001078,2026-07-27 20:05:00,집화처리,중부HUB
1200001078,2026-07-28 00:05:00,간선상차,중부HUB
1200001078,2026-07-28 17:05:00,간선하차,중부HUB
1200001078,2026-07-29 04:05:00,배송출발,중부HUB
1200001078,2026-07-29 20:05:00,배송완료,중부HUB
2100001079,2026-05-19 22:38:00,집화처리,중부HUB
2100001079,2026-05-20 02:38:00,간선상차,중부HUB
2100001079,2026-05-20 07:38:00,간선하차,중부HUB
2100001079,2026-05-20 15:38:00,배송출발,중부HUB
2100001079,2026-05-20 22:38:00,배송완료,중부HUB
1100001080,2026-05-29 14:22:00,집화처리,영남HUB
1100001080,2026-05-29 22:22:00,간선상차,영남HUB
1100001080,2026-05-30 07:22:00,간선하차,영남HUB
1100001080,2026-05-30 18:22:00,배송출발,영남HUB
1100001080,2026-05-31 08:22:00,배송완료,영남HUB
4100001081,2026-05-12 02:23:00,집화처리,영남HUB
4100001081,2026-05-12 21:23:00,간선상차,영남HUB
4100001081,2026-05-13 07:23:00,간선하차,영남HUB
4100001081,2026-05-13 23:23:00,배송출발,영남HUB
4100001081,2026-05-14 17:23:00,배송완료,영남HUB
3200001082,2026-07-06 18:39:00,집화처리,수도권HUB
3200001082,2026-07-06 23:39:00,간선상차,수도권HUB
3200001082,2026-07-07 06:39:00,간선하차,수도권HUB
3200001082,2026-07-07 13:39:00,배송출발,수도권HUB
3200001082,2026-07-07 17:39:00,배송완료,수도권HUB
4100001083,2026-05-07 07:11:00,집화처리,영남HUB
4100001083,2026-05-08 02:11:00,간선상차,영남HUB
4100001083,2026-05-08 16:11:00,간선하차,영남HUB
4100001083,2026-05-09 08:11:00,배송출발,영남HUB
4100001083,2026-05-09 21:11:00,배송완료,영남HUB
3200001084,2026-06-19 07:18:00,집화처리,중부HUB
3200001084,2026-06-20 00:18:00,간선상차,중부HUB
3200001084,2026-06-20 08:18:00,간선하차,중부HUB
3200001084,2026-06-20 11:18:00,배송출발,중부HUB
3200001084,2026-06-21 02:18:00,배송완료,중부HUB
1200001085,2026-06-14 17:08:00,집화처리,영남HUB
1200001085,2026-06-15 13:08:00,간선상차,영남HUB
1200001085,2026-06-16 05:08:00,간선하차,영남HUB
1200001085,2026-06-16 19:08:00,배송출발,영남HUB
1200001085,2026-06-17 11:08:00,배송완료,영남HUB
1100001086,2026-06-16 04:25:00,집화처리,영남HUB
1100001086,2026-06-16 17:25:00,간선상차,영남HUB
1100001086,2026-06-17 09:25:00,간선하차,영남HUB
1100001086,2026-06-17 20:25:00,배송출발,영남HUB
1100001086,2026-06-18 06:25:00,배송완료,영남HUB
3200001087,2026-06-23 20:48:00,집화처리,호남HUB
3200001087,2026-06-24 12:48:00,간선상차,호남HUB
3200001087,2026-06-24 16:48:00,간선하차,호남HUB
3200001087,2026-06-25 10:48:00,배송출발,호남HUB
3200001087,2026-06-26 03:48:00,배송완료,호남HUB
1100001088,2026-07-08 21:25:00,집화처리,영남HUB
1100001088,2026-07-09 06:25:00,간선상차,영남HUB
1100001088,2026-07-09 11:25:00,간선하차,영남HUB
1100001088,2026-07-10 00:25:00,배송출발,영남HUB
1100001088,2026-07-10 17:25:00,배송완료,영남HUB
1200001089,2026-07-22 02:50:00,집화처리,중부HUB
1200001089,2026-07-22 19:50:00,간선상차,중부HUB
1200001089,2026-07-23 03:50:00,간선하차,중부HUB
1200001089,2026-07-23 20:50:00,배송출발,중부HUB
1200001089,2026-07-24 06:50:00,배송완료,중부HUB
1100001090,2026-07-14 05:10:00,집화처리,수도권HUB
1100001090,2026-07-14 10:10:00,간선상차,수도권HUB
1100001090,2026-07-14 16:10:00,간선하차,수도권HUB
1100001090,2026-07-15 03:10:00,배송출발,수도권HUB
1100001090,2026-07-15 13:10:00,배송완료,수도권HUB
2100001091,2026-07-21 00:36:00,집화처리,호남HUB
2100001091,2026-07-21 10:36:00,간선상차,호남HUB
2100001091,2026-07-22 05:36:00,간선하차,호남HUB
2100001091,2026-07-22 20:36:00,배송출발,호남HUB
2100001091,2026-07-23 16:36:00,배송완료,호남HUB
2100001092,2026-06-24 23:35:00,집화처리,수도권HUB
2100001092,2026-06-25 10:35:00,간선상차,수도권HUB
2100001092,2026-06-26 00:35:00,간선하차,수도권HUB
2100001092,2026-06-26 14:35:00,배송출발,수도권HUB
2100001092,2026-06-26 17:35:00,배송완료,수도권HUB
3200001093,2026-06-11 22:05:00,집화처리,영남HUB
3200001093,2026-06-12 01:05:00,간선상차,영남HUB
3200001093,2026-06-12 12:05:00,간선하차,영남HUB
3200001093,2026-06-13 02:05:00,배송출발,영남HUB
3200001093,2026-06-13 06:05:00,배송완료,영남HUB
1100001094,2026-05-05 10:18:00,집화처리,수도권HUB
1100001094,2026-05-06 02:18:00,간선상차,수도권HUB
1100001094,2026-05-06 21:18:00,간선하차,수도권HUB
1100001094,2026-05-07 10:18:00,배송출발,수도권HUB
1100001094,2026-05-08 00:18:00,배송완료,수도권HUB
4100001095,2026-05-29 00:35:00,집화처리,수도권HUB
4100001095,2026-05-29 03:35:00,간선상차,수도권HUB
4100001095,2026-05-29 20:35:00,간선하차,수도권HUB
4100001095,2026-05-30 15:35:00,배송출발,수도권HUB
4100001095,2026-05-30 22:35:00,배송완료,수도권HUB
3200001096,2026-05-20 00:07:00,집화처리,영남HUB
3200001096,2026-05-20 11:07:00,간선상차,영남HUB
3200001096,2026-05-21 03:07:00,간선하차,영남HUB
3200001096,2026-05-21 22:07:00,배송출발,영남HUB
3200001096,2026-05-22 10:07:00,배송완료,영남HUB
3100001097,2026-08-01 12:51:00,집화처리,중부HUB
3100001097,2026-08-02 08:51:00,간선상차,중부HUB
3100001097,2026-08-03 02:51:00,간선하차,중부HUB
3100001097,2026-08-03 10:51:00,배송출발,중부HUB
3100001097,2026-08-03 15:51:00,배송완료,중부HUB
4100001098,2026-07-16 00:15:00,집화처리,수도권HUB
4100001098,2026-07-16 03:15:00,간선상차,수도권HUB
4100001098,2026-07-16 12:15:00,간선하차,수도권HUB
4100001098,2026-07-17 06:15:00,배송출발,수도권HUB
4100001098,2026-07-17 21:15:00,배송완료,수도권HUB
2100001099,2026-07-14 00:54:00,집화처리,수도권HUB
2100001099,2026-07-14 05:54:00,간선상차,수도권HUB
2100001099,2026-07-14 18:54:00,간선하차,수도권HUB
2100001099,2026-07-15 08:54:00,배송출발,수도권HUB
2100001099,2026-07-15 19:54:00,배송완료,수도권HUB
1100001100,2026-08-04 04:54:00,집화처리,수도권HUB
1100001100,2026-08-04 14:54:00,간선상차,수도권HUB
1100001100,2026-08-04 18:54:00,간선하차,수도권HUB
1100001100,2026-08-05 13:54:00,배송출발,수도권HUB
1100001100,2026-08-05 19:54:00,배송완료,수도권HUB
3100001101,2026-05-19 06:57:00,집화처리,호남HUB
3100001101,2026-05-19 14:57:00,간선상차,호남HUB
3100001101,2026-05-19 20:57:00,간선하차,호남HUB
3100001101,2026-05-20 08:57:00,배송출발,호남HUB
3100001101,2026-05-20 17:57:00,배송완료,호남HUB
1100001102,2026-06-30 00:08:00,집화처리,중부HUB
1100001102,2026-06-30 10:08:00,간선상차,중부HUB
1100001102,2026-06-30 17:08:00,간선하차,중부HUB
1100001102,2026-07-01 10:08:00,배송출발,중부HUB
1100001102,2026-07-01 22:08:00,배송완료,중부HUB
1200001103,2026-05-08 03:29:00,집화처리,수도권HUB
1200001103,2026-05-08 10:29:00,간선상차,수도권HUB
1200001103,2026-05-09 06:29:00,간선하차,수도권HUB
1200001103,2026-05-09 23:29:00,배송출발,수도권HUB
1200001103,2026-05-10 02:29:00,배송완료,수도권HUB
1100001104,2026-05-04 15:08:00,집화처리,중부HUB
1100001104,2026-05-05 03:08:00,간선상차,중부HUB
1100001104,2026-05-05 14:08:00,간선하차,중부HUB
1100001104,2026-05-05 18:08:00,배송출발,중부HUB
1100001104,2026-05-05 22:08:00,배송완료,중부HUB
3100001105,2026-07-30 05:43:00,집화처리,수도권HUB
3100001105,2026-07-30 21:43:00,간선상차,수도권HUB
3100001105,2026-07-31 12:43:00,간선하차,수도권HUB
3100001105,2026-07-31 17:43:00,배송출발,수도권HUB
3100001105,2026-08-01 03:43:00,배송완료,수도권HUB
2100001106,2026-06-09 04:05:00,집화처리,중부HUB
2100001106,2026-06-09 18:05:00,간선상차,중부HUB
2100001106,2026-06-10 14:05:00,간선하차,중부HUB
2100001106,2026-06-10 20:05:00,배송출발,중부HUB
2100001106,2026-06-11 04:05:00,배송완료,중부HUB
1100001107,2026-06-10 23:28:00,집화처리,영남HUB
1100001107,2026-06-11 14:28:00,간선상차,영남HUB
1100001107,2026-06-11 19:28:00,간선하차,영남HUB
1100001107,2026-06-12 14:28:00,배송출발,영남HUB
1100001107,2026-06-13 00:28:00,배송완료,영남HUB
1100001108,2026-07-08 06:42:00,집화처리,영남HUB
1100001108,2026-07-08 11:42:00,간선상차,영남HUB
1100001108,2026-07-09 05:42:00,간선하차,영남HUB
1100001108,2026-07-09 19:42:00,배송출발,영남HUB
1100001108,2026-07-10 10:42:00,배송완료,영남HUB
1100001109,2026-05-03 15:06:00,집화처리,수도권HUB
1100001109,2026-05-04 01:06:00,간선상차,수도권HUB
1100001109,2026-05-04 14:06:00,간선하차,수도권HUB
1100001109,2026-05-04 19:06:00,배송출발,수도권HUB
1100001109,2026-05-05 04:06:00,배송완료,수도권HUB
1100001110,2026-07-10 07:25:00,집화처리,영남HUB
1100001110,2026-07-10 13:25:00,간선상차,영남HUB
1100001110,2026-07-11 04:25:00,간선하차,영남HUB
1100001110,2026-07-11 20:25:00,배송출발,영남HUB
1100001110,2026-07-12 03:25:00,배송완료,영남HUB
3200001111,2026-07-28 03:57:00,집화처리,영남HUB
3200001111,2026-07-28 17:57:00,간선상차,영남HUB
3200001111,2026-07-28 21:57:00,간선하차,영남HUB
3200001111,2026-07-29 07:57:00,배송출발,영남HUB
3200001111,2026-07-29 18:57:00,배송완료,영남HUB
2100001112,2026-05-26 06:47:00,집화처리,영남HUB
2100001112,2026-05-27 02:47:00,간선상차,영남HUB
2100001112,2026-05-27 12:47:00,간선하차,영남HUB
2100001112,2026-05-27 17:47:00,배송출발,영남HUB
2100001112,2026-05-28 07:47:00,배송완료,영남HUB
1200001113,2026-07-27 13:47:00,집화처리,영남HUB
1200001113,2026-07-27 20:47:00,간선상차,영남HUB
1200001113,2026-07-28 13:47:00,간선하차,영남HUB
1200001113,2026-07-29 06:47:00,배송출발,영남HUB
1200001113,2026-07-29 12:47:00,배송완료,영남HUB
1100001114,2026-07-25 03:50:00,집화처리,영남HUB
1100001114,2026-07-25 15:50:00,간선상차,영남HUB
1100001114,2026-07-25 22:50:00,간선하차,영남HUB
1100001114,2026-07-26 07:50:00,배송출발,영남HUB
1100001114,2026-07-26 12:50:00,배송완료,영남HUB
3100001115,2026-05-13 08:38:00,집화처리,중부HUB
3100001115,2026-05-13 12:38:00,간선상차,중부HUB
3100001115,2026-05-13 17:38:00,간선하차,중부HUB
3100001115,2026-05-14 11:38:00,배송출발,중부HUB
3100001115,2026-05-14 15:38:00,배송완료,중부HUB
3100001116,2026-07-14 06:43:00,집화처리,중부HUB
3100001116,2026-07-14 16:43:00,간선상차,중부HUB
3100001116,2026-07-14 23:43:00,간선하차,중부HUB
3100001116,2026-07-15 02:43:00,배송출발,중부HUB
3100001116,2026-07-15 10:43:00,배송완료,중부HUB
3100001117,2026-06-03 10:49:00,집화처리,영남HUB
3100001117,2026-06-03 14:49:00,간선상차,영남HUB
3100001117,2026-06-04 02:49:00,간선하차,영남HUB
3100001117,2026-06-04 22:49:00,배송출발,영남HUB
3100001117,2026-06-05 02:49:00,배송완료,영남HUB
4100001118,2026-07-16 03:11:00,집화처리,수도권HUB
4100001118,2026-07-16 20:11:00,간선상차,수도권HUB
4100001118,2026-07-17 11:11:00,간선하차,수도권HUB
4100001118,2026-07-17 22:11:00,배송출발,수도권HUB
4100001118,2026-07-18 15:11:00,배송완료,수도권HUB
1100001119,2026-05-17 14:41:00,집화처리,제주HUB
1100001119,2026-05-17 19:41:00,간선상차,제주HUB
1100001119,2026-05-18 12:41:00,간선하차,제주HUB
1100001119,2026-05-19 08:41:00,배송출발,제주HUB
1100001119,2026-05-19 15:41:00,배송완료,제주HUB
1100001120,2026-07-10 10:34:00,집화처리,영남HUB
1100001120,2026-07-10 18:34:00,간선상차,영남HUB
1100001120,2026-07-11 10:34:00,간선하차,영남HUB
1100001120,2026-07-12 05:34:00,배송출발,영남HUB
1100001120,2026-07-12 22:34:00,배송완료,영남HUB
3100001121,2026-06-06 03:41:00,집화처리,호남HUB
3100001121,2026-06-06 14:41:00,간선상차,호남HUB
3100001121,2026-06-07 06:41:00,간선하차,호남HUB
3100001121,2026-06-07 12:41:00,배송출발,호남HUB
3100001121,2026-06-07 23:41:00,배송완료,호남HUB
4100001122,2026-07-30 08:23:00,집화처리,영남HUB
4100001122,2026-07-30 20:23:00,간선상차,영남HUB
4100001122,2026-07-31 07:23:00,간선하차,영남HUB
4100001122,2026-07-31 22:23:00,배송출발,영남HUB
4100001122,2026-08-01 18:23:00,배송완료,영남HUB
1200001123,2026-07-07 06:33:00,집화처리,수도권HUB
1200001123,2026-07-07 10:33:00,간선상차,수도권HUB
1200001123,2026-07-07 13:33:00,간선하차,수도권HUB
1200001123,2026-07-07 20:33:00,배송출발,수도권HUB
1200001123,2026-07-08 11:33:00,배송완료,수도권HUB
3100001124,2026-06-25 03:35:00,집화처리,중부HUB
3100001124,2026-06-25 11:35:00,간선상차,중부HUB
3100001124,2026-06-26 06:35:00,간선하차,중부HUB
3100001124,2026-06-26 21:35:00,배송출발,중부HUB
3100001124,2026-06-27 13:35:00,배송완료,중부HUB
4100001125,2026-07-11 14:49:00,집화처리,중부HUB
4100001125,2026-07-11 23:49:00,간선상차,중부HUB
4100001125,2026-07-12 13:49:00,간선하차,중부HUB
4100001125,2026-07-12 21:49:00,배송출발,중부HUB
4100001125,2026-07-13 16:49:00,배송완료,중부HUB
1200001126,2026-06-06 08:15:00,집화처리,영남HUB
1200001126,2026-06-06 21:15:00,간선상차,영남HUB
1200001126,2026-06-07 01:15:00,간선하차,영남HUB
1200001126,2026-06-07 18:15:00,배송출발,영남HUB
1200001126,2026-06-07 23:15:00,배송완료,영남HUB
1200001127,2026-05-08 10:29:00,집화처리,영남HUB
1200001127,2026-05-08 20:29:00,간선상차,영남HUB
1200001127,2026-05-09 16:29:00,간선하차,영남HUB
1200001127,2026-05-10 00:29:00,배송출발,영남HUB
1200001127,2026-05-10 20:29:00,배송완료,영남HUB
4100001128,2026-06-13 08:00:00,집화처리,중부HUB
4100001128,2026-06-14 03:00:00,간선상차,중부HUB
4100001128,2026-06-14 10:00:00,간선하차,중부HUB
4100001128,2026-06-15 06:00:00,배송출발,중부HUB
4100001128,2026-06-15 20:00:00,배송완료,중부HUB
3100001129,2026-05-06 00:42:00,집화처리,수도권HUB
3100001129,2026-05-06 06:42:00,간선상차,수도권HUB
3100001129,2026-05-06 16:42:00,간선하차,수도권HUB
3100001129,2026-05-07 10:42:00,배송출발,수도권HUB
3100001129,2026-05-07 20:42:00,배송완료,수도권HUB
4100001130,2026-07-28 21:45:00,집화처리,호남HUB
4100001130,2026-07-29 06:45:00,간선상차,호남HUB
4100001130,2026-07-29 23:45:00,간선하차,호남HUB
4100001130,2026-07-30 13:45:00,배송출발,호남HUB
4100001130,2026-07-31 01:45:00,배송완료,호남HUB
1100001131,2026-07-25 12:11:00,집화처리,영남HUB
1100001131,2026-07-25 22:11:00,간선상차,영남HUB
1100001131,2026-07-26 06:11:00,간선하차,영남HUB
1100001131,2026-07-26 13:11:00,배송출발,영남HUB
1100001131,2026-07-26 17:11:00,배송완료,영남HUB
3100001132,2026-06-12 21:30:00,집화처리,수도권HUB
3100001132,2026-06-13 03:30:00,간선상차,수도권HUB
3100001132,2026-06-13 07:30:00,간선하차,수도권HUB
3100001132,2026-06-13 13:30:00,배송출발,수도권HUB
3100001132,2026-06-14 04:30:00,배송완료,수도권HUB
1100001133,2026-06-19 18:47:00,집화처리,수도권HUB
1100001133,2026-06-19 23:47:00,간선상차,수도권HUB
1100001133,2026-06-20 16:47:00,간선하차,수도권HUB
1100001133,2026-06-21 12:47:00,배송출발,수도권HUB
1100001133,2026-06-22 01:47:00,배송완료,수도권HUB
4100001134,2026-06-30 09:29:00,집화처리,중부HUB
4100001134,2026-06-30 20:29:00,간선상차,중부HUB
4100001134,2026-07-01 05:29:00,간선하차,중부HUB
4100001134,2026-07-01 18:29:00,배송출발,중부HUB
4100001134,2026-07-02 05:29:00,배송완료,중부HUB
1100001135,2026-06-18 22:12:00,집화처리,수도권HUB
1100001135,2026-06-19 04:12:00,간선상차,수도권HUB
1100001135,2026-06-19 16:12:00,간선하차,수도권HUB
1100001135,2026-06-20 06:12:00,배송출발,수도권HUB
1100001135,2026-06-20 16:12:00,배송완료,수도권HUB
1200001136,2026-06-18 10:28:00,집화처리,수도권HUB
1200001136,2026-06-19 04:28:00,간선상차,수도권HUB
1200001136,2026-06-19 12:28:00,간선하차,수도권HUB
1200001136,2026-06-20 02:28:00,배송출발,수도권HUB
1200001136,2026-06-20 14:28:00,배송완료,수도권HUB
3100001137,2026-05-28 20:51:00,집화처리,중부HUB
3100001137,2026-05-29 04:51:00,간선상차,중부HUB
3100001137,2026-05-29 10:51:00,간선하차,중부HUB
3100001137,2026-05-29 23:51:00,배송출발,중부HUB
3100001137,2026-05-30 04:51:00,배송완료,중부HUB
4100001138,2026-06-06 11:51:00,집화처리,수도권HUB
4100001138,2026-06-07 03:51:00,간선상차,수도권HUB
4100001138,2026-06-07 08:51:00,간선하차,수도권HUB
4100001138,2026-06-08 04:51:00,배송출발,수도권HUB
4100001138,2026-06-08 16:51:00,배송완료,수도권HUB
1100001139,2026-05-25 01:14:00,집화처리,수도권HUB
1100001139,2026-05-25 07:14:00,간선상차,수도권HUB
1100001139,2026-05-26 00:14:00,간선하차,수도권HUB
1100001139,2026-05-26 06:14:00,배송출발,수도권HUB
1100001139,2026-05-26 21:14:00,배송완료,수도권HUB
1100001140,2026-05-01 21:33:00,집화처리,영남HUB
1100001140,2026-05-02 04:33:00,간선상차,영남HUB
1100001140,2026-05-02 13:33:00,간선하차,영남HUB
1100001140,2026-05-03 03:33:00,배송출발,영남HUB
1100001140,2026-05-03 08:33:00,배송완료,영남HUB
1100001141,2026-07-27 18:16:00,집화처리,영남HUB
1100001141,2026-07-28 09:16:00,간선상차,영남HUB
1100001141,2026-07-29 04:16:00,간선하차,영남HUB
1100001141,2026-07-29 08:16:00,배송출발,영남HUB
1100001141,2026-07-29 17:16:00,배송완료,영남HUB
1200001142,2026-07-17 18:50:00,집화처리,영남HUB
1200001142,2026-07-18 12:50:00,간선상차,영남HUB
1200001142,2026-07-18 18:50:00,간선하차,영남HUB
1200001142,2026-07-19 01:50:00,배송출발,영남HUB
1200001142,2026-07-19 14:50:00,배송완료,영남HUB
1100001143,2026-06-18 18:24:00,집화처리,중부HUB
1100001143,2026-06-19 05:24:00,간선상차,중부HUB
1100001143,2026-06-19 11:24:00,간선하차,중부HUB
1100001143,2026-06-19 14:24:00,배송출발,중부HUB
1100001143,2026-06-20 09:24:00,배송완료,중부HUB
2100001144,2026-05-21 18:16:00,집화처리,영남HUB
2100001144,2026-05-22 04:16:00,간선상차,영남HUB
2100001144,2026-05-22 07:16:00,간선하차,영남HUB
2100001144,2026-05-22 23:16:00,배송출발,영남HUB
2100001144,2026-05-23 11:16:00,배송완료,영남HUB
1100001145,2026-08-02 03:18:00,집화처리,호남HUB
1100001145,2026-08-02 15:18:00,간선상차,호남HUB
1100001145,2026-08-02 18:18:00,간선하차,호남HUB
1100001145,2026-08-03 13:18:00,배송출발,호남HUB
1100001145,2026-08-04 00:18:00,배송완료,호남HUB
2100001146,2026-07-09 17:59:00,집화처리,중부HUB
2100001146,2026-07-10 13:59:00,간선상차,중부HUB
2100001146,2026-07-11 09:59:00,간선하차,중부HUB
2100001146,2026-07-12 04:59:00,배송출발,중부HUB
2100001146,2026-07-12 07:59:00,배송완료,중부HUB
1100001147,2026-05-25 22:27:00,집화처리,중부HUB
1100001147,2026-05-26 02:27:00,간선상차,중부HUB
1100001147,2026-05-26 22:27:00,간선하차,중부HUB
1100001147,2026-05-27 13:27:00,배송출발,중부HUB
1100001147,2026-05-27 20:27:00,배송완료,중부HUB
1100001148,2026-06-23 17:45:00,집화처리,중부HUB
1100001148,2026-06-23 21:45:00,간선상차,중부HUB
1100001148,2026-06-24 10:45:00,간선하차,중부HUB
1100001148,2026-06-24 17:45:00,배송출발,중부HUB
1100001148,2026-06-25 06:45:00,배송완료,중부HUB
2100001149,2026-05-18 21:22:00,집화처리,수도권HUB
2100001149,2026-05-19 03:22:00,간선상차,수도권HUB
2100001149,2026-05-19 20:22:00,간선하차,수도권HUB
2100001149,2026-05-20 09:22:00,배송출발,수도권HUB
2100001149,2026-05-20 18:22:00,배송완료,수도권HUB
2100001150,2026-05-25 22:34:00,집화처리,호남HUB
2100001150,2026-05-26 03:34:00,간선상차,호남HUB
2100001150,2026-05-26 20:34:00,간선하차,호남HUB
2100001150,2026-05-27 16:34:00,배송출발,호남HUB
2100001150,2026-05-28 12:34:00,배송완료,호남HUB
1100001151,2026-06-27 04:38:00,집화처리,제주HUB
1100001151,2026-06-27 23:38:00,간선상차,제주HUB
1100001151,2026-06-28 09:38:00,간선하차,제주HUB
1100001151,2026-06-29 02:38:00,배송출발,제주HUB
1100001151,2026-06-29 22:38:00,배송완료,제주HUB
4100001152,2026-07-22 04:24:00,집화처리,수도권HUB
4100001152,2026-07-22 19:24:00,간선상차,수도권HUB
4100001152,2026-07-23 11:24:00,간선하차,수도권HUB
4100001152,2026-07-23 16:24:00,배송출발,수도권HUB
4100001152,2026-07-24 03:24:00,배송완료,수도권HUB
1200001153,2026-05-09 09:16:00,집화처리,중부HUB
1200001153,2026-05-10 02:16:00,간선상차,중부HUB
1200001153,2026-05-10 22:16:00,간선하차,중부HUB
1200001153,2026-05-11 02:16:00,배송출발,중부HUB
1200001153,2026-05-11 15:16:00,배송완료,중부HUB
4100001154,2026-07-01 00:59:00,집화처리,영남HUB
4100001154,2026-07-01 07:59:00,간선상차,영남HUB
4100001154,2026-07-01 19:59:00,간선하차,영남HUB
4100001154,2026-07-01 23:59:00,배송출발,영남HUB
4100001154,2026-07-02 13:59:00,배송완료,영남HUB
1200001155,2026-05-19 10:20:00,집화처리,영남HUB
1200001155,2026-05-19 15:20:00,간선상차,영남HUB
1200001155,2026-05-20 04:20:00,간선하차,영남HUB
1200001155,2026-05-20 18:20:00,배송출발,영남HUB
1200001155,2026-05-21 05:20:00,배송완료,영남HUB
2100001156,2026-07-04 05:10:00,집화처리,제주HUB
2100001156,2026-07-04 11:10:00,간선상차,제주HUB
2100001156,2026-07-04 19:10:00,간선하차,제주HUB
2100001156,2026-07-05 12:10:00,배송출발,제주HUB
2100001156,2026-07-06 02:10:00,배송완료,제주HUB
3200001157,2026-07-15 02:54:00,집화처리,영남HUB
3200001157,2026-07-15 06:54:00,간선상차,영남HUB
3200001157,2026-07-15 10:54:00,간선하차,영남HUB
3200001157,2026-07-16 06:54:00,배송출발,영남HUB
3200001157,2026-07-16 21:54:00,배송완료,영남HUB
1100001158,2026-05-08 05:25:00,집화처리,호남HUB
1100001158,2026-05-08 23:25:00,간선상차,호남HUB
1100001158,2026-05-09 18:25:00,간선하차,호남HUB
1100001158,2026-05-10 00:25:00,배송출발,호남HUB
1100001158,2026-05-10 16:25:00,배송완료,호남HUB
1100001159,2026-05-08 02:54:00,집화처리,중부HUB
1100001159,2026-05-08 07:54:00,간선상차,중부HUB
1100001159,2026-05-08 13:54:00,간선하차,중부HUB
1100001159,2026-05-08 21:54:00,배송출발,중부HUB
1100001159,2026-05-09 09:54:00,배송완료,중부HUB
2100001160,2026-05-27 23:18:00,집화처리,영남HUB
2100001160,2026-05-28 06:18:00,간선상차,영남HUB
2100001160,2026-05-28 12:18:00,간선하차,영남HUB
2100001160,2026-05-28 15:18:00,배송출발,영남HUB
2100001160,2026-05-28 22:18:00,배송완료,영남HUB
3100001161,2026-05-06 22:31:00,집화처리,중부HUB
3100001161,2026-05-07 04:31:00,간선상차,중부HUB
3100001161,2026-05-07 21:31:00,간선하차,중부HUB
3100001161,2026-05-08 11:31:00,배송출발,중부HUB
3100001161,2026-05-08 20:31:00,배송완료,중부HUB
4100001162,2026-06-14 12:09:00,집화처리,수도권HUB
4100001162,2026-06-15 00:09:00,간선상차,수도권HUB
4100001162,2026-06-15 17:09:00,간선하차,수도권HUB
4100001162,2026-06-16 00:09:00,배송출발,수도권HUB
4100001162,2026-06-16 17:09:00,배송완료,수도권HUB
1100001163,2026-06-25 07:26:00,집화처리,수도권HUB
1100001163,2026-06-26 03:26:00,간선상차,수도권HUB
1100001163,2026-06-26 23:26:00,간선하차,수도권HUB
1100001163,2026-06-27 15:26:00,배송출발,수도권HUB
1100001163,2026-06-28 04:26:00,배송완료,수도권HUB
1100001164,2026-06-19 19:58:00,집화처리,수도권HUB
1100001164,2026-06-20 04:58:00,간선상차,수도권HUB
1100001164,2026-06-20 12:58:00,간선하차,수도권HUB
1100001164,2026-06-20 18:58:00,배송출발,수도권HUB
1100001164,2026-06-21 08:58:00,배송완료,수도권HUB
1200001165,2026-05-13 00:02:00,집화처리,영남HUB
1200001165,2026-05-13 15:02:00,간선상차,영남HUB
1200001165,2026-05-14 11:02:00,간선하차,영남HUB
1200001165,2026-05-15 03:02:00,배송출발,영남HUB
1200001165,2026-05-15 18:02:00,배송완료,영남HUB
1200001166,2026-06-08 19:28:00,집화처리,영남HUB
1200001166,2026-06-09 15:28:00,간선상차,영남HUB
1200001166,2026-06-09 23:28:00,간선하차,영남HUB
1200001166,2026-06-10 18:28:00,배송출발,영남HUB
1200001166,2026-06-10 22:28:00,배송완료,영남HUB
1100001167,2026-07-11 10:11:00,집화처리,중부HUB
1100001167,2026-07-11 15:11:00,간선상차,중부HUB
1100001167,2026-07-11 22:11:00,간선하차,중부HUB
1100001167,2026-07-12 16:11:00,배송출발,중부HUB
1100001167,2026-07-12 20:11:00,배송완료,중부HUB
1100001168,2026-06-11 21:17:00,집화처리,영남HUB
1100001168,2026-06-12 16:17:00,간선상차,영남HUB
1100001168,2026-06-13 08:17:00,간선하차,영남HUB
1100001168,2026-06-14 03:17:00,배송출발,영남HUB
1100001168,2026-06-14 20:17:00,배송완료,영남HUB
4100001169,2026-07-13 22:17:00,집화처리,호남HUB
4100001169,2026-07-14 07:17:00,간선상차,호남HUB
4100001169,2026-07-14 14:17:00,간선하차,호남HUB
4100001169,2026-07-14 17:17:00,배송출발,호남HUB
4100001169,2026-07-15 08:17:00,배송완료,호남HUB
2100001170,2026-05-09 10:44:00,집화처리,수도권HUB
2100001170,2026-05-10 05:44:00,간선상차,수도권HUB
2100001170,2026-05-10 11:44:00,간선하차,수도권HUB
2100001170,2026-05-11 00:44:00,배송출발,수도권HUB
2100001170,2026-05-11 20:44:00,배송완료,수도권HUB
3100001171,2026-07-28 11:21:00,집화처리,수도권HUB
3100001171,2026-07-28 18:21:00,간선상차,수도권HUB
3100001171,2026-07-29 05:21:00,간선하차,수도권HUB
3100001171,2026-07-29 08:21:00,배송출발,수도권HUB
3100001171,2026-07-29 22:21:00,배송완료,수도권HUB
3100001172,2026-07-17 10:11:00,집화처리,수도권HUB
3100001172,2026-07-17 17:11:00,간선상차,수도권HUB
3100001172,2026-07-17 23:11:00,간선하차,수도권HUB
3100001172,2026-07-18 06:11:00,배송출발,수도권HUB
3100001172,2026-07-18 16:11:00,배송완료,수도권HUB
1100001173,2026-08-04 07:33:00,집화처리,영남HUB
1100001173,2026-08-05 00:33:00,간선상차,영남HUB
1100001173,2026-08-05 04:33:00,간선하차,영남HUB
1100001173,2026-08-05 21:33:00,배송출발,영남HUB
1100001173,2026-08-06 08:33:00,배송완료,영남HUB
3100001174,2026-06-30 04:21:00,집화처리,영남HUB
3100001174,2026-06-30 19:21:00,간선상차,영남HUB
3100001174,2026-07-01 15:21:00,간선하차,영남HUB
3100001174,2026-07-02 11:21:00,배송출발,영남HUB
3100001174,2026-07-03 00:21:00,배송완료,영남HUB
1100001175,2026-05-05 12:51:00,집화처리,수도권HUB
1100001175,2026-05-05 19:51:00,간선상차,수도권HUB
1100001175,2026-05-06 05:51:00,간선하차,수도권HUB
1100001175,2026-05-06 14:51:00,배송출발,수도권HUB
1100001175,2026-05-07 07:51:00,배송완료,수도권HUB
1200001176,2026-07-28 02:40:00,집화처리,수도권HUB
1200001176,2026-07-28 21:40:00,간선상차,수도권HUB
1200001176,2026-07-29 13:40:00,간선하차,수도권HUB
1200001176,2026-07-29 19:40:00,배송출발,수도권HUB
1200001176,2026-07-30 00:40:00,배송완료,수도권HUB
3200001177,2026-05-11 10:34:00,집화처리,영남HUB
3200001177,2026-05-12 05:34:00,간선상차,영남HUB
3200001177,2026-05-12 09:34:00,간선하차,영남HUB
3200001177,2026-05-12 16:34:00,배송출발,영남HUB
3200001177,2026-05-13 11:34:00,배송완료,영남HUB
2100001178,2026-07-10 01:14:00,집화처리,수도권HUB
2100001178,2026-07-10 05:14:00,간선상차,수도권HUB
2100001178,2026-07-10 14:14:00,간선하차,수도권HUB
2100001178,2026-07-11 07:14:00,배송출발,수도권HUB
2100001178,2026-07-11 14:14:00,배송완료,수도권HUB
3200001179,2026-07-13 21:13:00,집화처리,수도권HUB
3200001179,2026-07-14 06:13:00,간선상차,수도권HUB
3200001179,2026-07-14 13:13:00,간선하차,수도권HUB
3200001179,2026-07-14 21:13:00,배송출발,수도권HUB
3200001179,2026-07-15 04:13:00,배송완료,수도권HUB
3100001180,2026-05-26 01:36:00,집화처리,중부HUB
3100001180,2026-05-26 16:36:00,간선상차,중부HUB
3100001180,2026-05-26 20:36:00,간선하차,중부HUB
3100001180,2026-05-27 11:36:00,배송출발,중부HUB
3100001180,2026-05-28 02:36:00,배송완료,중부HUB
1200001181,2026-06-26 02:14:00,집화처리,영남HUB
1200001181,2026-06-26 08:14:00,간선상차,영남HUB
1200001181,2026-06-26 15:14:00,간선하차,영남HUB
1200001181,2026-06-27 01:14:00,배송출발,영남HUB
1200001181,2026-06-27 18:14:00,배송완료,영남HUB
1200001182,2026-06-16 08:00:00,집화처리,중부HUB
1200001182,2026-06-16 16:00:00,간선상차,중부HUB
1200001182,2026-06-17 09:00:00,간선하차,중부HUB
1200001182,2026-06-17 22:00:00,배송출발,중부HUB
1200001182,2026-06-18 09:00:00,배송완료,중부HUB
1100001183,2026-06-23 04:14:00,집화처리,영남HUB
1100001183,2026-06-23 10:14:00,간선상차,영남HUB
1100001183,2026-06-24 00:14:00,간선하차,영남HUB
1100001183,2026-06-24 07:14:00,배송출발,영남HUB
1100001183,2026-06-24 18:14:00,배송완료,영남HUB
4100001184,2026-07-09 01:33:00,집화처리,호남HUB
4100001184,2026-07-09 13:33:00,간선상차,호남HUB
4100001184,2026-07-10 08:33:00,간선하차,호남HUB
4100001184,2026-07-10 11:33:00,배송출발,호남HUB
4100001184,2026-07-11 05:33:00,배송완료,호남HUB
3100001185,2026-06-12 01:46:00,집화처리,수도권HUB
3100001185,2026-06-12 13:46:00,간선상차,수도권HUB
3100001185,2026-06-12 17:46:00,간선하차,수도권HUB
3100001185,2026-06-13 12:46:00,배송출발,수도권HUB
3100001185,2026-06-13 15:46:00,배송완료,수도권HUB
4100001186,2026-07-19 11:08:00,집화처리,중부HUB
4100001186,2026-07-19 15:08:00,간선상차,중부HUB
4100001186,2026-07-19 23:08:00,간선하차,중부HUB
4100001186,2026-07-20 05:08:00,배송출발,중부HUB
4100001186,2026-07-21 01:08:00,배송완료,중부HUB
3100001187,2026-05-19 06:21:00,집화처리,수도권HUB
3100001187,2026-05-19 13:21:00,간선상차,수도권HUB
3100001187,2026-05-20 09:21:00,간선하차,수도권HUB
3100001187,2026-05-20 12:21:00,배송출발,수도권HUB
3100001187,2026-05-21 02:21:00,배송완료,수도권HUB
4100001188,2026-07-08 08:00:00,집화처리,수도권HUB
4100001188,2026-07-08 16:00:00,간선상차,수도권HUB
4100001188,2026-07-09 04:00:00,간선하차,수도권HUB
4100001188,2026-07-10 00:00:00,배송출발,수도권HUB
4100001188,2026-07-10 07:00:00,배송완료,수도권HUB
3200001189,2026-06-18 03:22:00,집화처리,영남HUB
3200001189,2026-06-18 09:22:00,간선상차,영남HUB
3200001189,2026-06-19 04:22:00,간선하차,영남HUB
3200001189,2026-06-19 23:22:00,배송출발,영남HUB
3200001189,2026-06-20 15:22:00,배송완료,영남HUB
3100001190,2026-07-22 00:25:00,집화처리,영남HUB
3100001190,2026-07-22 19:25:00,간선상차,영남HUB
3100001190,2026-07-23 08:25:00,간선하차,영남HUB
3100001190,2026-07-24 02:25:00,배송출발,영남HUB
3100001190,2026-07-24 15:25:00,배송완료,영남HUB
4100001191,2026-07-31 18:56:00,집화처리,영남HUB
4100001191,2026-07-31 21:56:00,간선상차,영남HUB
4100001191,2026-08-01 12:56:00,간선하차,영남HUB
4100001191,2026-08-02 05:56:00,배송출발,영남HUB
4100001191,2026-08-02 21:56:00,배송완료,영남HUB
4100001192,2026-05-17 02:00:00,집화처리,수도권HUB
4100001192,2026-05-17 06:00:00,간선상차,수도권HUB
4100001192,2026-05-17 21:00:00,간선하차,수도권HUB
4100001192,2026-05-18 16:00:00,배송출발,수도권HUB
4100001192,2026-05-18 20:00:00,배송완료,수도권HUB
1200001193,2026-07-04 06:10:00,집화처리,수도권HUB
1200001193,2026-07-04 22:10:00,간선상차,수도권HUB
1200001193,2026-07-05 03:10:00,간선하차,수도권HUB
1200001193,2026-07-05 07:10:00,배송출발,수도권HUB
1200001193,2026-07-06 03:10:00,배송완료,수도권HUB
4100001194,2026-05-04 17:13:00,집화처리,영남HUB
4100001194,2026-05-05 06:13:00,간선상차,영남HUB
4100001194,2026-05-05 21:13:00,간선하차,영남HUB
4100001194,2026-05-06 10:13:00,배송출발,영남HUB
4100001194,2026-05-07 00:13:00,배송완료,영남HUB
1200001195,2026-07-30 02:57:00,집화처리,수도권HUB
1200001195,2026-07-30 08:57:00,간선상차,수도권HUB
1200001195,2026-07-30 11:57:00,간선하차,수도권HUB
1200001195,2026-07-31 02:57:00,배송출발,수도권HUB
1200001195,2026-07-31 21:57:00,배송완료,수도권HUB
1200001196,2026-05-12 09:45:00,집화처리,중부HUB
1200001196,2026-05-12 21:45:00,간선상차,중부HUB
1200001196,2026-05-13 07:45:00,간선하차,중부HUB
1200001196,2026-05-13 16:45:00,배송출발,중부HUB
1200001196,2026-05-14 11:45:00,배송완료,중부HUB
1100001197,2026-05-08 09:40:00,집화처리,중부HUB
1100001197,2026-05-08 19:40:00,간선상차,중부HUB
1100001197,2026-05-09 02:40:00,간선하차,중부HUB
1100001197,2026-05-09 11:40:00,배송출발,중부HUB
1100001197,2026-05-09 21:40:00,배송완료,중부HUB
1100001198,2026-06-15 18:44:00,집화처리,영남HUB
1100001198,2026-06-16 06:44:00,간선상차,영남HUB
1100001198,2026-06-16 15:44:00,간선하차,영남HUB
1100001198,2026-06-17 02:44:00,배송출발,영남HUB
1100001198,2026-06-17 12:44:00,배송완료,영남HUB
1100001199,2026-06-01 17:01:00,집화처리,수도권HUB
1100001199,2026-06-02 09:01:00,간선상차,수도권HUB
1100001199,2026-06-03 05:01:00,간선하차,수도권HUB
1100001199,2026-06-03 14:01:00,배송출발,수도권HUB
1100001199,2026-06-03 22:01:00,배송완료,수도권HUB
2100001200,2026-06-30 01:15:00,집화처리,영남HUB
2100001200,2026-06-30 07:15:00,간선상차,영남HUB
2100001200,2026-06-30 21:15:00,간선하차,영남HUB
2100001200,2026-07-01 08:15:00,배송출발,영남HUB
2100001200,2026-07-01 18:15:00,배송완료,영남HUB
1100001201,2026-05-07 06:55:00,집화처리,영남HUB
1100001201,2026-05-07 12:55:00,간선상차,영남HUB
1100001201,2026-05-07 16:55:00,간선하차,영남HUB
1100001201,2026-05-08 08:55:00,배송출발,영남HUB
1100001201,2026-05-09 02:55:00,배송완료,영남HUB
4100001202,2026-06-15 21:34:00,집화처리,중부HUB
4100001202,2026-06-16 12:34:00,간선상차,중부HUB
4100001202,2026-06-16 23:34:00,간선하차,중부HUB
4100001202,2026-06-17 15:34:00,배송출발,중부HUB
4100001202,2026-06-17 18:34:00,배송완료,중부HUB
3100001203,2026-07-08 22:23:00,집화처리,수도권HUB
3100001203,2026-07-09 18:23:00,간선상차,수도권HUB
3100001203,2026-07-10 14:23:00,간선하차,수도권HUB
3100001203,2026-07-10 20:23:00,배송출발,수도권HUB
3100001203,2026-07-11 05:23:00,배송완료,수도권HUB
3100001204,2026-06-23 05:43:00,집화처리,영남HUB
3100001204,2026-06-23 13:43:00,간선상차,영남HUB
3100001204,2026-06-23 21:43:00,간선하차,영남HUB
3100001204,2026-06-24 10:43:00,배송출발,영남HUB
3100001204,2026-06-25 03:43:00,배송완료,영남HUB
2100001205,2026-07-14 02:21:00,집화처리,수도권HUB
2100001205,2026-07-14 14:21:00,간선상차,수도권HUB
2100001205,2026-07-15 10:21:00,간선하차,수도권HUB
2100001205,2026-07-15 21:21:00,배송출발,수도권HUB
2100001205,2026-07-16 16:21:00,배송완료,수도권HUB
1100001206,2026-06-18 22:51:00,집화처리,영남HUB
1100001206,2026-06-19 07:51:00,간선상차,영남HUB
1100001206,2026-06-19 12:51:00,간선하차,영남HUB
1100001206,2026-06-19 18:51:00,배송출발,영남HUB
1100001206,2026-06-20 04:51:00,배송완료,영남HUB
1200001207,2026-05-22 08:05:00,집화처리,수도권HUB
1200001207,2026-05-22 15:05:00,간선상차,수도권HUB
1200001207,2026-05-23 00:05:00,간선하차,수도권HUB
1200001207,2026-05-23 18:05:00,배송출발,수도권HUB
1200001207,2026-05-24 01:05:00,배송완료,수도권HUB
2100001208,2026-05-20 02:00:00,집화처리,수도권HUB
2100001208,2026-05-20 10:00:00,간선상차,수도권HUB
2100001208,2026-05-20 23:00:00,간선하차,수도권HUB
2100001208,2026-05-21 14:00:00,배송출발,수도권HUB
2100001208,2026-05-22 07:00:00,배송완료,수도권HUB
2100001209,2026-07-21 03:14:00,집화처리,중부HUB
2100001209,2026-07-21 06:14:00,간선상차,중부HUB
2100001209,2026-07-21 16:14:00,간선하차,중부HUB
2100001209,2026-07-22 08:14:00,배송출발,중부HUB
2100001209,2026-07-22 11:14:00,배송완료,중부HUB
1100001210,2026-06-09 07:59:00,집화처리,수도권HUB
1100001210,2026-06-09 21:59:00,간선상차,수도권HUB
1100001210,2026-06-10 00:59:00,간선하차,수도권HUB
1100001210,2026-06-10 05:59:00,배송출발,수도권HUB
1100001210,2026-06-10 20:59:00,배송완료,수도권HUB
2100001211,2026-07-11 03:29:00,집화처리,수도권HUB
2100001211,2026-07-11 10:29:00,간선상차,수도권HUB
2100001211,2026-07-11 17:29:00,간선하차,수도권HUB
2100001211,2026-07-12 11:29:00,배송출발,수도권HUB
2100001211,2026-07-13 00:29:00,배송완료,수도권HUB
1100001212,2026-06-24 20:08:00,집화처리,수도권HUB
1100001212,2026-06-25 08:08:00,간선상차,수도권HUB
1100001212,2026-06-25 14:08:00,간선하차,수도권HUB
1100001212,2026-06-26 06:08:00,배송출발,수도권HUB
1100001212,2026-06-27 02:08:00,배송완료,수도권HUB
3100001213,2026-06-25 09:55:00,집화처리,제주HUB
3100001213,2026-06-25 23:55:00,간선상차,제주HUB
3100001213,2026-06-26 18:55:00,간선하차,제주HUB
3100001213,2026-06-27 10:55:00,배송출발,제주HUB
3100001213,2026-06-27 14:55:00,배송완료,제주HUB
3100001214,2026-06-16 07:42:00,집화처리,영남HUB
3100001214,2026-06-16 10:42:00,간선상차,영남HUB
3100001214,2026-06-16 19:42:00,간선하차,영남HUB
3100001214,2026-06-17 01:42:00,배송출발,영남HUB
3100001214,2026-06-17 10:42:00,배송완료,영남HUB
2100001215,2026-06-02 09:32:00,집화처리,중부HUB
2100001215,2026-06-03 00:32:00,간선상차,중부HUB
2100001215,2026-06-03 04:32:00,간선하차,중부HUB
2100001215,2026-06-03 15:32:00,배송출발,중부HUB
2100001215,2026-06-04 01:32:00,배송완료,중부HUB
4100001216,2026-05-09 02:42:00,집화처리,영남HUB
4100001216,2026-05-09 10:42:00,간선상차,영남HUB
4100001216,2026-05-10 03:42:00,간선하차,영남HUB
4100001216,2026-05-10 23:42:00,배송출발,영남HUB
4100001216,2026-05-11 16:42:00,배송완료,영남HUB
1100001217,2026-06-17 07:06:00,집화처리,수도권HUB
1100001217,2026-06-18 02:06:00,간선상차,수도권HUB
1100001217,2026-06-18 18:06:00,간선하차,수도권HUB
1100001217,2026-06-18 22:06:00,배송출발,수도권HUB
1100001217,2026-06-19 15:06:00,배송완료,수도권HUB
1100001218,2026-05-12 08:43:00,집화처리,중부HUB
1100001218,2026-05-12 21:43:00,간선상차,중부HUB
1100001218,2026-05-13 06:43:00,간선하차,중부HUB
1100001218,2026-05-13 13:43:00,배송출발,중부HUB
1100001218,2026-05-13 21:43:00,배송완료,중부HUB
1200001219,2026-05-16 12:45:00,집화처리,영남HUB
1200001219,2026-05-17 05:45:00,간선상차,영남HUB
1200001219,2026-05-17 08:45:00,간선하차,영남HUB
1200001219,2026-05-17 18:45:00,배송출발,영남HUB
1200001219,2026-05-18 07:45:00,배송완료,영남HUB
1200001220,2026-06-22 14:03:00,집화처리,중부HUB
1200001220,2026-06-23 05:03:00,간선상차,중부HUB
1200001220,2026-06-23 09:03:00,간선하차,중부HUB
1200001220,2026-06-23 13:03:00,배송출발,중부HUB
1200001220,2026-06-24 07:03:00,배송완료,중부HUB
1200001221,2026-05-19 05:30:00,집화처리,수도권HUB
1200001221,2026-05-19 11:30:00,간선상차,수도권HUB
1200001221,2026-05-19 18:30:00,간선하차,수도권HUB
1200001221,2026-05-20 08:30:00,배송출발,수도권HUB
1200001221,2026-05-21 00:30:00,배송완료,수도권HUB
1200001222,2026-08-06 08:22:00,집화처리,수도권HUB
2100001223,2026-06-15 00:40:00,집화처리,영남HUB
2100001223,2026-06-15 05:40:00,간선상차,영남HUB
2100001223,2026-06-15 20:40:00,간선하차,영남HUB
2100001223,2026-06-16 12:40:00,배송출발,영남HUB
2100001223,2026-06-17 01:40:00,배송완료,영남HUB
2100001224,2026-06-02 04:56:00,집화처리,영남HUB
2100001224,2026-06-02 19:56:00,간선상차,영남HUB
2100001224,2026-06-03 02:56:00,간선하차,영남HUB
2100001224,2026-06-03 14:56:00,배송출발,영남HUB
2100001224,2026-06-04 10:56:00,배송완료,영남HUB
4100001225,2026-07-22 01:33:00,집화처리,영남HUB
4100001225,2026-07-22 14:33:00,간선상차,영남HUB
4100001225,2026-07-23 10:33:00,간선하차,영남HUB
4100001225,2026-07-23 14:33:00,배송출발,영남HUB
4100001225,2026-07-23 18:33:00,배송완료,영남HUB
2100001226,2026-07-16 02:13:00,집화처리,중부HUB
2100001226,2026-07-16 20:13:00,간선상차,중부HUB
2100001226,2026-07-17 10:13:00,간선하차,중부HUB
2100001226,2026-07-17 20:13:00,배송출발,중부HUB
2100001226,2026-07-18 11:13:00,배송완료,중부HUB
1100001227,2026-07-15 02:40:00,집화처리,수도권HUB
1100001227,2026-07-15 07:40:00,간선상차,수도권HUB
1100001227,2026-07-15 20:40:00,간선하차,수도권HUB
1100001227,2026-07-16 14:40:00,배송출발,수도권HUB
1100001227,2026-07-17 09:40:00,배송완료,수도권HUB
1100001228,2026-07-31 01:36:00,집화처리,중부HUB
1100001228,2026-07-31 15:36:00,간선상차,중부HUB
1100001228,2026-08-01 03:36:00,간선하차,중부HUB
1100001228,2026-08-01 21:36:00,배송출발,중부HUB
1100001228,2026-08-02 16:36:00,배송완료,중부HUB
1100001229,2026-08-03 21:56:00,집화처리,영남HUB
1100001229,2026-08-04 17:56:00,간선상차,영남HUB
1100001229,2026-08-05 08:56:00,간선하차,영남HUB
1100001229,2026-08-05 21:56:00,배송출발,영남HUB
1100001229,2026-08-06 17:56:00,배송완료,영남HUB
1100001230,2026-07-17 07:00:00,집화처리,중부HUB
1100001230,2026-07-17 13:00:00,간선상차,중부HUB
1100001230,2026-07-17 21:00:00,간선하차,중부HUB
1100001230,2026-07-18 00:00:00,배송출발,중부HUB
1100001230,2026-07-18 20:00:00,배송완료,중부HUB
3200001231,2026-07-11 11:49:00,집화처리,수도권HUB
3200001231,2026-07-11 21:49:00,간선상차,수도권HUB
3200001231,2026-07-12 09:49:00,간선하차,수도권HUB
3200001231,2026-07-13 03:49:00,배송출발,수도권HUB
3200001231,2026-07-13 23:49:00,배송완료,수도권HUB
4100001232,2026-05-05 23:16:00,집화처리,중부HUB
4100001232,2026-05-06 19:16:00,간선상차,중부HUB
4100001232,2026-05-07 10:16:00,간선하차,중부HUB
4100001232,2026-05-07 16:16:00,배송출발,중부HUB
4100001232,2026-05-08 01:16:00,배송완료,중부HUB
2100001233,2026-05-07 06:05:00,집화처리,영남HUB
2100001233,2026-05-07 18:05:00,간선상차,영남HUB
2100001233,2026-05-08 04:05:00,간선하차,영남HUB
2100001233,2026-05-08 17:05:00,배송출발,영남HUB
2100001233,2026-05-09 07:05:00,배송완료,영남HUB
2100001234,2026-05-26 23:25:00,집화처리,수도권HUB
2100001234,2026-05-27 16:25:00,간선상차,수도권HUB
2100001234,2026-05-28 05:25:00,간선하차,수도권HUB
2100001234,2026-05-28 11:25:00,배송출발,수도권HUB
2100001234,2026-05-28 22:25:00,배송완료,수도권HUB
4100001235,2026-07-15 09:51:00,집화처리,수도권HUB
4100001235,2026-07-15 13:51:00,간선상차,수도권HUB
4100001235,2026-07-15 21:51:00,간선하차,수도권HUB
4100001235,2026-07-16 09:51:00,배송출발,수도권HUB
4100001235,2026-07-16 15:51:00,배송완료,수도권HUB
3100001236,2026-07-07 22:21:00,집화처리,수도권HUB
3100001236,2026-07-08 01:21:00,간선상차,수도권HUB
3100001236,2026-07-08 14:21:00,간선하차,수도권HUB
3100001236,2026-07-09 03:21:00,배송출발,수도권HUB
3100001236,2026-07-09 17:21:00,배송완료,수도권HUB
1100001237,2026-05-26 06:03:00,집화처리,수도권HUB
1100001237,2026-05-26 19:03:00,간선상차,수도권HUB
1100001237,2026-05-27 12:03:00,간선하차,수도권HUB
1100001237,2026-05-28 07:03:00,배송출발,수도권HUB
1100001237,2026-05-28 10:03:00,배송완료,수도권HUB
3100001238,2026-06-12 05:32:00,집화처리,수도권HUB
3100001238,2026-06-12 21:32:00,간선상차,수도권HUB
3100001238,2026-06-13 01:32:00,간선하차,수도권HUB
3100001238,2026-06-13 14:32:00,배송출발,수도권HUB
3100001238,2026-06-14 01:32:00,배송완료,수도권HUB
4100001239,2026-07-18 12:23:00,집화처리,영남HUB
4100001239,2026-07-19 00:23:00,간선상차,영남HUB
4100001239,2026-07-19 05:23:00,간선하차,영남HUB
4100001239,2026-07-20 00:23:00,배송출발,영남HUB
4100001239,2026-07-20 13:23:00,배송완료,영남HUB
2100001240,2026-05-25 22:19:00,집화처리,수도권HUB
2100001240,2026-05-26 15:19:00,간선상차,수도권HUB
2100001240,2026-05-27 01:19:00,간선하차,수도권HUB
2100001240,2026-05-27 21:19:00,배송출발,수도권HUB
2100001240,2026-05-28 14:19:00,배송완료,수도권HUB
3100001241,2026-07-14 06:44:00,집화처리,영남HUB
3100001241,2026-07-14 18:44:00,간선상차,영남HUB
3100001241,2026-07-15 01:44:00,간선하차,영남HUB
3100001241,2026-07-15 09:44:00,배송출발,영남HUB
3100001241,2026-07-16 05:44:00,배송완료,영남HUB
1100001242,2026-08-01 11:03:00,집화처리,수도권HUB
1100001242,2026-08-02 05:03:00,간선상차,수도권HUB
1100001242,2026-08-02 12:03:00,간선하차,수도권HUB
1100001242,2026-08-02 16:03:00,배송출발,수도권HUB
1100001242,2026-08-03 04:03:00,배송완료,수도권HUB
1200001243,2026-05-08 03:57:00,집화처리,수도권HUB
1200001243,2026-05-08 10:57:00,간선상차,수도권HUB
1200001243,2026-05-09 03:57:00,간선하차,수도권HUB
1200001243,2026-05-09 22:57:00,배송출발,수도권HUB
1200001243,2026-05-10 13:57:00,배송완료,수도권HUB
3100001244,2026-05-26 03:56:00,집화처리,중부HUB
3100001244,2026-05-26 22:56:00,간선상차,중부HUB
3100001244,2026-05-27 15:56:00,간선하차,중부HUB
3100001244,2026-05-28 11:56:00,배송출발,중부HUB
3100001244,2026-05-28 20:56:00,배송완료,중부HUB
2100001245,2026-06-08 18:10:00,집화처리,수도권HUB
2100001245,2026-06-09 00:10:00,간선상차,수도권HUB
2100001245,2026-06-09 09:10:00,간선하차,수도권HUB
2100001245,2026-06-09 23:10:00,배송출발,수도권HUB
2100001245,2026-06-10 02:10:00,배송완료,수도권HUB
1100001246,2026-07-18 03:49:00,집화처리,영남HUB
1100001246,2026-07-18 23:49:00,간선상차,영남HUB
1100001246,2026-07-19 07:49:00,간선하차,영남HUB
1100001246,2026-07-19 15:49:00,배송출발,영남HUB
1100001246,2026-07-20 02:49:00,배송완료,영남HUB
2100001247,2026-06-26 07:29:00,집화처리,영남HUB
2100001247,2026-06-27 02:29:00,간선상차,영남HUB
2100001247,2026-06-27 17:29:00,간선하차,영남HUB
2100001247,2026-06-28 01:29:00,배송출발,영남HUB
2100001247,2026-06-28 21:29:00,배송완료,영남HUB
2100001248,2026-05-26 12:00:00,집화처리,영남HUB
2100001248,2026-05-26 16:00:00,간선상차,영남HUB
2100001248,2026-05-27 10:00:00,간선하차,영남HUB
2100001248,2026-05-28 05:00:00,배송출발,영남HUB
2100001248,2026-05-28 09:00:00,배송완료,영남HUB
1100001249,2026-05-27 00:43:00,집화처리,영남HUB
1100001249,2026-05-27 04:43:00,간선상차,영남HUB
1100001249,2026-05-27 16:43:00,간선하차,영남HUB
1100001249,2026-05-27 20:43:00,배송출발,영남HUB
1100001249,2026-05-28 11:43:00,배송완료,영남HUB
4100001250,2026-05-04 13:57:00,집화처리,수도권HUB
4100001250,2026-05-04 18:57:00,간선상차,수도권HUB
4100001250,2026-05-05 11:57:00,간선하차,수도권HUB
4100001250,2026-05-05 16:57:00,배송출발,수도권HUB
4100001250,2026-05-06 11:57:00,배송완료,수도권HUB
4100001251,2026-07-29 04:06:00,집화처리,호남HUB
4100001251,2026-07-29 19:06:00,간선상차,호남HUB
4100001251,2026-07-30 12:06:00,간선하차,호남HUB
4100001251,2026-07-30 15:06:00,배송출발,호남HUB
4100001251,2026-07-31 01:06:00,배송완료,호남HUB
3200001252,2026-06-17 07:14:00,집화처리,영남HUB
3200001252,2026-06-18 01:14:00,간선상차,영남HUB
3200001252,2026-06-18 20:14:00,간선하차,영남HUB
3200001252,2026-06-19 09:14:00,배송출발,영남HUB
3200001252,2026-06-20 00:14:00,배송완료,영남HUB
4100001253,2026-05-02 08:34:00,집화처리,중부HUB
4100001253,2026-05-02 23:34:00,간선상차,중부HUB
4100001253,2026-05-03 15:34:00,간선하차,중부HUB
4100001253,2026-05-04 06:34:00,배송출발,중부HUB
4100001253,2026-05-04 10:34:00,배송완료,중부HUB
3100001254,2026-08-05 01:05:00,집화처리,수도권HUB
4100001255,2026-06-23 11:22:00,집화처리,수도권HUB
4100001255,2026-06-24 00:22:00,간선상차,수도권HUB
4100001255,2026-06-24 15:22:00,간선하차,수도권HUB
4100001255,2026-06-24 22:22:00,배송출발,수도권HUB
4100001255,2026-06-25 09:22:00,배송완료,수도권HUB
1100001256,2026-07-10 10:17:00,집화처리,수도권HUB
1100001256,2026-07-11 00:17:00,간선상차,수도권HUB
1100001256,2026-07-11 19:17:00,간선하차,수도권HUB
1100001256,2026-07-12 01:17:00,배송출발,수도권HUB
1100001256,2026-07-12 15:17:00,배송완료,수도권HUB
3200001257,2026-06-01 22:32:00,집화처리,중부HUB
3200001257,2026-06-02 18:32:00,간선상차,중부HUB
3200001257,2026-06-03 05:32:00,간선하차,중부HUB
3200001257,2026-06-03 20:32:00,배송출발,중부HUB
3200001257,2026-06-04 12:32:00,배송완료,중부HUB
4100001258,2026-06-20 10:56:00,집화처리,제주HUB
4100001258,2026-06-21 03:56:00,간선상차,제주HUB
4100001258,2026-06-21 11:56:00,간선하차,제주HUB
4100001258,2026-06-22 05:56:00,배송출발,제주HUB
4100001258,2026-06-22 23:56:00,배송완료,제주HUB
1200001259,2026-06-13 02:06:00,집화처리,중부HUB
1200001259,2026-06-13 16:06:00,간선상차,중부HUB
1200001259,2026-06-14 01:06:00,간선하차,중부HUB
1200001259,2026-06-14 21:06:00,배송출발,중부HUB
1200001259,2026-06-15 04:06:00,배송완료,중부HUB
1100001260,2026-07-07 00:53:00,집화처리,중부HUB
1100001260,2026-07-07 16:53:00,간선상차,중부HUB
1100001260,2026-07-08 11:53:00,간선하차,중부HUB
1100001260,2026-07-08 22:53:00,배송출발,중부HUB
1100001260,2026-07-09 13:53:00,배송완료,중부HUB
3200001261,2026-06-26 20:53:00,집화처리,영남HUB
3200001261,2026-06-27 09:53:00,간선상차,영남HUB
3200001261,2026-06-28 03:53:00,간선하차,영남HUB
3200001261,2026-06-28 13:53:00,배송출발,영남HUB
3200001261,2026-06-28 21:53:00,배송완료,영남HUB
2100001262,2026-07-08 13:46:00,집화처리,영남HUB
2100001262,2026-07-09 06:46:00,간선상차,영남HUB
2100001262,2026-07-10 02:46:00,간선하차,영남HUB
2100001262,2026-07-10 15:46:00,배송출발,영남HUB
2100001262,2026-07-11 00:46:00,배송완료,영남HUB
3100001263,2026-05-11 18:55:00,집화처리,수도권HUB
3100001263,2026-05-12 00:55:00,간선상차,수도권HUB
3100001263,2026-05-12 19:55:00,간선하차,수도권HUB
3100001263,2026-05-13 11:55:00,배송출발,수도권HUB
3100001263,2026-05-14 04:55:00,배송완료,수도권HUB
1100001264,2026-07-15 03:13:00,집화처리,영남HUB
1100001264,2026-07-15 10:13:00,간선상차,영남HUB
1100001264,2026-07-15 19:13:00,간선하차,영남HUB
1100001264,2026-07-16 09:13:00,배송출발,영남HUB
1100001264,2026-07-16 19:13:00,배송완료,영남HUB
2100001265,2026-07-09 09:39:00,집화처리,중부HUB
2100001265,2026-07-09 14:39:00,간선상차,중부HUB
2100001265,2026-07-10 03:39:00,간선하차,중부HUB
2100001265,2026-07-10 17:39:00,배송출발,중부HUB
2100001265,2026-07-10 23:39:00,배송완료,중부HUB
1100001266,2026-06-12 00:33:00,집화처리,수도권HUB
1100001266,2026-06-12 05:33:00,간선상차,수도권HUB
1100001266,2026-06-12 18:33:00,간선하차,수도권HUB
1100001266,2026-06-12 23:33:00,배송출발,수도권HUB
1100001266,2026-06-13 11:33:00,배송완료,수도권HUB
1200001267,2026-07-16 23:22:00,집화처리,수도권HUB
1200001267,2026-07-17 14:22:00,간선상차,수도권HUB
1200001267,2026-07-18 00:22:00,간선하차,수도권HUB
1200001267,2026-07-18 16:22:00,배송출발,수도권HUB
1200001267,2026-07-19 06:22:00,배송완료,수도권HUB
3100001268,2026-06-02 12:24:00,집화처리,중부HUB
3100001268,2026-06-03 07:24:00,간선상차,중부HUB
3100001268,2026-06-04 00:24:00,간선하차,중부HUB
3100001268,2026-06-04 16:24:00,배송출발,중부HUB
3100001268,2026-06-05 10:24:00,배송완료,중부HUB
2100001269,2026-07-08 05:35:00,집화처리,영남HUB
2100001269,2026-07-08 12:35:00,간선상차,영남HUB
2100001269,2026-07-09 01:35:00,간선하차,영남HUB
2100001269,2026-07-09 20:35:00,배송출발,영남HUB
2100001269,2026-07-10 14:35:00,배송완료,영남HUB
1200001270,2026-07-20 23:24:00,집화처리,수도권HUB
1200001270,2026-07-21 13:24:00,간선상차,수도권HUB
1200001270,2026-07-22 03:24:00,간선하차,수도권HUB
1200001270,2026-07-22 19:24:00,배송출발,수도권HUB
1200001270,2026-07-23 00:24:00,배송완료,수도권HUB
2100001271,2026-06-30 23:54:00,집화처리,영남HUB
2100001271,2026-07-01 17:54:00,간선상차,영남HUB
2100001271,2026-07-02 01:54:00,간선하차,영남HUB
2100001271,2026-07-02 13:54:00,배송출발,영남HUB
2100001271,2026-07-03 01:54:00,배송완료,영남HUB
3100001272,2026-07-01 03:36:00,집화처리,영남HUB
3100001272,2026-07-01 19:36:00,간선상차,영남HUB
3100001272,2026-07-02 05:36:00,간선하차,영남HUB
3100001272,2026-07-03 01:36:00,배송출발,영남HUB
3100001272,2026-07-03 08:36:00,배송완료,영남HUB
1200001273,2026-05-16 05:24:00,집화처리,수도권HUB
1200001273,2026-05-16 16:24:00,간선상차,수도권HUB
1200001273,2026-05-17 00:24:00,간선하차,수도권HUB
1200001273,2026-05-17 12:24:00,배송출발,수도권HUB
1200001273,2026-05-17 21:24:00,배송완료,수도권HUB
4100001274,2026-07-06 23:03:00,집화처리,수도권HUB
4100001274,2026-07-07 02:03:00,간선상차,수도권HUB
4100001274,2026-07-07 14:03:00,간선하차,수도권HUB
4100001274,2026-07-08 02:03:00,배송출발,수도권HUB
4100001274,2026-07-08 17:03:00,배송완료,수도권HUB
1100001275,2026-06-09 22:40:00,집화처리,영남HUB
1100001275,2026-06-10 03:40:00,간선상차,영남HUB
1100001275,2026-06-10 17:40:00,간선하차,영남HUB
1100001275,2026-06-11 01:40:00,배송출발,영남HUB
1100001275,2026-06-11 15:40:00,배송완료,영남HUB
3200001276,2026-07-14 22:46:00,집화처리,중부HUB
3200001276,2026-07-15 08:46:00,간선상차,중부HUB
3200001276,2026-07-15 23:46:00,간선하차,중부HUB
3200001276,2026-07-16 03:46:00,배송출발,중부HUB
3200001276,2026-07-16 20:46:00,배송완료,중부HUB
1100001277,2026-06-17 05:39:00,집화처리,영남HUB
1100001277,2026-06-17 12:39:00,간선상차,영남HUB
1100001277,2026-06-17 21:39:00,간선하차,영남HUB
1100001277,2026-06-18 00:39:00,배송출발,영남HUB
1100001277,2026-06-18 14:39:00,배송완료,영남HUB
1200001278,2026-05-13 10:47:00,집화처리,중부HUB
1200001278,2026-05-13 22:47:00,간선상차,중부HUB
1200001278,2026-05-14 03:47:00,간선하차,중부HUB
1200001278,2026-05-14 19:47:00,배송출발,중부HUB
1200001278,2026-05-15 15:47:00,배송완료,중부HUB
1200001279,2026-07-06 18:04:00,집화처리,중부HUB
1200001279,2026-07-07 14:04:00,간선상차,중부HUB
1200001279,2026-07-07 21:04:00,간선하차,중부HUB
1200001279,2026-07-08 09:04:00,배송출발,중부HUB
1200001279,2026-07-08 15:04:00,배송완료,중부HUB
3100001280,2026-05-13 01:02:00,집화처리,수도권HUB
3100001280,2026-05-13 07:02:00,간선상차,수도권HUB
3100001280,2026-05-13 13:02:00,간선하차,수도권HUB
3100001280,2026-05-14 00:02:00,배송출발,수도권HUB
3100001280,2026-05-14 09:02:00,배송완료,수도권HUB
3100001281,2026-05-09 23:30:00,집화처리,수도권HUB
3100001281,2026-05-10 13:30:00,간선상차,수도권HUB
3100001281,2026-05-10 22:30:00,간선하차,수도권HUB
3100001281,2026-05-11 03:30:00,배송출발,수도권HUB
3100001281,2026-05-11 08:30:00,배송완료,수도권HUB
1200001282,2026-08-04 04:46:00,집화처리,영남HUB
1200001282,2026-08-04 19:46:00,간선상차,영남HUB
1200001282,2026-08-04 22:46:00,간선하차,영남HUB
1200001282,2026-08-05 17:46:00,배송출발,영남HUB
2100001283,2026-07-10 06:33:00,집화처리,수도권HUB
2100001283,2026-07-10 20:33:00,간선상차,수도권HUB
2100001283,2026-07-11 14:33:00,간선하차,수도권HUB
2100001283,2026-07-11 22:33:00,배송출발,수도권HUB
2100001283,2026-07-12 05:33:00,배송완료,수도권HUB
1200001284,2026-06-28 09:45:00,집화처리,수도권HUB
1200001284,2026-06-28 23:45:00,간선상차,수도권HUB
1200001284,2026-06-29 10:45:00,간선하차,수도권HUB
1200001284,2026-06-29 23:45:00,배송출발,수도권HUB
1200001284,2026-06-30 09:45:00,배송완료,수도권HUB
2100001285,2026-07-13 02:48:00,집화처리,수도권HUB
2100001285,2026-07-13 18:48:00,간선상차,수도권HUB
2100001285,2026-07-14 13:48:00,간선하차,수도권HUB
2100001285,2026-07-14 16:48:00,배송출발,수도권HUB
2100001285,2026-07-15 11:48:00,배송완료,수도권HUB
1100001286,2026-05-13 02:23:00,집화처리,수도권HUB
1100001286,2026-05-13 15:23:00,간선상차,수도권HUB
1100001286,2026-05-13 21:23:00,간선하차,수도권HUB
1100001286,2026-05-14 12:23:00,배송출발,수도권HUB
1100001286,2026-05-15 03:23:00,배송완료,수도권HUB
3200001287,2026-08-01 03:42:00,집화처리,영남HUB
3200001287,2026-08-01 23:42:00,간선상차,영남HUB
3200001287,2026-08-02 03:42:00,간선하차,영남HUB
3200001287,2026-08-02 10:42:00,배송출발,영남HUB
3200001287,2026-08-02 14:42:00,배송완료,영남HUB
1100001288,2026-05-26 04:45:00,집화처리,호남HUB
1100001288,2026-05-26 16:45:00,간선상차,호남HUB
1100001288,2026-05-27 09:45:00,간선하차,호남HUB
1100001288,2026-05-27 12:45:00,배송출발,호남HUB
1100001288,2026-05-27 20:45:00,배송완료,호남HUB
3200001289,2026-06-22 22:15:00,집화처리,수도권HUB
3200001289,2026-06-23 04:15:00,간선상차,수도권HUB
3200001289,2026-06-23 09:15:00,간선하차,수도권HUB
3200001289,2026-06-23 12:15:00,배송출발,수도권HUB
3200001289,2026-06-24 05:15:00,배송완료,수도권HUB
4100001290,2026-05-06 02:01:00,집화처리,중부HUB
4100001290,2026-05-06 08:01:00,간선상차,중부HUB
4100001290,2026-05-07 01:01:00,간선하차,중부HUB
4100001290,2026-05-07 20:01:00,배송출발,중부HUB
4100001290,2026-05-08 12:01:00,배송완료,중부HUB
4100001291,2026-05-05 09:28:00,집화처리,수도권HUB
4100001291,2026-05-05 21:28:00,간선상차,수도권HUB
4100001291,2026-05-06 05:28:00,간선하차,수도권HUB
4100001291,2026-05-06 10:28:00,배송출발,수도권HUB
4100001291,2026-05-06 21:28:00,배송완료,수도권HUB
3100001292,2026-06-09 04:20:00,집화처리,수도권HUB
3100001292,2026-06-09 23:20:00,간선상차,수도권HUB
3100001292,2026-06-10 07:20:00,간선하차,수도권HUB
3100001292,2026-06-10 17:20:00,배송출발,수도권HUB
3100001292,2026-06-11 03:20:00,배송완료,수도권HUB
4100001293,2026-07-02 17:35:00,집화처리,수도권HUB
4100001293,2026-07-02 21:35:00,간선상차,수도권HUB
4100001293,2026-07-03 00:35:00,간선하차,수도권HUB
4100001293,2026-07-03 20:35:00,배송출발,수도권HUB
4100001293,2026-07-04 09:35:00,배송완료,수도권HUB
4100001294,2026-05-14 07:12:00,집화처리,영남HUB
4100001294,2026-05-14 16:12:00,간선상차,영남HUB
4100001294,2026-05-15 01:12:00,간선하차,영남HUB
4100001294,2026-05-15 11:12:00,배송출발,영남HUB
4100001294,2026-05-16 07:12:00,배송완료,영남HUB
2100001295,2026-07-14 03:29:00,집화처리,수도권HUB
2100001295,2026-07-14 06:29:00,간선상차,수도권HUB
2100001295,2026-07-15 02:29:00,간선하차,수도권HUB
2100001295,2026-07-15 12:29:00,배송출발,수도권HUB
2100001295,2026-07-15 22:29:00,배송완료,수도권HUB
2100001296,2026-07-21 10:20:00,집화처리,영남HUB
2100001296,2026-07-21 17:20:00,간선상차,영남HUB
2100001296,2026-07-22 01:20:00,간선하차,영남HUB
2100001296,2026-07-22 17:20:00,배송출발,영남HUB
2100001296,2026-07-23 00:20:00,배송완료,영남HUB
3100001297,2026-07-20 23:59:00,집화처리,영남HUB
3100001297,2026-07-21 07:59:00,간선상차,영남HUB
3100001297,2026-07-22 01:59:00,간선하차,영남HUB
3100001297,2026-07-22 20:59:00,배송출발,영남HUB
3100001297,2026-07-23 01:59:00,배송완료,영남HUB
4100001298,2026-06-24 07:14:00,집화처리,영남HUB
4100001298,2026-06-24 20:14:00,간선상차,영남HUB
4100001298,2026-06-25 00:14:00,간선하차,영남HUB
4100001298,2026-06-25 05:14:00,배송출발,영남HUB
4100001298,2026-06-25 21:14:00,배송완료,영남HUB
3100001299,2026-06-16 21:14:00,집화처리,수도권HUB
3100001299,2026-06-17 15:14:00,간선상차,수도권HUB
3100001299,2026-06-17 21:14:00,간선하차,수도권HUB
3100001299,2026-06-18 13:14:00,배송출발,수도권HUB
3100001299,2026-06-18 22:14:00,배송완료,수도권HUB
1100001300,2026-06-29 22:12:00,집화처리,영남HUB
1100001300,2026-06-30 05:12:00,간선상차,영남HUB
1100001300,2026-06-30 13:12:00,간선하차,영남HUB
1100001300,2026-06-30 16:12:00,배송출발,영남HUB
1100001300,2026-06-30 19:12:00,배송완료,영남HUB
1100001301,2026-05-27 04:39:00,집화처리,수도권HUB
1100001301,2026-05-27 10:39:00,간선상차,수도권HUB
1100001301,2026-05-27 19:39:00,간선하차,수도권HUB
1100001301,2026-05-28 06:39:00,배송출발,수도권HUB
1100001301,2026-05-28 15:39:00,배송완료,수도권HUB
1100001302,2026-07-29 21:12:00,집화처리,호남HUB
1100001302,2026-07-30 09:12:00,간선상차,호남HUB
1100001302,2026-07-30 20:12:00,간선하차,호남HUB
1100001302,2026-07-31 03:12:00,배송출발,호남HUB
1100001302,2026-07-31 06:12:00,배송완료,호남HUB
1100001303,2026-07-23 00:58:00,집화처리,영남HUB
1100001303,2026-07-23 07:58:00,간선상차,영남HUB
1100001303,2026-07-24 03:58:00,간선하차,영남HUB
1100001303,2026-07-24 20:58:00,배송출발,영남HUB
1100001303,2026-07-25 02:58:00,배송완료,영남HUB
1100001304,2026-06-13 05:58:00,집화처리,수도권HUB
1100001304,2026-06-13 20:58:00,간선상차,수도권HUB
1100001304,2026-06-14 11:58:00,간선하차,수도권HUB
1100001304,2026-06-14 23:58:00,배송출발,수도권HUB
1100001304,2026-06-15 11:58:00,배송완료,수도권HUB
1200001305,2026-06-18 12:19:00,집화처리,수도권HUB
1200001305,2026-06-18 19:19:00,간선상차,수도권HUB
1200001305,2026-06-19 08:19:00,간선하차,수도권HUB
1200001305,2026-06-20 04:19:00,배송출발,수도권HUB
1200001305,2026-06-20 22:19:00,배송완료,수도권HUB
3200001306,2026-05-11 19:12:00,집화처리,영남HUB
3200001306,2026-05-12 06:12:00,간선상차,영남HUB
3200001306,2026-05-13 00:12:00,간선하차,영남HUB
3200001306,2026-05-13 15:12:00,배송출발,영남HUB
3200001306,2026-05-14 07:12:00,배송완료,영남HUB
1100001307,2026-07-21 05:44:00,집화처리,수도권HUB
1100001307,2026-07-21 13:44:00,간선상차,수도권HUB
1100001307,2026-07-21 21:44:00,간선하차,수도권HUB
1100001307,2026-07-22 01:44:00,배송출발,수도권HUB
1100001307,2026-07-22 18:44:00,배송완료,수도권HUB
3100001308,2026-05-22 19:52:00,집화처리,수도권HUB
3100001308,2026-05-23 00:52:00,간선상차,수도권HUB
3100001308,2026-05-23 20:52:00,간선하차,수도권HUB
3100001308,2026-05-24 13:52:00,배송출발,수도권HUB
3100001308,2026-05-24 16:52:00,배송완료,수도권HUB
2100001309,2026-07-25 03:10:00,집화처리,영남HUB
2100001309,2026-07-25 16:10:00,간선상차,영남HUB
2100001309,2026-07-25 21:10:00,간선하차,영남HUB
2100001309,2026-07-26 00:10:00,배송출발,영남HUB
2100001309,2026-07-26 05:10:00,배송완료,영남HUB
3100001310,2026-06-02 13:03:00,집화처리,호남HUB
3100001310,2026-06-02 18:03:00,간선상차,호남HUB
3100001310,2026-06-03 03:03:00,간선하차,호남HUB
3100001310,2026-06-03 08:03:00,배송출발,호남HUB
3100001310,2026-06-03 11:03:00,배송완료,호남HUB
1200001311,2026-05-19 22:52:00,집화처리,수도권HUB
1200001311,2026-05-20 08:52:00,간선상차,수도권HUB
1200001311,2026-05-20 18:52:00,간선하차,수도권HUB
1200001311,2026-05-20 22:52:00,배송출발,수도권HUB
1200001311,2026-05-21 04:52:00,배송완료,수도권HUB
4100001312,2026-07-03 03:17:00,집화처리,수도권HUB
4100001312,2026-07-03 23:17:00,간선상차,수도권HUB
4100001312,2026-07-04 11:17:00,간선하차,수도권HUB
4100001312,2026-07-05 04:17:00,배송출발,수도권HUB
4100001312,2026-07-05 21:17:00,배송완료,수도권HUB
3100001313,2026-06-26 19:18:00,집화처리,수도권HUB
3100001313,2026-06-27 12:18:00,간선상차,수도권HUB
3100001313,2026-06-28 04:18:00,간선하차,수도권HUB
3100001313,2026-06-28 23:18:00,배송출발,수도권HUB
3100001313,2026-06-29 13:18:00,배송완료,수도권HUB
4100001314,2026-06-23 01:47:00,집화처리,영남HUB
4100001314,2026-06-23 19:47:00,간선상차,영남HUB
4100001314,2026-06-24 04:47:00,간선하차,영남HUB
4100001314,2026-06-25 00:47:00,배송출발,영남HUB
4100001314,2026-06-25 14:47:00,배송완료,영남HUB
3100001315,2026-06-09 04:10:00,집화처리,영남HUB
3100001315,2026-06-09 19:10:00,간선상차,영남HUB
3100001315,2026-06-10 09:10:00,간선하차,영남HUB
3100001315,2026-06-11 01:10:00,배송출발,영남HUB
3100001315,2026-06-11 15:10:00,배송완료,영남HUB
1100001316,2026-05-04 22:48:00,집화처리,영남HUB
1100001316,2026-05-05 08:48:00,간선상차,영남HUB
1100001316,2026-05-06 02:48:00,간선하차,영남HUB
1100001316,2026-05-06 16:48:00,배송출발,영남HUB
1100001316,2026-05-06 21:48:00,배송완료,영남HUB
1200001317,2026-06-01 16:19:00,집화처리,수도권HUB
1200001317,2026-06-01 20:19:00,간선상차,수도권HUB
1200001317,2026-06-02 05:19:00,간선하차,수도권HUB
1200001317,2026-06-02 23:19:00,배송출발,수도권HUB
1200001317,2026-06-03 12:19:00,배송완료,수도권HUB
3100001318,2026-07-02 13:04:00,집화처리,영남HUB
3100001318,2026-07-03 08:04:00,간선상차,영남HUB
3100001318,2026-07-03 11:04:00,간선하차,영남HUB
3100001318,2026-07-03 17:04:00,배송출발,영남HUB
3100001318,2026-07-04 00:04:00,배송완료,영남HUB
4100001319,2026-06-25 03:01:00,집화처리,중부HUB
4100001319,2026-06-25 08:01:00,간선상차,중부HUB
4100001319,2026-06-26 03:01:00,간선하차,중부HUB
4100001319,2026-06-26 20:01:00,배송출발,중부HUB
4100001319,2026-06-27 06:01:00,배송완료,중부HUB
2100001320,2026-06-30 12:57:00,집화처리,수도권HUB
2100001320,2026-06-30 22:57:00,간선상차,수도권HUB
2100001320,2026-07-01 16:57:00,간선하차,수도권HUB
2100001320,2026-07-02 06:57:00,배송출발,수도권HUB
2100001320,2026-07-02 14:57:00,배송완료,수도권HUB
2100001321,2026-07-20 23:07:00,집화처리,수도권HUB
2100001321,2026-07-21 14:07:00,간선상차,수도권HUB
2100001321,2026-07-21 17:07:00,간선하차,수도권HUB
2100001321,2026-07-21 21:07:00,배송출발,수도권HUB
2100001321,2026-07-22 01:07:00,배송완료,수도권HUB
1100001322,2026-07-14 08:34:00,집화처리,수도권HUB
1100001322,2026-07-14 20:34:00,간선상차,수도권HUB
1100001322,2026-07-15 05:34:00,간선하차,수도권HUB
1100001322,2026-07-15 09:34:00,배송출발,수도권HUB
1100001322,2026-07-16 01:34:00,배송완료,수도권HUB
1100001323,2026-05-14 04:50:00,집화처리,수도권HUB
1100001323,2026-05-14 08:50:00,간선상차,수도권HUB
1100001323,2026-05-14 21:50:00,간선하차,수도권HUB
1100001323,2026-05-15 03:50:00,배송출발,수도권HUB
1100001323,2026-05-15 16:50:00,배송완료,수도권HUB
3100001324,2026-05-09 09:39:00,집화처리,중부HUB
3100001324,2026-05-10 04:39:00,간선상차,중부HUB
3100001324,2026-05-10 12:39:00,간선하차,중부HUB
3100001324,2026-05-10 19:39:00,배송출발,중부HUB
3100001324,2026-05-11 15:39:00,배송완료,중부HUB
1100001325,2026-06-24 06:24:00,집화처리,수도권HUB
1100001325,2026-06-24 16:24:00,간선상차,수도권HUB
1100001325,2026-06-25 11:24:00,간선하차,수도권HUB
1100001325,2026-06-25 19:24:00,배송출발,수도권HUB
1100001325,2026-06-26 07:24:00,배송완료,수도권HUB
1200001326,2026-06-20 02:21:00,집화처리,영남HUB
1200001326,2026-06-20 22:21:00,간선상차,영남HUB
1200001326,2026-06-21 09:21:00,간선하차,영남HUB
1200001326,2026-06-21 23:21:00,배송출발,영남HUB
1200001326,2026-06-22 17:21:00,배송완료,영남HUB
3100001327,2026-07-21 10:59:00,집화처리,영남HUB
3100001327,2026-07-21 17:59:00,간선상차,영남HUB
3100001327,2026-07-22 07:59:00,간선하차,영남HUB
3100001327,2026-07-22 11:59:00,배송출발,영남HUB
3100001327,2026-07-22 15:59:00,배송완료,영남HUB
3100001328,2026-05-18 20:23:00,집화처리,중부HUB
3100001328,2026-05-19 01:23:00,간선상차,중부HUB
3100001328,2026-05-19 11:23:00,간선하차,중부HUB
3100001328,2026-05-20 06:23:00,배송출발,중부HUB
3100001328,2026-05-20 21:23:00,배송완료,중부HUB
1200001329,2026-05-17 21:27:00,집화처리,수도권HUB
1200001329,2026-05-18 07:27:00,간선상차,수도권HUB
1200001329,2026-05-18 10:27:00,간선하차,수도권HUB
1200001329,2026-05-18 20:27:00,배송출발,수도권HUB
1200001329,2026-05-19 14:27:00,배송완료,수도권HUB
1100001330,2026-05-14 10:26:00,집화처리,수도권HUB
1100001330,2026-05-14 19:26:00,간선상차,수도권HUB
1100001330,2026-05-15 10:26:00,간선하차,수도권HUB
1100001330,2026-05-15 19:26:00,배송출발,수도권HUB
1100001330,2026-05-16 10:26:00,배송완료,수도권HUB
1100001331,2026-06-25 02:27:00,집화처리,영남HUB
1100001331,2026-06-25 22:27:00,간선상차,영남HUB
1100001331,2026-06-26 03:27:00,간선하차,영남HUB
1100001331,2026-06-26 16:27:00,배송출발,영남HUB
1100001331,2026-06-27 03:27:00,배송완료,영남HUB
1200001332,2026-06-22 23:24:00,집화처리,호남HUB
1200001332,2026-06-23 14:24:00,간선상차,호남HUB
1200001332,2026-06-23 20:24:00,간선하차,호남HUB
1200001332,2026-06-24 01:24:00,배송출발,호남HUB
1200001332,2026-06-24 14:24:00,배송완료,호남HUB
1100001333,2026-05-12 22:54:00,집화처리,중부HUB
1100001333,2026-05-13 06:54:00,간선상차,중부HUB
1100001333,2026-05-13 13:54:00,간선하차,중부HUB
1100001333,2026-05-13 17:54:00,배송출발,중부HUB
1100001333,2026-05-14 10:54:00,배송완료,중부HUB
1200001334,2026-08-04 00:19:00,집화처리,수도권HUB
1200001334,2026-08-04 06:19:00,간선상차,수도권HUB
1200001334,2026-08-04 16:19:00,간선하차,수도권HUB
1200001334,2026-08-05 01:19:00,배송출발,수도권HUB
1200001334,2026-08-05 21:19:00,배송완료,수도권HUB
3100001335,2026-06-23 09:14:00,집화처리,수도권HUB
3100001335,2026-06-24 04:14:00,간선상차,수도권HUB
3100001335,2026-06-25 00:14:00,간선하차,수도권HUB
3100001335,2026-06-25 10:14:00,배송출발,수도권HUB
3100001335,2026-06-25 16:14:00,배송완료,수도권HUB
1200001336,2026-07-29 23:12:00,집화처리,영남HUB
1200001336,2026-07-30 18:12:00,간선상차,영남HUB
1200001336,2026-07-31 08:12:00,간선하차,영남HUB
1200001336,2026-07-31 22:12:00,배송출발,영남HUB
1200001336,2026-08-01 13:12:00,배송완료,영남HUB
1100001337,2026-05-18 20:53:00,집화처리,수도권HUB
1100001337,2026-05-19 11:53:00,간선상차,수도권HUB
1100001337,2026-05-19 22:53:00,간선하차,수도권HUB
1100001337,2026-05-20 01:53:00,배송출발,수도권HUB
1100001337,2026-05-20 07:53:00,배송완료,수도권HUB
1200001338,2026-08-03 17:53:00,집화처리,영남HUB
1200001338,2026-08-04 04:53:00,간선상차,영남HUB
1200001338,2026-08-04 10:53:00,간선하차,영남HUB
1200001338,2026-08-05 06:53:00,배송출발,영남HUB
1200001338,2026-08-05 09:53:00,배송완료,영남HUB
3100001339,2026-05-15 07:43:00,집화처리,영남HUB
3100001339,2026-05-15 16:43:00,간선상차,영남HUB
3100001339,2026-05-16 08:43:00,간선하차,영남HUB
3100001339,2026-05-17 02:43:00,배송출발,영남HUB
3100001339,2026-05-17 12:43:00,배송완료,영남HUB
2100001340,2026-07-28 00:13:00,집화처리,영남HUB
2100001340,2026-07-28 05:13:00,간선상차,영남HUB
2100001340,2026-07-28 16:13:00,간선하차,영남HUB
2100001340,2026-07-29 06:13:00,배송출발,영남HUB
2100001340,2026-07-30 02:13:00,배송완료,영남HUB
4100001341,2026-06-10 04:50:00,집화처리,중부HUB
4100001341,2026-06-10 11:50:00,간선상차,중부HUB
4100001341,2026-06-10 15:50:00,간선하차,중부HUB
4100001341,2026-06-10 21:50:00,배송출발,중부HUB
4100001341,2026-06-11 01:50:00,배송완료,중부HUB
2100001342,2026-05-19 11:24:00,집화처리,영남HUB
2100001342,2026-05-19 17:24:00,간선상차,영남HUB
2100001342,2026-05-20 09:24:00,간선하차,영남HUB
2100001342,2026-05-20 17:24:00,배송출발,영남HUB
2100001342,2026-05-21 11:24:00,배송완료,영남HUB
3200001343,2026-08-01 04:41:00,집화처리,중부HUB
3200001343,2026-08-02 00:41:00,간선상차,중부HUB
3200001343,2026-08-02 13:41:00,간선하차,중부HUB
3200001343,2026-08-03 05:41:00,배송출발,중부HUB
3200001343,2026-08-03 16:41:00,배송완료,중부HUB
1200001344,2026-06-10 06:23:00,집화처리,중부HUB
1200001344,2026-06-10 23:23:00,간선상차,중부HUB
1200001344,2026-06-11 19:23:00,간선하차,중부HUB
1200001344,2026-06-12 01:23:00,배송출발,중부HUB
1200001344,2026-06-12 08:23:00,배송완료,중부HUB
3200001345,2026-06-02 11:56:00,집화처리,영남HUB
3200001345,2026-06-03 04:56:00,간선상차,영남HUB
3200001345,2026-06-03 20:56:00,간선하차,영남HUB
3200001345,2026-06-04 15:56:00,배송출발,영남HUB
3200001345,2026-06-05 02:56:00,배송완료,영남HUB
1100001346,2026-08-04 07:10:00,집화처리,수도권HUB
1100001346,2026-08-04 11:10:00,간선상차,수도권HUB
1100001346,2026-08-05 07:10:00,간선하차,수도권HUB
1100001346,2026-08-05 17:10:00,배송출발,수도권HUB
1100001346,2026-08-06 11:10:00,배송완료,수도권HUB
4100001347,2026-07-03 20:45:00,집화처리,중부HUB
4100001347,2026-07-04 14:45:00,간선상차,중부HUB
4100001347,2026-07-05 07:45:00,간선하차,중부HUB
4100001347,2026-07-06 02:45:00,배송출발,중부HUB
4100001347,2026-07-06 19:45:00,배송완료,중부HUB
4100001348,2026-05-21 10:12:00,집화처리,호남HUB
4100001348,2026-05-21 17:12:00,간선상차,호남HUB
4100001348,2026-05-22 06:12:00,간선하차,호남HUB
4100001348,2026-05-22 16:12:00,배송출발,호남HUB
4100001348,2026-05-23 07:12:00,배송완료,호남HUB
4100001349,2026-05-14 16:46:00,집화처리,영남HUB
4100001349,2026-05-14 21:46:00,간선상차,영남HUB
4100001349,2026-05-15 09:46:00,간선하차,영남HUB
4100001349,2026-05-15 12:46:00,배송출발,영남HUB
4100001349,2026-05-15 18:46:00,배송완료,영남HUB
2100001350,2026-06-27 08:12:00,집화처리,영남HUB
2100001350,2026-06-28 03:12:00,간선상차,영남HUB
2100001350,2026-06-28 21:12:00,간선하차,영남HUB
2100001350,2026-06-29 16:12:00,배송출발,영남HUB
2100001350,2026-06-30 11:12:00,배송완료,영남HUB
3100001351,2026-06-29 17:25:00,집화처리,수도권HUB
3100001351,2026-06-30 04:25:00,간선상차,수도권HUB
3100001351,2026-06-30 13:25:00,간선하차,수도권HUB
3100001351,2026-06-30 22:25:00,배송출발,수도권HUB
3100001351,2026-07-01 16:25:00,배송완료,수도권HUB
1100001352,2026-07-28 20:26:00,집화처리,중부HUB
1100001352,2026-07-29 12:26:00,간선상차,중부HUB
1100001352,2026-07-30 00:26:00,간선하차,중부HUB
1100001352,2026-07-30 17:26:00,배송출발,중부HUB
1100001352,2026-07-31 12:26:00,배송완료,중부HUB
1200001353,2026-07-18 01:41:00,집화처리,중부HUB
1200001353,2026-07-18 09:41:00,간선상차,중부HUB
1200001353,2026-07-18 18:41:00,간선하차,중부HUB
1200001353,2026-07-18 23:41:00,배송출발,중부HUB
1200001353,2026-07-19 05:41:00,배송완료,중부HUB
3200001354,2026-05-29 05:25:00,집화처리,수도권HUB
3200001354,2026-05-29 18:25:00,간선상차,수도권HUB
3200001354,2026-05-30 03:25:00,간선하차,수도권HUB
3200001354,2026-05-30 07:25:00,배송출발,수도권HUB
3200001354,2026-05-30 23:25:00,배송완료,수도권HUB
1100001355,2026-06-19 10:04:00,집화처리,영남HUB
1100001355,2026-06-20 01:04:00,간선상차,영남HUB
1100001355,2026-06-20 14:04:00,간선하차,영남HUB
1100001355,2026-06-21 01:04:00,배송출발,영남HUB
1100001355,2026-06-21 09:04:00,배송완료,영남HUB
1200001356,2026-08-05 17:18:00,집화처리,수도권HUB
1200001356,2026-08-06 05:18:00,간선상차,수도권HUB
1200001356,2026-08-06 21:18:00,간선하차,수도권HUB
1200001356,2026-08-07 04:18:00,배송출발,수도권HUB
1200001357,2026-07-13 22:49:00,집화처리,영남HUB
1200001357,2026-07-14 02:49:00,간선상차,영남HUB
1200001357,2026-07-14 17:49:00,간선하차,영남HUB
1200001357,2026-07-15 02:49:00,배송출발,영남HUB
1200001357,2026-07-15 21:49:00,배송완료,영남HUB
1100001358,2026-06-23 06:15:00,집화처리,수도권HUB
1100001358,2026-06-23 11:15:00,간선상차,수도권HUB
1100001358,2026-06-23 14:15:00,간선하차,수도권HUB
1100001358,2026-06-24 05:15:00,배송출발,수도권HUB
1100001358,2026-06-24 20:15:00,배송완료,수도권HUB
1200001359,2026-05-05 01:27:00,집화처리,수도권HUB
1200001359,2026-05-05 08:27:00,간선상차,수도권HUB
1200001359,2026-05-05 21:27:00,간선하차,수도권HUB
1200001359,2026-05-06 10:27:00,배송출발,수도권HUB
1200001359,2026-05-06 17:27:00,배송완료,수도권HUB
1200001360,2026-05-27 14:03:00,집화처리,수도권HUB
1200001360,2026-05-28 05:03:00,간선상차,수도권HUB
1200001360,2026-05-28 14:03:00,간선하차,수도권HUB
1200001360,2026-05-29 08:03:00,배송출발,수도권HUB
1200001360,2026-05-29 17:03:00,배송완료,수도권HUB
1100001361,2026-05-19 23:16:00,집화처리,중부HUB
1100001361,2026-05-20 02:16:00,간선상차,중부HUB
1100001361,2026-05-20 13:16:00,간선하차,중부HUB
1100001361,2026-05-21 04:16:00,배송출발,중부HUB
1100001361,2026-05-21 07:16:00,배송완료,중부HUB
2100001362,2026-07-21 02:03:00,집화처리,수도권HUB
2100001362,2026-07-21 10:03:00,간선상차,수도권HUB
2100001362,2026-07-22 05:03:00,간선하차,수도권HUB
2100001362,2026-07-22 18:03:00,배송출발,수도권HUB
2100001362,2026-07-22 23:03:00,배송완료,수도권HUB
3100001363,2026-06-23 01:27:00,집화처리,영남HUB
3100001363,2026-06-23 09:27:00,간선상차,영남HUB
3100001363,2026-06-24 03:27:00,간선하차,영남HUB
3100001363,2026-06-24 11:27:00,배송출발,영남HUB
3100001363,2026-06-25 05:27:00,배송완료,영남HUB
2100001364,2026-05-26 01:09:00,집화처리,중부HUB
2100001364,2026-05-26 20:09:00,간선상차,중부HUB
2100001364,2026-05-27 14:09:00,간선하차,중부HUB
2100001364,2026-05-28 04:09:00,배송출발,중부HUB
2100001364,2026-05-28 17:09:00,배송완료,중부HUB
1100001365,2026-07-31 03:14:00,집화처리,제주HUB
1100001365,2026-07-31 12:14:00,간선상차,제주HUB
1100001365,2026-07-31 16:14:00,간선하차,제주HUB
1100001365,2026-08-01 01:14:00,배송출발,제주HUB
1100001365,2026-08-01 06:14:00,배송완료,제주HUB
1100001366,2026-06-06 17:28:00,집화처리,영남HUB
1100001366,2026-06-07 12:28:00,간선상차,영남HUB
1100001366,2026-06-07 16:28:00,간선하차,영남HUB
1100001366,2026-06-08 11:28:00,배송출발,영남HUB
1100001366,2026-06-09 05:28:00,배송완료,영남HUB
3100001367,2026-05-06 07:28:00,집화처리,영남HUB
3100001367,2026-05-06 23:28:00,간선상차,영남HUB
3100001367,2026-05-07 02:28:00,간선하차,영남HUB
3100001367,2026-05-07 05:28:00,배송출발,영남HUB
3100001367,2026-05-07 22:28:00,배송완료,영남HUB
1200001368,2026-07-12 07:30:00,집화처리,중부HUB
1200001368,2026-07-12 11:30:00,간선상차,중부HUB
1200001368,2026-07-13 06:30:00,간선하차,중부HUB
1200001368,2026-07-13 14:30:00,배송출발,중부HUB
1200001368,2026-07-14 00:30:00,배송완료,중부HUB
2100001369,2026-06-19 04:51:00,집화처리,수도권HUB
2100001369,2026-06-20 00:51:00,간선상차,수도권HUB
2100001369,2026-06-20 07:51:00,간선하차,수도권HUB
2100001369,2026-06-20 19:51:00,배송출발,수도권HUB
2100001369,2026-06-21 03:51:00,배송완료,수도권HUB
3100001370,2026-06-17 00:26:00,집화처리,중부HUB
3100001370,2026-06-17 09:26:00,간선상차,중부HUB
3100001370,2026-06-18 05:26:00,간선하차,중부HUB
3100001370,2026-06-18 18:26:00,배송출발,중부HUB
3100001370,2026-06-19 06:26:00,배송완료,중부HUB
1100001371,2026-05-01 23:28:00,집화처리,호남HUB
1100001371,2026-05-02 08:28:00,간선상차,호남HUB
1100001371,2026-05-02 12:28:00,간선하차,호남HUB
1100001371,2026-05-03 00:28:00,배송출발,호남HUB
1100001371,2026-05-03 17:28:00,배송완료,호남HUB
1100001372,2026-07-24 19:41:00,집화처리,영남HUB
1100001372,2026-07-25 01:41:00,간선상차,영남HUB
1100001372,2026-07-25 07:41:00,간선하차,영남HUB
1100001372,2026-07-25 10:41:00,배송출발,영남HUB
1100001372,2026-07-25 16:41:00,배송완료,영남HUB
3200001373,2026-05-26 06:19:00,집화처리,수도권HUB
3200001373,2026-05-26 13:19:00,간선상차,수도권HUB
3200001373,2026-05-26 20:19:00,간선하차,수도권HUB
3200001373,2026-05-27 13:19:00,배송출발,수도권HUB
3200001373,2026-05-28 08:19:00,배송완료,수도권HUB
1200001374,2026-05-19 22:19:00,집화처리,호남HUB
1200001374,2026-05-20 06:19:00,간선상차,호남HUB
1200001374,2026-05-20 13:19:00,간선하차,호남HUB
1200001374,2026-05-20 17:19:00,배송출발,호남HUB
1200001374,2026-05-21 02:19:00,배송완료,호남HUB
2100001375,2026-07-11 02:35:00,집화처리,수도권HUB
2100001375,2026-07-11 08:35:00,간선상차,수도권HUB
2100001375,2026-07-11 21:35:00,간선하차,수도권HUB
2100001375,2026-07-12 00:35:00,배송출발,수도권HUB
2100001375,2026-07-12 04:35:00,배송완료,수도권HUB
1200001376,2026-05-18 13:54:00,집화처리,영남HUB
1200001376,2026-05-19 04:54:00,간선상차,영남HUB
1200001376,2026-05-19 15:54:00,간선하차,영남HUB
1200001376,2026-05-20 04:54:00,배송출발,영남HUB
1200001376,2026-05-20 23:54:00,배송완료,영남HUB
1100001377,2026-06-11 02:54:00,집화처리,수도권HUB
1100001377,2026-06-11 20:54:00,간선상차,수도권HUB
1100001377,2026-06-12 01:54:00,간선하차,수도권HUB
1100001377,2026-06-12 07:54:00,배송출발,수도권HUB
1100001377,2026-06-12 15:54:00,배송완료,수도권HUB
1100001378,2026-06-21 21:00:00,집화처리,수도권HUB
1100001378,2026-06-22 06:00:00,간선상차,수도권HUB
1100001378,2026-06-22 10:00:00,간선하차,수도권HUB
1100001378,2026-06-23 00:00:00,배송출발,수도권HUB
1100001378,2026-06-23 08:00:00,배송완료,수도권HUB
1100001379,2026-07-10 18:21:00,집화처리,영남HUB
1100001379,2026-07-11 06:21:00,간선상차,영남HUB
1100001379,2026-07-11 17:21:00,간선하차,영남HUB
1100001379,2026-07-12 05:21:00,배송출발,영남HUB
1100001379,2026-07-12 09:21:00,배송완료,영남HUB
1100001380,2026-06-08 22:07:00,집화처리,영남HUB
1100001380,2026-06-09 14:07:00,간선상차,영남HUB
1100001380,2026-06-10 09:07:00,간선하차,영남HUB
1100001380,2026-06-10 23:07:00,배송출발,영남HUB
1100001380,2026-06-11 12:07:00,배송완료,영남HUB
1100001381,2026-06-11 06:54:00,집화처리,영남HUB
1100001381,2026-06-11 23:54:00,간선상차,영남HUB
1100001381,2026-06-12 08:54:00,간선하차,영남HUB
1100001381,2026-06-12 15:54:00,배송출발,영남HUB
1100001381,2026-06-13 07:54:00,배송완료,영남HUB
1100001382,2026-06-26 03:54:00,집화처리,수도권HUB
1100001382,2026-06-26 20:54:00,간선상차,수도권HUB
1100001382,2026-06-27 12:54:00,간선하차,수도권HUB
1100001382,2026-06-27 21:54:00,배송출발,수도권HUB
1100001382,2026-06-28 17:54:00,배송완료,수도권HUB
1200001383,2026-06-01 05:56:00,집화처리,영남HUB
1200001383,2026-06-01 21:56:00,간선상차,영남HUB
1200001383,2026-06-02 07:56:00,간선하차,영남HUB
1200001383,2026-06-02 20:56:00,배송출발,영남HUB
1200001383,2026-06-03 13:56:00,배송완료,영남HUB
4100001384,2026-06-04 01:20:00,집화처리,수도권HUB
4100001384,2026-06-04 09:20:00,간선상차,수도권HUB
4100001384,2026-06-04 17:20:00,간선하차,수도권HUB
4100001384,2026-06-05 02:20:00,배송출발,수도권HUB
4100001384,2026-06-05 19:20:00,배송완료,수도권HUB
2100001385,2026-06-27 23:47:00,집화처리,영남HUB
2100001385,2026-06-28 17:47:00,간선상차,영남HUB
2100001385,2026-06-29 13:47:00,간선하차,영남HUB
2100001385,2026-06-29 19:47:00,배송출발,영남HUB
2100001385,2026-06-30 05:47:00,배송완료,영남HUB
1100001386,2026-06-16 05:32:00,집화처리,영남HUB
1100001386,2026-06-16 15:32:00,간선상차,영남HUB
1100001386,2026-06-16 20:32:00,간선하차,영남HUB
1100001386,2026-06-17 15:32:00,배송출발,영남HUB
1100001386,2026-06-18 05:32:00,배송완료,영남HUB
2100001387,2026-07-08 13:51:00,집화처리,중부HUB
2100001387,2026-07-08 21:51:00,간선상차,중부HUB
2100001387,2026-07-09 08:51:00,간선하차,중부HUB
2100001387,2026-07-09 20:51:00,배송출발,중부HUB
2100001387,2026-07-10 14:51:00,배송완료,중부HUB
1100001388,2026-05-13 01:54:00,집화처리,수도권HUB
1100001388,2026-05-13 19:54:00,간선상차,수도권HUB
1100001388,2026-05-14 11:54:00,간선하차,수도권HUB
1100001388,2026-05-14 15:54:00,배송출발,수도권HUB
1100001388,2026-05-15 07:54:00,배송완료,수도권HUB
2100001389,2026-07-15 19:04:00,집화처리,호남HUB
2100001389,2026-07-16 11:04:00,간선상차,호남HUB
2100001389,2026-07-16 21:04:00,간선하차,호남HUB
2100001389,2026-07-17 11:04:00,배송출발,호남HUB
2100001389,2026-07-18 01:04:00,배송완료,호남HUB
1200001390,2026-07-14 21:19:00,집화처리,영남HUB
1200001390,2026-07-15 15:19:00,간선상차,영남HUB
1200001390,2026-07-16 01:19:00,간선하차,영남HUB
1200001390,2026-07-16 20:19:00,배송출발,영남HUB
1200001390,2026-07-17 07:19:00,배송완료,영남HUB
1100001391,2026-05-23 22:27:00,집화처리,호남HUB
1100001391,2026-05-24 16:27:00,간선상차,호남HUB
1100001391,2026-05-25 08:27:00,간선하차,호남HUB
1100001391,2026-05-25 23:27:00,배송출발,호남HUB
1100001391,2026-05-26 10:27:00,배송완료,호남HUB
1100001392,2026-06-30 14:56:00,집화처리,수도권HUB
1100001392,2026-06-30 18:56:00,간선상차,수도권HUB
1100001392,2026-07-01 09:56:00,간선하차,수도권HUB
1100001392,2026-07-01 14:56:00,배송출발,수도권HUB
1100001392,2026-07-02 00:56:00,배송완료,수도권HUB
4100001393,2026-07-18 06:40:00,집화처리,중부HUB
4100001393,2026-07-18 09:40:00,간선상차,중부HUB
4100001393,2026-07-19 05:40:00,간선하차,중부HUB
4100001393,2026-07-19 19:40:00,배송출발,중부HUB
4100001393,2026-07-20 10:40:00,배송완료,중부HUB
1200001394,2026-07-04 09:02:00,집화처리,중부HUB
1200001394,2026-07-04 21:02:00,간선상차,중부HUB
1200001394,2026-07-05 13:02:00,간선하차,중부HUB
1200001394,2026-07-06 03:02:00,배송출발,중부HUB
1200001394,2026-07-06 22:02:00,배송완료,중부HUB
3100001395,2026-07-16 21:41:00,집화처리,영남HUB
3100001395,2026-07-17 08:41:00,간선상차,영남HUB
3100001395,2026-07-17 13:41:00,간선하차,영남HUB
3100001395,2026-07-18 03:41:00,배송출발,영남HUB
3100001395,2026-07-18 09:41:00,배송완료,영남HUB
2100001396,2026-06-30 01:12:00,집화처리,중부HUB
2100001396,2026-06-30 20:12:00,간선상차,중부HUB
2100001396,2026-07-01 05:12:00,간선하차,중부HUB
2100001396,2026-07-01 16:12:00,배송출발,중부HUB
2100001396,2026-07-02 07:12:00,배송완료,중부HUB
1200001397,2026-07-28 01:41:00,집화처리,영남HUB
1200001397,2026-07-28 15:41:00,간선상차,영남HUB
1200001397,2026-07-28 22:41:00,간선하차,영남HUB
1200001397,2026-07-29 15:41:00,배송출발,영남HUB
1200001397,2026-07-30 02:41:00,배송완료,영남HUB
1200001398,2026-05-19 23:35:00,집화처리,영남HUB
1200001398,2026-05-20 17:35:00,간선상차,영남HUB
1200001398,2026-05-21 09:35:00,간선하차,영남HUB
1200001398,2026-05-22 05:35:00,배송출발,영남HUB
1200001398,2026-05-22 14:35:00,배송완료,영남HUB
3200001399,2026-07-14 02:54:00,집화처리,호남HUB
3200001399,2026-07-14 20:54:00,간선상차,호남HUB
3200001399,2026-07-15 07:54:00,간선하차,호남HUB
3200001399,2026-07-16 03:54:00,배송출발,호남HUB
3200001399,2026-07-16 15:54:00,배송완료,호남HUB
1200001400,2026-08-06 01:38:00,집화처리,수도권HUB
1100001401,2026-07-30 09:45:00,집화처리,수도권HUB
1100001401,2026-07-30 18:45:00,간선상차,수도권HUB
1100001401,2026-07-31 07:45:00,간선하차,수도권HUB
1100001401,2026-07-31 12:45:00,배송출발,수도권HUB
1100001401,2026-08-01 05:45:00,배송완료,수도권HUB
4100001402,2026-07-10 06:54:00,집화처리,수도권HUB
4100001402,2026-07-10 12:54:00,간선상차,수도권HUB
4100001402,2026-07-11 02:54:00,간선하차,수도권HUB
4100001402,2026-07-11 06:54:00,배송출발,수도권HUB
4100001402,2026-07-11 22:54:00,배송완료,수도권HUB
1100001403,2026-05-26 12:39:00,집화처리,수도권HUB
1100001403,2026-05-27 03:39:00,간선상차,수도권HUB
1100001403,2026-05-27 15:39:00,간선하차,수도권HUB
1100001403,2026-05-28 06:39:00,배송출발,수도권HUB
1100001403,2026-05-28 16:39:00,배송완료,수도권HUB
1100001404,2026-05-05 23:38:00,집화처리,영남HUB
1100001404,2026-05-06 06:38:00,간선상차,영남HUB
1100001404,2026-05-06 19:38:00,간선하차,영남HUB
1100001404,2026-05-07 07:38:00,배송출발,영남HUB
1100001404,2026-05-07 20:38:00,배송완료,영남HUB
1200001405,2026-06-18 15:07:00,집화처리,영남HUB
1200001405,2026-06-19 05:07:00,간선상차,영남HUB
1200001405,2026-06-19 12:07:00,간선하차,영남HUB
1200001405,2026-06-20 03:07:00,배송출발,영남HUB
1200001405,2026-06-20 08:07:00,배송완료,영남HUB
2100001406,2026-05-15 19:40:00,집화처리,수도권HUB
2100001406,2026-05-16 01:40:00,간선상차,수도권HUB
2100001406,2026-05-16 17:40:00,간선하차,수도권HUB
2100001406,2026-05-17 04:40:00,배송출발,수도권HUB
2100001406,2026-05-17 13:40:00,배송완료,수도권HUB
1100001407,2026-06-17 21:21:00,집화처리,중부HUB
1100001407,2026-06-18 08:21:00,간선상차,중부HUB
1100001407,2026-06-19 02:21:00,간선하차,중부HUB
1100001407,2026-06-19 12:21:00,배송출발,중부HUB
1100001407,2026-06-20 08:21:00,배송완료,중부HUB
3200001408,2026-05-13 09:31:00,집화처리,영남HUB
3200001408,2026-05-14 05:31:00,간선상차,영남HUB
3200001408,2026-05-15 00:31:00,간선하차,영남HUB
3200001408,2026-05-15 08:31:00,배송출발,영남HUB
3200001408,2026-05-15 17:31:00,배송완료,영남HUB
1200001409,2026-07-03 10:31:00,집화처리,중부HUB
1200001409,2026-07-03 20:31:00,간선상차,중부HUB
1200001409,2026-07-04 09:31:00,간선하차,중부HUB
1200001409,2026-07-04 14:31:00,배송출발,중부HUB
1200001409,2026-07-04 21:31:00,배송완료,중부HUB
1200001410,2026-06-09 06:54:00,집화처리,영남HUB
1200001410,2026-06-09 18:54:00,간선상차,영남HUB
1200001410,2026-06-10 10:54:00,간선하차,영남HUB
1200001410,2026-06-11 05:54:00,배송출발,영남HUB
1200001410,2026-06-12 00:54:00,배송완료,영남HUB
3200001411,2026-05-16 09:14:00,집화처리,중부HUB
3200001411,2026-05-16 13:14:00,간선상차,중부HUB
3200001411,2026-05-17 00:14:00,간선하차,중부HUB
3200001411,2026-05-17 14:14:00,배송출발,중부HUB
3200001411,2026-05-17 17:14:00,배송완료,중부HUB
4100001412,2026-05-31 07:48:00,집화처리,영남HUB
4100001412,2026-05-31 12:48:00,간선상차,영남HUB
4100001412,2026-06-01 04:48:00,간선하차,영남HUB
4100001412,2026-06-01 10:48:00,배송출발,영남HUB
4100001412,2026-06-02 02:48:00,배송완료,영남HUB
1200001413,2026-06-02 01:14:00,집화처리,영남HUB
1200001413,2026-06-02 19:14:00,간선상차,영남HUB
1200001413,2026-06-03 03:14:00,간선하차,영남HUB
1200001413,2026-06-03 19:14:00,배송출발,영남HUB
1200001413,2026-06-04 15:14:00,배송완료,영남HUB
2100001414,2026-05-27 00:10:00,집화처리,수도권HUB
2100001414,2026-05-27 10:10:00,간선상차,수도권HUB
2100001414,2026-05-28 05:10:00,간선하차,수도권HUB
2100001414,2026-05-28 19:10:00,배송출발,수도권HUB
2100001414,2026-05-29 04:10:00,배송완료,수도권HUB
2100001415,2026-05-13 04:26:00,집화처리,수도권HUB
2100001415,2026-05-13 18:26:00,간선상차,수도권HUB
2100001415,2026-05-14 03:26:00,간선하차,수도권HUB
2100001415,2026-05-14 16:26:00,배송출발,수도권HUB
2100001415,2026-05-15 00:26:00,배송완료,수도권HUB
1200001416,2026-06-18 20:57:00,집화처리,호남HUB
1200001416,2026-06-19 10:57:00,간선상차,호남HUB
1200001416,2026-06-19 16:57:00,간선하차,호남HUB
1200001416,2026-06-20 12:57:00,배송출발,호남HUB
1200001416,2026-06-21 07:57:00,배송완료,호남HUB
1100001417,2026-07-14 07:38:00,집화처리,수도권HUB
1100001417,2026-07-14 13:38:00,간선상차,수도권HUB
1100001417,2026-07-15 05:38:00,간선하차,수도권HUB
1100001417,2026-07-15 17:38:00,배송출발,수도권HUB
1100001417,2026-07-16 04:38:00,배송완료,수도권HUB
1100001418,2026-06-30 22:41:00,집화처리,영남HUB
1100001418,2026-07-01 04:41:00,간선상차,영남HUB
1100001418,2026-07-01 22:41:00,간선하차,영남HUB
1100001418,2026-07-02 13:41:00,배송출발,영남HUB
1100001418,2026-07-03 03:41:00,배송완료,영남HUB
4100001419,2026-06-01 17:10:00,집화처리,수도권HUB
4100001419,2026-06-02 12:10:00,간선상차,수도권HUB
4100001419,2026-06-02 19:10:00,간선하차,수도권HUB
4100001419,2026-06-03 10:10:00,배송출발,수도권HUB
4100001419,2026-06-04 03:10:00,배송완료,수도권HUB
1200001420,2026-05-28 05:03:00,집화처리,중부HUB
1200001420,2026-05-28 14:03:00,간선상차,중부HUB
1200001420,2026-05-28 22:03:00,간선하차,중부HUB
1200001420,2026-05-29 02:03:00,배송출발,중부HUB
1200001420,2026-05-29 05:03:00,배송완료,중부HUB
4100001421,2026-06-06 06:25:00,집화처리,영남HUB
4100001421,2026-06-06 18:25:00,간선상차,영남HUB
4100001421,2026-06-07 05:25:00,간선하차,영남HUB
4100001421,2026-06-07 16:25:00,배송출발,영남HUB
4100001421,2026-06-08 06:25:00,배송완료,영남HUB
1200001422,2026-06-20 16:09:00,집화처리,영남HUB
1200001422,2026-06-21 03:09:00,간선상차,영남HUB
1200001422,2026-06-21 22:09:00,간선하차,영남HUB
1200001422,2026-06-22 18:09:00,배송출발,영남HUB
1200001422,2026-06-22 22:09:00,배송완료,영남HUB
1100001423,2026-05-29 08:39:00,집화처리,수도권HUB
1100001423,2026-05-29 12:39:00,간선상차,수도권HUB
1100001423,2026-05-30 07:39:00,간선하차,수도권HUB
1100001423,2026-05-31 01:39:00,배송출발,수도권HUB
1100001423,2026-05-31 12:39:00,배송완료,수도권HUB
1100001424,2026-06-05 06:33:00,집화처리,중부HUB
1100001424,2026-06-05 22:33:00,간선상차,중부HUB
1100001424,2026-06-06 05:33:00,간선하차,중부HUB
1100001424,2026-06-06 18:33:00,배송출발,중부HUB
1100001424,2026-06-06 22:33:00,배송완료,중부HUB
2100001425,2026-07-15 03:21:00,집화처리,중부HUB
2100001425,2026-07-15 07:21:00,간선상차,중부HUB
2100001425,2026-07-15 15:21:00,간선하차,중부HUB
2100001425,2026-07-15 19:21:00,배송출발,중부HUB
2100001425,2026-07-16 15:21:00,배송완료,중부HUB
2100001426,2026-05-26 06:50:00,집화처리,수도권HUB
2100001426,2026-05-26 21:50:00,간선상차,수도권HUB
2100001426,2026-05-27 15:50:00,간선하차,수도권HUB
2100001426,2026-05-28 11:50:00,배송출발,수도권HUB
2100001426,2026-05-29 04:50:00,배송완료,수도권HUB
1100001427,2026-06-01 20:53:00,집화처리,영남HUB
1100001427,2026-06-02 12:53:00,간선상차,영남HUB
1100001427,2026-06-02 23:53:00,간선하차,영남HUB
1100001427,2026-06-03 19:53:00,배송출발,영남HUB
1100001427,2026-06-04 03:53:00,배송완료,영남HUB
3200001428,2026-06-15 17:18:00,집화처리,영남HUB
3200001428,2026-06-16 00:18:00,간선상차,영남HUB
3200001428,2026-06-16 04:18:00,간선하차,영남HUB
3200001428,2026-06-16 21:18:00,배송출발,영남HUB
3200001428,2026-06-17 13:18:00,배송완료,영남HUB
1100001429,2026-06-22 20:22:00,집화처리,호남HUB
1100001429,2026-06-22 23:22:00,간선상차,호남HUB
1100001429,2026-06-23 11:22:00,간선하차,호남HUB
1100001429,2026-06-23 23:22:00,배송출발,호남HUB
1100001429,2026-06-24 03:22:00,배송완료,호남HUB
1200001430,2026-05-11 20:25:00,집화처리,수도권HUB
1200001430,2026-05-12 16:25:00,간선상차,수도권HUB
1200001430,2026-05-13 01:25:00,간선하차,수도권HUB
1200001430,2026-05-13 14:25:00,배송출발,수도권HUB
1200001430,2026-05-14 06:25:00,배송완료,수도권HUB
3100001431,2026-06-21 09:06:00,집화처리,영남HUB
3100001431,2026-06-22 05:06:00,간선상차,영남HUB
3100001431,2026-06-22 19:06:00,간선하차,영남HUB
3100001431,2026-06-23 09:06:00,배송출발,영남HUB
3100001431,2026-06-23 21:06:00,배송완료,영남HUB
2100001432,2026-06-02 20:05:00,집화처리,영남HUB
2100001432,2026-06-02 23:05:00,간선상차,영남HUB
2100001432,2026-06-03 18:05:00,간선하차,영남HUB
2100001432,2026-06-04 04:05:00,배송출발,영남HUB
2100001432,2026-06-04 23:05:00,배송완료,영남HUB
1200001433,2026-06-30 10:30:00,집화처리,중부HUB
1200001433,2026-06-30 14:30:00,간선상차,중부HUB
1200001433,2026-07-01 02:30:00,간선하차,중부HUB
1200001433,2026-07-01 19:30:00,배송출발,중부HUB
1200001433,2026-07-02 02:30:00,배송완료,중부HUB
4100001434,2026-06-23 18:31:00,집화처리,영남HUB
4100001434,2026-06-24 10:31:00,간선상차,영남HUB
4100001434,2026-06-25 04:31:00,간선하차,영남HUB
4100001434,2026-06-25 09:31:00,배송출발,영남HUB
4100001434,2026-06-25 14:31:00,배송완료,영남HUB
2100001435,2026-05-12 05:25:00,집화처리,수도권HUB
2100001435,2026-05-12 18:25:00,간선상차,수도권HUB
2100001435,2026-05-13 04:25:00,간선하차,수도권HUB
2100001435,2026-05-13 09:25:00,배송출발,수도권HUB
2100001435,2026-05-13 18:25:00,배송완료,수도권HUB
1200001436,2026-05-22 07:41:00,집화처리,영남HUB
1200001436,2026-05-22 12:41:00,간선상차,영남HUB
1200001436,2026-05-23 02:41:00,간선하차,영남HUB
1200001436,2026-05-23 21:41:00,배송출발,영남HUB
1200001436,2026-05-24 03:41:00,배송완료,영남HUB
2100001437,2026-07-17 23:43:00,집화처리,수도권HUB
2100001437,2026-07-18 08:43:00,간선상차,수도권HUB
2100001437,2026-07-18 19:43:00,간선하차,수도권HUB
2100001437,2026-07-19 03:43:00,배송출발,수도권HUB
2100001437,2026-07-19 10:43:00,배송완료,수도권HUB
2100001438,2026-06-10 05:59:00,집화처리,수도권HUB
2100001438,2026-06-10 08:59:00,간선상차,수도권HUB
2100001438,2026-06-10 13:59:00,간선하차,수도권HUB
2100001438,2026-06-11 04:59:00,배송출발,수도권HUB
2100001438,2026-06-11 10:59:00,배송완료,수도권HUB
3100001439,2026-07-29 04:41:00,집화처리,중부HUB
3100001439,2026-07-29 22:41:00,간선상차,중부HUB
3100001439,2026-07-30 07:41:00,간선하차,중부HUB
3100001439,2026-07-31 02:41:00,배송출발,중부HUB
3100001439,2026-07-31 06:41:00,배송완료,중부HUB
2100001440,2026-07-14 03:49:00,집화처리,수도권HUB
2100001440,2026-07-14 10:49:00,간선상차,수도권HUB
2100001440,2026-07-14 17:49:00,간선하차,수도권HUB
2100001440,2026-07-15 01:49:00,배송출발,수도권HUB
2100001440,2026-07-15 12:49:00,배송완료,수도권HUB
2100001441,2026-06-15 21:07:00,집화처리,영남HUB
2100001441,2026-06-16 14:07:00,간선상차,영남HUB
2100001441,2026-06-16 18:07:00,간선하차,영남HUB
2100001441,2026-06-17 08:07:00,배송출발,영남HUB
2100001441,2026-06-17 19:07:00,배송완료,영남HUB
3100001442,2026-07-31 11:41:00,집화처리,영남HUB
3100001442,2026-08-01 03:41:00,간선상차,영남HUB
3100001442,2026-08-01 14:41:00,간선하차,영남HUB
3100001442,2026-08-02 03:41:00,배송출발,영남HUB
3100001442,2026-08-02 22:41:00,배송완료,영남HUB
1200001443,2026-07-21 09:26:00,집화처리,수도권HUB
1200001443,2026-07-21 12:26:00,간선상차,수도권HUB
1200001443,2026-07-22 07:26:00,간선하차,수도권HUB
1200001443,2026-07-22 11:26:00,배송출발,수도권HUB
1200001443,2026-07-23 06:26:00,배송완료,수도권HUB
1100001444,2026-06-10 21:32:00,집화처리,호남HUB
1100001444,2026-06-11 13:32:00,간선상차,호남HUB
1100001444,2026-06-12 04:32:00,간선하차,호남HUB
1100001444,2026-06-12 15:32:00,배송출발,호남HUB
1100001444,2026-06-12 19:32:00,배송완료,호남HUB
1200001445,2026-06-24 13:37:00,집화처리,수도권HUB
1200001445,2026-06-25 07:37:00,간선상차,수도권HUB
1200001445,2026-06-25 23:37:00,간선하차,수도권HUB
1200001445,2026-06-26 09:37:00,배송출발,수도권HUB
1200001445,2026-06-26 12:37:00,배송완료,수도권HUB
2100001446,2026-06-30 01:35:00,집화처리,수도권HUB
2100001446,2026-06-30 18:35:00,간선상차,수도권HUB
2100001446,2026-06-30 21:35:00,간선하차,수도권HUB
2100001446,2026-07-01 17:35:00,배송출발,수도권HUB
2100001446,2026-07-02 04:35:00,배송완료,수도권HUB
1200001447,2026-07-28 00:53:00,집화처리,수도권HUB
1200001447,2026-07-28 04:53:00,간선상차,수도권HUB
1200001447,2026-07-28 23:53:00,간선하차,수도권HUB
1200001447,2026-07-29 08:53:00,배송출발,수도권HUB
1200001447,2026-07-29 22:53:00,배송완료,수도권HUB
3200001448,2026-08-04 07:53:00,집화처리,수도권HUB
3200001448,2026-08-04 19:53:00,간선상차,수도권HUB
3200001448,2026-08-05 11:53:00,간선하차,수도권HUB
3200001448,2026-08-06 04:53:00,배송출발,수도권HUB
2100001449,2026-06-11 23:37:00,집화처리,영남HUB
2100001449,2026-06-12 11:37:00,간선상차,영남HUB
2100001449,2026-06-13 03:37:00,간선하차,영남HUB
2100001449,2026-06-13 21:37:00,배송출발,영남HUB
2100001449,2026-06-14 00:37:00,배송완료,영남HUB
2100001450,2026-06-17 13:52:00,집화처리,수도권HUB
2100001450,2026-06-17 19:52:00,간선상차,수도권HUB
2100001450,2026-06-18 05:52:00,간선하차,수도권HUB
2100001450,2026-06-18 13:52:00,배송출발,수도권HUB
2100001450,2026-06-19 09:52:00,배송완료,수도권HUB
3100001451,2026-07-22 06:03:00,집화처리,중부HUB
3100001451,2026-07-23 00:03:00,간선상차,중부HUB
3100001451,2026-07-23 20:03:00,간선하차,중부HUB
3100001451,2026-07-24 15:03:00,배송출발,중부HUB
3100001451,2026-07-25 05:03:00,배송완료,중부HUB
3100001452,2026-08-04 05:56:00,집화처리,수도권HUB
3100001452,2026-08-04 10:56:00,간선상차,수도권HUB
3100001452,2026-08-05 00:56:00,간선하차,수도권HUB
3100001452,2026-08-05 06:56:00,배송출발,수도권HUB
3100001452,2026-08-05 14:56:00,배송완료,수도권HUB
1200001453,2026-08-03 20:44:00,집화처리,중부HUB
1200001453,2026-08-04 00:44:00,간선상차,중부HUB
1200001453,2026-08-04 05:44:00,간선하차,중부HUB
1200001453,2026-08-04 11:44:00,배송출발,중부HUB
1200001453,2026-08-04 17:44:00,배송완료,중부HUB
2100001454,2026-05-15 22:00:00,집화처리,영남HUB
2100001454,2026-05-16 18:00:00,간선상차,영남HUB
2100001454,2026-05-17 10:00:00,간선하차,영남HUB
2100001454,2026-05-18 00:00:00,배송출발,영남HUB
2100001454,2026-05-18 07:00:00,배송완료,영남HUB
3200001455,2026-05-14 07:37:00,집화처리,영남HUB
3200001455,2026-05-14 10:37:00,간선상차,영남HUB
3200001455,2026-05-14 21:37:00,간선하차,영남HUB
3200001455,2026-05-15 15:37:00,배송출발,영남HUB
3200001455,2026-05-16 05:37:00,배송완료,영남HUB
4100001456,2026-08-05 21:38:00,집화처리,수도권HUB
4100001456,2026-08-06 03:38:00,간선상차,수도권HUB
4100001456,2026-08-06 19:38:00,간선하차,수도권HUB
1100001457,2026-06-02 06:17:00,집화처리,영남HUB
1100001457,2026-06-02 14:17:00,간선상차,영남HUB
1100001457,2026-06-03 00:17:00,간선하차,영남HUB
1100001457,2026-06-03 18:17:00,배송출발,영남HUB
1100001457,2026-06-04 10:17:00,배송완료,영남HUB
1100001458,2026-07-06 21:40:00,집화처리,영남HUB
1100001458,2026-07-07 04:40:00,간선상차,영남HUB
1100001458,2026-07-07 13:40:00,간선하차,영남HUB
1100001458,2026-07-08 08:40:00,배송출발,영남HUB
1100001458,2026-07-09 01:40:00,배송완료,영남HUB
1200001459,2026-05-16 04:48:00,집화처리,중부HUB
1200001459,2026-05-17 00:48:00,간선상차,중부HUB
1200001459,2026-05-17 15:48:00,간선하차,중부HUB
1200001459,2026-05-18 09:48:00,배송출발,중부HUB
1200001459,2026-05-18 22:48:00,배송완료,중부HUB
1100001460,2026-07-21 02:55:00,집화처리,제주HUB
1100001460,2026-07-21 22:55:00,간선상차,제주HUB
1100001460,2026-07-22 03:55:00,간선하차,제주HUB
1100001460,2026-07-22 13:55:00,배송출발,제주HUB
1100001460,2026-07-23 03:55:00,배송완료,제주HUB
3100001461,2026-05-23 21:36:00,집화처리,수도권HUB
3100001461,2026-05-24 06:36:00,간선상차,수도권HUB
3100001461,2026-05-24 16:36:00,간선하차,수도권HUB
3100001461,2026-05-25 05:36:00,배송출발,수도권HUB
3100001461,2026-05-25 08:36:00,배송완료,수도권HUB
2100001462,2026-08-05 10:31:00,집화처리,영남HUB
2100001462,2026-08-06 03:31:00,간선상차,영남HUB
1100001463,2026-06-30 03:08:00,집화처리,영남HUB
1100001463,2026-06-30 10:08:00,간선상차,영남HUB
1100001463,2026-06-30 16:08:00,간선하차,영남HUB
1100001463,2026-06-30 22:08:00,배송출발,영남HUB
1100001463,2026-07-01 02:08:00,배송완료,영남HUB
2100001464,2026-05-20 01:41:00,집화처리,수도권HUB
2100001464,2026-05-20 12:41:00,간선상차,수도권HUB
2100001464,2026-05-20 22:41:00,간선하차,수도권HUB
2100001464,2026-05-21 08:41:00,배송출발,수도권HUB
2100001464,2026-05-21 15:41:00,배송완료,수도권HUB
1100001465,2026-07-28 15:31:00,집화처리,영남HUB
1100001465,2026-07-28 20:31:00,간선상차,영남HUB
1100001465,2026-07-29 11:31:00,간선하차,영남HUB
1100001465,2026-07-29 18:31:00,배송출발,영남HUB
1100001465,2026-07-30 07:31:00,배송완료,영남HUB
3200001466,2026-05-26 23:52:00,집화처리,영남HUB
3200001466,2026-05-27 15:52:00,간선상차,영남HUB
3200001466,2026-05-28 06:52:00,간선하차,영남HUB
3200001466,2026-05-28 18:52:00,배송출발,영남HUB
3200001466,2026-05-29 03:52:00,배송완료,영남HUB
4100001467,2026-07-03 20:03:00,집화처리,수도권HUB
4100001467,2026-07-04 08:03:00,간선상차,수도권HUB
4100001467,2026-07-05 03:03:00,간선하차,수도권HUB
4100001467,2026-07-05 07:03:00,배송출발,수도권HUB
4100001467,2026-07-05 20:03:00,배송완료,수도권HUB
1100001468,2026-05-14 03:53:00,집화처리,수도권HUB
1100001468,2026-05-14 18:53:00,간선상차,수도권HUB
1100001468,2026-05-15 01:53:00,간선하차,수도권HUB
1100001468,2026-05-15 10:53:00,배송출발,수도권HUB
1100001468,2026-05-15 15:53:00,배송완료,수도권HUB
3100001469,2026-06-14 10:48:00,집화처리,영남HUB
3100001469,2026-06-15 00:48:00,간선상차,영남HUB
3100001469,2026-06-15 12:48:00,간선하차,영남HUB
3100001469,2026-06-16 08:48:00,배송출발,영남HUB
3100001469,2026-06-16 21:48:00,배송완료,영남HUB
1100001470,2026-06-23 08:57:00,집화처리,중부HUB
1100001470,2026-06-23 17:57:00,간선상차,중부HUB
1100001470,2026-06-24 08:57:00,간선하차,중부HUB
1100001470,2026-06-24 11:57:00,배송출발,중부HUB
1100001470,2026-06-24 21:57:00,배송완료,중부HUB
1100001471,2026-05-14 22:59:00,집화처리,영남HUB
1100001471,2026-05-15 10:59:00,간선상차,영남HUB
1100001471,2026-05-15 23:59:00,간선하차,영남HUB
1100001471,2026-05-16 14:59:00,배송출발,영남HUB
1100001471,2026-05-17 03:59:00,배송완료,영남HUB
4100001472,2026-07-07 20:56:00,집화처리,수도권HUB
4100001472,2026-07-08 11:56:00,간선상차,수도권HUB
4100001472,2026-07-08 18:56:00,간선하차,수도권HUB
4100001472,2026-07-09 00:56:00,배송출발,수도권HUB
4100001472,2026-07-09 17:56:00,배송완료,수도권HUB
3200001473,2026-07-07 07:07:00,집화처리,수도권HUB
3200001473,2026-07-07 15:07:00,간선상차,수도권HUB
3200001473,2026-07-07 22:07:00,간선하차,수도권HUB
3200001473,2026-07-08 03:07:00,배송출발,수도권HUB
3200001473,2026-07-08 18:07:00,배송완료,수도권HUB
1100001474,2026-07-25 06:46:00,집화처리,수도권HUB
1100001474,2026-07-25 23:46:00,간선상차,수도권HUB
1100001474,2026-07-26 02:46:00,간선하차,수도권HUB
1100001474,2026-07-26 06:46:00,배송출발,수도권HUB
1100001474,2026-07-26 21:46:00,배송완료,수도권HUB
2100001475,2026-07-06 03:31:00,집화처리,영남HUB
2100001475,2026-07-06 14:31:00,간선상차,영남HUB
2100001475,2026-07-07 08:31:00,간선하차,영남HUB
2100001475,2026-07-07 12:31:00,배송출발,영남HUB
2100001475,2026-07-08 02:31:00,배송완료,영남HUB
1100001476,2026-07-09 09:58:00,집화처리,영남HUB
1100001476,2026-07-09 22:58:00,간선상차,영남HUB
1100001476,2026-07-10 18:58:00,간선하차,영남HUB
1100001476,2026-07-10 21:58:00,배송출발,영남HUB
1100001476,2026-07-11 08:58:00,배송완료,영남HUB
1100001477,2026-05-18 16:25:00,집화처리,수도권HUB
1100001477,2026-05-19 07:25:00,간선상차,수도권HUB
1100001477,2026-05-19 15:25:00,간선하차,수도권HUB
1100001477,2026-05-20 11:25:00,배송출발,수도권HUB
1100001477,2026-05-21 00:25:00,배송완료,수도권HUB
1200001478,2026-05-20 01:22:00,집화처리,중부HUB
1200001478,2026-05-20 09:22:00,간선상차,중부HUB
1200001478,2026-05-21 00:22:00,간선하차,중부HUB
1200001478,2026-05-21 10:22:00,배송출발,중부HUB
1200001478,2026-05-21 22:22:00,배송완료,중부HUB
2100001479,2026-06-25 12:47:00,집화처리,수도권HUB
2100001479,2026-06-25 15:47:00,간선상차,수도권HUB
2100001479,2026-06-25 23:47:00,간선하차,수도권HUB
2100001479,2026-06-26 12:47:00,배송출발,수도권HUB
2100001479,2026-06-26 15:47:00,배송완료,수도권HUB
1100001480,2026-06-18 11:36:00,집화처리,영남HUB
1100001480,2026-06-19 00:36:00,간선상차,영남HUB
1100001480,2026-06-19 15:36:00,간선하차,영남HUB
1100001480,2026-06-19 20:36:00,배송출발,영남HUB
1100001480,2026-06-20 01:36:00,배송완료,영남HUB
1100001481,2026-06-16 09:47:00,집화처리,영남HUB
1100001481,2026-06-16 16:47:00,간선상차,영남HUB
1100001481,2026-06-17 02:47:00,간선하차,영남HUB
1100001481,2026-06-17 20:47:00,배송출발,영남HUB
1100001481,2026-06-18 13:47:00,배송완료,영남HUB
2100001482,2026-06-19 20:27:00,집화처리,중부HUB
2100001482,2026-06-20 12:27:00,간선상차,중부HUB
2100001482,2026-06-20 16:27:00,간선하차,중부HUB
2100001482,2026-06-21 11:27:00,배송출발,중부HUB
2100001482,2026-06-22 00:27:00,배송완료,중부HUB
2100001483,2026-06-27 04:34:00,집화처리,영남HUB
2100001483,2026-06-27 12:34:00,간선상차,영남HUB
2100001483,2026-06-27 20:34:00,간선하차,영남HUB
2100001483,2026-06-28 09:34:00,배송출발,영남HUB
2100001483,2026-06-28 19:34:00,배송완료,영남HUB
1100001484,2026-06-26 12:56:00,집화처리,중부HUB
1100001484,2026-06-27 03:56:00,간선상차,중부HUB
1100001484,2026-06-27 08:56:00,간선하차,중부HUB
1100001484,2026-06-28 04:56:00,배송출발,중부HUB
1100001484,2026-06-28 16:56:00,배송완료,중부HUB
3200001485,2026-05-19 04:48:00,집화처리,중부HUB
3200001485,2026-05-19 17:48:00,간선상차,중부HUB
3200001485,2026-05-20 07:48:00,간선하차,중부HUB
3200001485,2026-05-20 10:48:00,배송출발,중부HUB
3200001485,2026-05-21 02:48:00,배송완료,중부HUB
1200001486,2026-05-21 22:28:00,집화처리,수도권HUB
1200001486,2026-05-22 10:28:00,간선상차,수도권HUB
1200001486,2026-05-23 03:28:00,간선하차,수도권HUB
1200001486,2026-05-23 15:28:00,배송출발,수도권HUB
1200001486,2026-05-24 04:28:00,배송완료,수도권HUB
3100001487,2026-06-10 19:33:00,집화처리,수도권HUB
3100001487,2026-06-10 22:33:00,간선상차,수도권HUB
3100001487,2026-06-11 11:33:00,간선하차,수도권HUB
3100001487,2026-06-11 22:33:00,배송출발,수도권HUB
3100001487,2026-06-12 14:33:00,배송완료,수도권HUB
1100001488,2026-05-21 03:18:00,집화처리,영남HUB
1100001488,2026-05-21 11:18:00,간선상차,영남HUB
1100001488,2026-05-21 20:18:00,간선하차,영남HUB
1100001488,2026-05-22 01:18:00,배송출발,영남HUB
1100001488,2026-05-22 05:18:00,배송완료,영남HUB
1200001489,2026-05-11 20:55:00,집화처리,수도권HUB
1200001489,2026-05-11 23:55:00,간선상차,수도권HUB
1200001489,2026-05-12 16:55:00,간선하차,수도권HUB
1200001489,2026-05-13 00:55:00,배송출발,수도권HUB
1200001489,2026-05-13 20:55:00,배송완료,수도권HUB
2100001490,2026-07-20 20:06:00,집화처리,중부HUB
2100001490,2026-07-21 15:06:00,간선상차,중부HUB
2100001490,2026-07-22 03:06:00,간선하차,중부HUB
2100001490,2026-07-22 14:06:00,배송출발,중부HUB
2100001490,2026-07-22 17:06:00,배송완료,중부HUB
3200001491,2026-05-26 19:26:00,집화처리,수도권HUB
3200001491,2026-05-27 07:26:00,간선상차,수도권HUB
3200001491,2026-05-27 16:26:00,간선하차,수도권HUB
3200001491,2026-05-28 01:26:00,배송출발,수도권HUB
3200001491,2026-05-28 11:26:00,배송완료,수도권HUB
1200001492,2026-05-29 18:16:00,집화처리,중부HUB
1200001492,2026-05-30 07:16:00,간선상차,중부HUB
1200001492,2026-05-31 01:16:00,간선하차,중부HUB
1200001492,2026-05-31 07:16:00,배송출발,중부HUB
1200001492,2026-05-31 10:16:00,배송완료,중부HUB
1200001493,2026-05-07 11:05:00,집화처리,영남HUB
1200001493,2026-05-07 15:05:00,간선상차,영남HUB
1200001493,2026-05-08 00:05:00,간선하차,영남HUB
1200001493,2026-05-08 12:05:00,배송출발,영남HUB
1200001493,2026-05-08 17:05:00,배송완료,영남HUB
3100001494,2026-07-18 04:10:00,집화처리,중부HUB
3100001494,2026-07-19 00:10:00,간선상차,중부HUB
3100001494,2026-07-19 03:10:00,간선하차,중부HUB
3100001494,2026-07-19 06:10:00,배송출발,중부HUB
3100001494,2026-07-20 02:10:00,배송완료,중부HUB
1100001495,2026-07-25 10:15:00,집화처리,수도권HUB
1100001495,2026-07-26 02:15:00,간선상차,수도권HUB
1100001495,2026-07-26 05:15:00,간선하차,수도권HUB
1100001495,2026-07-27 01:15:00,배송출발,수도권HUB
1100001495,2026-07-27 04:15:00,배송완료,수도권HUB
1100001496,2026-07-28 08:44:00,집화처리,제주HUB
1100001496,2026-07-29 02:44:00,간선상차,제주HUB
1100001496,2026-07-29 12:44:00,간선하차,제주HUB
1100001496,2026-07-29 20:44:00,배송출발,제주HUB
1100001496,2026-07-30 00:44:00,배송완료,제주HUB
1200001497,2026-06-28 14:26:00,집화처리,영남HUB
1200001497,2026-06-29 09:26:00,간선상차,영남HUB
1200001497,2026-06-29 20:26:00,간선하차,영남HUB
1200001497,2026-06-30 08:26:00,배송출발,영남HUB
1200001497,2026-07-01 04:26:00,배송완료,영남HUB
4100001498,2026-07-14 05:32:00,집화처리,영남HUB
4100001498,2026-07-14 14:32:00,간선상차,영남HUB
4100001498,2026-07-15 09:32:00,간선하차,영남HUB
4100001498,2026-07-15 21:32:00,배송출발,영남HUB
4100001498,2026-07-16 11:32:00,배송완료,영남HUB
3200001499,2026-06-29 15:29:00,집화처리,수도권HUB
3200001499,2026-06-30 02:29:00,간선상차,수도권HUB
3200001499,2026-06-30 14:29:00,간선하차,수도권HUB
3200001499,2026-07-01 03:29:00,배송출발,수도권HUB
3200001499,2026-07-01 14:29:00,배송완료,수도권HUB
1200001500,2026-05-14 11:29:00,집화처리,수도권HUB
1200001500,2026-05-14 14:29:00,간선상차,수도권HUB
1200001500,2026-05-14 17:29:00,간선하차,수도권HUB
1200001500,2026-05-15 13:29:00,배송출발,수도권HUB
1200001500,2026-05-15 20:29:00,배송완료,수도권HUB
1100001501,2026-06-11 09:43:00,집화처리,수도권HUB
1100001501,2026-06-11 14:43:00,간선상차,수도권HUB
1100001501,2026-06-12 05:43:00,간선하차,수도권HUB
1100001501,2026-06-12 16:43:00,배송출발,수도권HUB
1100001501,2026-06-12 23:43:00,배송완료,수도권HUB
3100001502,2026-06-09 03:51:00,집화처리,중부HUB
3100001502,2026-06-09 08:51:00,간선상차,중부HUB
3100001502,2026-06-10 01:51:00,간선하차,중부HUB
3100001502,2026-06-10 15:51:00,배송출발,중부HUB
3100001502,2026-06-11 11:51:00,배송완료,중부HUB
1200001503,2026-07-24 08:56:00,집화처리,수도권HUB
1200001503,2026-07-25 02:56:00,간선상차,수도권HUB
1200001503,2026-07-25 11:56:00,간선하차,수도권HUB
1200001503,2026-07-26 03:56:00,배송출발,수도권HUB
1200001503,2026-07-26 07:56:00,배송완료,수도권HUB
1200001504,2026-07-17 19:00:00,집화처리,중부HUB
1200001504,2026-07-18 13:00:00,간선상차,중부HUB
1200001504,2026-07-19 05:00:00,간선하차,중부HUB
1200001504,2026-07-19 20:00:00,배송출발,중부HUB
1200001504,2026-07-20 16:00:00,배송완료,중부HUB
3100001505,2026-06-20 08:15:00,집화처리,수도권HUB
3100001505,2026-06-20 15:15:00,간선상차,수도권HUB
3100001505,2026-06-21 01:15:00,간선하차,수도권HUB
3100001505,2026-06-21 19:15:00,배송출발,수도권HUB
3100001505,2026-06-21 22:15:00,배송완료,수도권HUB
3100001506,2026-07-08 09:35:00,집화처리,중부HUB
3100001506,2026-07-08 20:35:00,간선상차,중부HUB
3100001506,2026-07-09 11:35:00,간선하차,중부HUB
3100001506,2026-07-09 21:35:00,배송출발,중부HUB
3100001506,2026-07-10 05:35:00,배송완료,중부HUB
2100001507,2026-07-22 05:28:00,집화처리,중부HUB
2100001507,2026-07-22 13:28:00,간선상차,중부HUB
2100001507,2026-07-23 08:28:00,간선하차,중부HUB
2100001507,2026-07-23 22:28:00,배송출발,중부HUB
2100001507,2026-07-24 10:28:00,배송완료,중부HUB
4100001508,2026-07-10 04:58:00,집화처리,제주HUB
4100001508,2026-07-10 15:58:00,간선상차,제주HUB
4100001508,2026-07-11 04:58:00,간선하차,제주HUB
4100001508,2026-07-11 17:58:00,배송출발,제주HUB
4100001508,2026-07-12 01:58:00,배송완료,제주HUB
4100001509,2026-06-02 11:47:00,집화처리,중부HUB
4100001509,2026-06-03 00:47:00,간선상차,중부HUB
4100001509,2026-06-03 12:47:00,간선하차,중부HUB
4100001509,2026-06-04 00:47:00,배송출발,중부HUB
4100001509,2026-06-04 17:47:00,배송완료,중부HUB
4100001510,2026-07-03 21:09:00,집화처리,수도권HUB
4100001510,2026-07-04 13:09:00,간선상차,수도권HUB
4100001510,2026-07-05 06:09:00,간선하차,수도권HUB
4100001510,2026-07-05 10:09:00,배송출발,수도권HUB
4100001510,2026-07-05 20:09:00,배송완료,수도권HUB
1100001511,2026-07-18 05:09:00,집화처리,영남HUB
1100001511,2026-07-18 20:09:00,간선상차,영남HUB
1100001511,2026-07-19 04:09:00,간선하차,영남HUB
1100001511,2026-07-19 18:09:00,배송출발,영남HUB
1100001511,2026-07-20 04:09:00,배송완료,영남HUB
4100001512,2026-05-17 17:57:00,집화처리,중부HUB
4100001512,2026-05-18 09:57:00,간선상차,중부HUB
4100001512,2026-05-18 18:57:00,간선하차,중부HUB
4100001512,2026-05-19 08:57:00,배송출발,중부HUB
4100001512,2026-05-20 03:57:00,배송완료,중부HUB
1100001513,2026-06-10 09:21:00,집화처리,수도권HUB
1100001513,2026-06-10 12:21:00,간선상차,수도권HUB
1100001513,2026-06-10 23:21:00,간선하차,수도권HUB
1100001513,2026-06-11 03:21:00,배송출발,수도권HUB
1100001513,2026-06-11 18:21:00,배송완료,수도권HUB
1100001514,2026-07-03 17:09:00,집화처리,호남HUB
1100001514,2026-07-04 06:09:00,간선상차,호남HUB
1100001514,2026-07-04 10:09:00,간선하차,호남HUB
1100001514,2026-07-05 02:09:00,배송출발,호남HUB
1100001514,2026-07-05 21:09:00,배송완료,호남HUB
3100001515,2026-06-05 23:33:00,집화처리,영남HUB
3100001515,2026-06-06 11:33:00,간선상차,영남HUB
3100001515,2026-06-07 05:33:00,간선하차,영남HUB
3100001515,2026-06-07 15:33:00,배송출발,영남HUB
3100001515,2026-06-08 06:33:00,배송완료,영남HUB
1100001516,2026-07-29 03:52:00,집화처리,수도권HUB
1100001516,2026-07-29 23:52:00,간선상차,수도권HUB
1100001516,2026-07-30 02:52:00,간선하차,수도권HUB
1100001516,2026-07-30 20:52:00,배송출발,수도권HUB
1100001516,2026-07-31 00:52:00,배송완료,수도권HUB
1100001517,2026-07-15 22:09:00,집화처리,수도권HUB
1100001517,2026-07-16 06:09:00,간선상차,수도권HUB
1100001517,2026-07-16 17:09:00,간선하차,수도권HUB
1100001517,2026-07-17 02:09:00,배송출발,수도권HUB
1100001517,2026-07-17 19:09:00,배송완료,수도권HUB
4100001518,2026-07-31 20:09:00,집화처리,수도권HUB
4100001518,2026-08-01 08:09:00,간선상차,수도권HUB
4100001518,2026-08-01 11:09:00,간선하차,수도권HUB
4100001518,2026-08-01 15:09:00,배송출발,수도권HUB
4100001518,2026-08-02 09:09:00,배송완료,수도권HUB
3100001519,2026-06-27 06:35:00,집화처리,영남HUB
3100001519,2026-06-27 20:35:00,간선상차,영남HUB
3100001519,2026-06-28 05:35:00,간선하차,영남HUB
3100001519,2026-06-28 20:35:00,배송출발,영남HUB
3100001519,2026-06-29 10:35:00,배송완료,영남HUB
2100001520,2026-05-06 23:06:00,집화처리,수도권HUB
2100001520,2026-05-07 04:06:00,간선상차,수도권HUB
2100001520,2026-05-07 09:06:00,간선하차,수도권HUB
2100001520,2026-05-08 02:06:00,배송출발,수도권HUB
2100001520,2026-05-08 16:06:00,배송완료,수도권HUB
3100001521,2026-06-11 07:02:00,집화처리,중부HUB
3100001521,2026-06-12 03:02:00,간선상차,중부HUB
3100001521,2026-06-12 07:02:00,간선하차,중부HUB
3100001521,2026-06-12 15:02:00,배송출발,중부HUB
3100001521,2026-06-12 21:02:00,배송완료,중부HUB
1200001522,2026-07-17 03:52:00,집화처리,중부HUB
1200001522,2026-07-17 12:52:00,간선상차,중부HUB
1200001522,2026-07-18 02:52:00,간선하차,중부HUB
1200001522,2026-07-18 05:52:00,배송출발,중부HUB
1200001522,2026-07-18 18:52:00,배송완료,중부HUB
1100001523,2026-07-25 00:42:00,집화처리,중부HUB
1100001523,2026-07-25 11:42:00,간선상차,중부HUB
1100001523,2026-07-25 22:42:00,간선하차,중부HUB
1100001523,2026-07-26 05:42:00,배송출발,중부HUB
1100001523,2026-07-26 17:42:00,배송완료,중부HUB
3100001524,2026-06-16 14:47:00,집화처리,영남HUB
3100001524,2026-06-17 04:47:00,간선상차,영남HUB
3100001524,2026-06-17 13:47:00,간선하차,영남HUB
3100001524,2026-06-18 00:47:00,배송출발,영남HUB
3100001524,2026-06-18 13:47:00,배송완료,영남HUB
1100001525,2026-05-26 05:57:00,집화처리,호남HUB
1100001525,2026-05-26 20:57:00,간선상차,호남HUB
1100001525,2026-05-27 09:57:00,간선하차,호남HUB
1100001525,2026-05-28 04:57:00,배송출발,호남HUB
1100001525,2026-05-28 19:57:00,배송완료,호남HUB
2100001526,2026-05-22 01:34:00,집화처리,영남HUB
2100001526,2026-05-22 21:34:00,간선상차,영남HUB
2100001526,2026-05-23 01:34:00,간선하차,영남HUB
2100001526,2026-05-23 20:34:00,배송출발,영남HUB
2100001526,2026-05-24 08:34:00,배송완료,영남HUB
2100001527,2026-07-20 21:19:00,집화처리,수도권HUB
2100001527,2026-07-21 00:19:00,간선상차,수도권HUB
2100001527,2026-07-21 11:19:00,간선하차,수도권HUB
2100001527,2026-07-22 06:19:00,배송출발,수도권HUB
2100001527,2026-07-22 17:19:00,배송완료,수도권HUB
1200001528,2026-07-14 05:22:00,집화처리,중부HUB
1200001528,2026-07-14 16:22:00,간선상차,중부HUB
1200001528,2026-07-15 06:22:00,간선하차,중부HUB
1200001528,2026-07-15 21:22:00,배송출발,중부HUB
1200001528,2026-07-16 05:22:00,배송완료,중부HUB
1100001529,2026-06-13 23:17:00,집화처리,수도권HUB
1100001529,2026-06-14 12:17:00,간선상차,수도권HUB
1100001529,2026-06-15 02:17:00,간선하차,수도권HUB
1100001529,2026-06-15 12:17:00,배송출발,수도권HUB
1100001529,2026-06-15 17:17:00,배송완료,수도권HUB
2100001530,2026-05-01 23:42:00,집화처리,영남HUB
2100001530,2026-05-02 14:42:00,간선상차,영남HUB
2100001530,2026-05-02 17:42:00,간선하차,영남HUB
2100001530,2026-05-03 07:42:00,배송출발,영남HUB
2100001530,2026-05-03 18:42:00,배송완료,영남HUB
2100001531,2026-05-27 06:54:00,집화처리,중부HUB
2100001531,2026-05-27 21:54:00,간선상차,중부HUB
2100001531,2026-05-28 05:54:00,간선하차,중부HUB
2100001531,2026-05-28 18:54:00,배송출발,중부HUB
2100001531,2026-05-29 05:54:00,배송완료,중부HUB
3200001532,2026-06-29 05:46:00,집화처리,중부HUB
3200001532,2026-06-29 17:46:00,간선상차,중부HUB
3200001532,2026-06-30 04:46:00,간선하차,중부HUB
3200001532,2026-06-30 08:46:00,배송출발,중부HUB
3200001532,2026-06-30 13:46:00,배송완료,중부HUB
1100001533,2026-07-30 08:02:00,집화처리,영남HUB
1100001533,2026-07-30 18:02:00,간선상차,영남HUB
1100001533,2026-07-31 14:02:00,간선하차,영남HUB
1100001533,2026-08-01 09:02:00,배송출발,영남HUB
1100001533,2026-08-01 15:02:00,배송완료,영남HUB
1100001534,2026-05-04 22:45:00,집화처리,영남HUB
1100001534,2026-05-05 07:45:00,간선상차,영남HUB
1100001534,2026-05-06 03:45:00,간선하차,영남HUB
1100001534,2026-05-06 23:45:00,배송출발,영남HUB
1100001534,2026-05-07 02:45:00,배송완료,영남HUB
2100001535,2026-07-24 18:22:00,집화처리,수도권HUB
2100001535,2026-07-25 08:22:00,간선상차,수도권HUB
2100001535,2026-07-26 01:22:00,간선하차,수도권HUB
2100001535,2026-07-26 04:22:00,배송출발,수도권HUB
2100001535,2026-07-26 10:22:00,배송완료,수도권HUB
3200001536,2026-07-01 18:52:00,집화처리,영남HUB
3200001536,2026-07-02 14:52:00,간선상차,영남HUB
3200001536,2026-07-03 05:52:00,간선하차,영남HUB
3200001536,2026-07-03 22:52:00,배송출발,영남HUB
3200001536,2026-07-04 06:52:00,배송완료,영남HUB
2100001537,2026-07-24 07:24:00,집화처리,수도권HUB
2100001537,2026-07-24 16:24:00,간선상차,수도권HUB
2100001537,2026-07-25 10:24:00,간선하차,수도권HUB
2100001537,2026-07-25 18:24:00,배송출발,수도권HUB
2100001537,2026-07-25 23:24:00,배송완료,수도권HUB
1200001538,2026-06-11 22:37:00,집화처리,호남HUB
1200001538,2026-06-12 07:37:00,간선상차,호남HUB
1200001538,2026-06-12 13:37:00,간선하차,호남HUB
1200001538,2026-06-13 00:37:00,배송출발,호남HUB
1200001538,2026-06-13 11:37:00,배송완료,호남HUB
1100001539,2026-07-22 03:34:00,집화처리,수도권HUB
1100001539,2026-07-22 14:34:00,간선상차,수도권HUB
1100001539,2026-07-23 09:34:00,간선하차,수도권HUB
1100001539,2026-07-23 17:34:00,배송출발,수도권HUB
1100001539,2026-07-24 13:34:00,배송완료,수도권HUB
3100001540,2026-05-30 01:13:00,집화처리,영남HUB
3100001540,2026-05-30 19:13:00,간선상차,영남HUB
3100001540,2026-05-31 14:13:00,간선하차,영남HUB
3100001540,2026-06-01 00:13:00,배송출발,영남HUB
3100001540,2026-06-01 07:13:00,배송완료,영남HUB
1100001541,2026-05-26 07:51:00,집화처리,수도권HUB
1100001541,2026-05-26 17:51:00,간선상차,수도권HUB
1100001541,2026-05-27 00:51:00,간선하차,수도권HUB
1100001541,2026-05-27 13:51:00,배송출발,수도권HUB
1100001541,2026-05-27 19:51:00,배송완료,수도권HUB
2100001542,2026-07-21 05:10:00,집화처리,수도권HUB
2100001542,2026-07-21 17:10:00,간선상차,수도권HUB
2100001542,2026-07-21 20:10:00,간선하차,수도권HUB
2100001542,2026-07-22 02:10:00,배송출발,수도권HUB
2100001542,2026-07-22 09:10:00,배송완료,수도권HUB
3100001543,2026-06-18 09:15:00,집화처리,영남HUB
3100001543,2026-06-18 13:15:00,간선상차,영남HUB
3100001543,2026-06-19 03:15:00,간선하차,영남HUB
3100001543,2026-06-19 11:15:00,배송출발,영남HUB
3100001543,2026-06-20 00:15:00,배송완료,영남HUB
1100001544,2026-06-02 05:26:00,집화처리,수도권HUB
1100001544,2026-06-02 11:26:00,간선상차,수도권HUB
1100001544,2026-06-02 18:26:00,간선하차,수도권HUB
1100001544,2026-06-03 04:26:00,배송출발,수도권HUB
1100001544,2026-06-03 18:26:00,배송완료,수도권HUB
4100001545,2026-05-06 07:08:00,집화처리,중부HUB
4100001545,2026-05-06 15:08:00,간선상차,중부HUB
4100001545,2026-05-07 00:08:00,간선하차,중부HUB
4100001545,2026-05-07 16:08:00,배송출발,중부HUB
4100001545,2026-05-08 12:08:00,배송완료,중부HUB
4100001546,2026-08-04 03:52:00,집화처리,수도권HUB
4100001546,2026-08-04 14:52:00,간선상차,수도권HUB
4100001546,2026-08-04 22:52:00,간선하차,수도권HUB
4100001546,2026-08-05 06:52:00,배송출발,수도권HUB
4100001546,2026-08-05 23:52:00,배송완료,수도권HUB
1100001547,2026-06-15 09:11:00,집화처리,중부HUB
1100001547,2026-06-16 03:11:00,간선상차,중부HUB
1100001547,2026-06-16 08:11:00,간선하차,중부HUB
1100001547,2026-06-17 02:11:00,배송출발,중부HUB
1100001547,2026-06-17 17:11:00,배송완료,중부HUB
4100001548,2026-05-26 05:57:00,집화처리,수도권HUB
4100001548,2026-05-26 15:57:00,간선상차,수도권HUB
4100001548,2026-05-26 21:57:00,간선하차,수도권HUB
4100001548,2026-05-27 13:57:00,배송출발,수도권HUB
4100001548,2026-05-27 18:57:00,배송완료,수도권HUB
3100001549,2026-06-25 22:04:00,집화처리,중부HUB
3100001549,2026-06-26 08:04:00,간선상차,중부HUB
3100001549,2026-06-27 00:04:00,간선하차,중부HUB
3100001549,2026-06-27 14:04:00,배송출발,중부HUB
3100001549,2026-06-28 05:04:00,배송완료,중부HUB
1200001550,2026-07-20 22:48:00,집화처리,수도권HUB
1200001550,2026-07-21 07:48:00,간선상차,수도권HUB
1200001550,2026-07-21 15:48:00,간선하차,수도권HUB
1200001550,2026-07-22 01:48:00,배송출발,수도권HUB
1200001550,2026-07-22 07:48:00,배송완료,수도권HUB
1100001551,2026-06-23 23:38:00,집화처리,영남HUB
1100001551,2026-06-24 03:38:00,간선상차,영남HUB
1100001551,2026-06-24 22:38:00,간선하차,영남HUB
1100001551,2026-06-25 17:38:00,배송출발,영남HUB
1100001551,2026-06-26 10:38:00,배송완료,영남HUB
3100001552,2026-06-24 22:18:00,집화처리,영남HUB
3100001552,2026-06-25 05:18:00,간선상차,영남HUB
3100001552,2026-06-25 14:18:00,간선하차,영남HUB
3100001552,2026-06-26 01:18:00,배송출발,영남HUB
3100001552,2026-06-26 14:18:00,배송완료,영남HUB
1200001553,2026-07-27 19:23:00,집화처리,수도권HUB
1200001553,2026-07-28 10:23:00,간선상차,수도권HUB
1200001553,2026-07-29 01:23:00,간선하차,수도권HUB
1200001553,2026-07-29 10:23:00,배송출발,수도권HUB
1200001553,2026-07-29 20:23:00,배송완료,수도권HUB
3100001554,2026-08-03 23:55:00,집화처리,수도권HUB
3100001554,2026-08-04 13:55:00,간선상차,수도권HUB
3100001554,2026-08-04 16:55:00,간선하차,수도권HUB
3100001554,2026-08-05 01:55:00,배송출발,수도권HUB
2100001555,2026-05-06 07:48:00,집화처리,영남HUB
2100001555,2026-05-06 23:48:00,간선상차,영남HUB
2100001555,2026-05-07 11:48:00,간선하차,영남HUB
2100001555,2026-05-07 15:48:00,배송출발,영남HUB
2100001555,2026-05-08 05:48:00,배송완료,영남HUB
2100001556,2026-08-04 04:23:00,집화처리,영남HUB
2100001556,2026-08-04 07:23:00,간선상차,영남HUB
2100001556,2026-08-04 23:23:00,간선하차,영남HUB
2100001556,2026-08-05 10:23:00,배송출발,영남HUB
2100001556,2026-08-06 00:23:00,배송완료,영남HUB
1200001557,2026-08-01 05:23:00,집화처리,수도권HUB
1200001557,2026-08-01 17:23:00,간선상차,수도권HUB
1200001557,2026-08-02 06:23:00,간선하차,수도권HUB
1200001557,2026-08-02 21:23:00,배송출발,수도권HUB
1200001557,2026-08-03 13:23:00,배송완료,수도권HUB
1100001558,2026-06-08 23:20:00,집화처리,수도권HUB
1100001558,2026-06-09 15:20:00,간선상차,수도권HUB
1100001558,2026-06-10 06:20:00,간선하차,수도권HUB
1100001558,2026-06-11 01:20:00,배송출발,수도권HUB
1100001558,2026-06-11 14:20:00,배송완료,수도권HUB
1100001559,2026-06-01 13:02:00,집화처리,영남HUB
1100001559,2026-06-02 07:02:00,간선상차,영남HUB
1100001559,2026-06-03 03:02:00,간선하차,영남HUB
1100001559,2026-06-03 08:02:00,배송출발,영남HUB
1100001559,2026-06-04 02:02:00,배송완료,영남HUB
2100001560,2026-07-10 22:35:00,집화처리,수도권HUB
2100001560,2026-07-11 12:35:00,간선상차,수도권HUB
2100001560,2026-07-12 02:35:00,간선하차,수도권HUB
2100001560,2026-07-12 22:35:00,배송출발,수도권HUB
2100001560,2026-07-13 12:35:00,배송완료,수도권HUB
4100001561,2026-07-24 22:32:00,집화처리,영남HUB
4100001561,2026-07-25 11:32:00,간선상차,영남HUB
4100001561,2026-07-26 07:32:00,간선하차,영남HUB
4100001561,2026-07-26 16:32:00,배송출발,영남HUB
4100001561,2026-07-27 02:32:00,배송완료,영남HUB
1100001562,2026-07-02 15:10:00,집화처리,수도권HUB
1100001562,2026-07-03 11:10:00,간선상차,수도권HUB
1100001562,2026-07-04 03:10:00,간선하차,수도권HUB
1100001562,2026-07-04 07:10:00,배송출발,수도권HUB
1100001562,2026-07-05 01:10:00,배송완료,수도권HUB
3200001563,2026-07-25 05:35:00,집화처리,영남HUB
3200001563,2026-07-25 14:35:00,간선상차,영남HUB
3200001563,2026-07-26 06:35:00,간선하차,영남HUB
3200001563,2026-07-27 00:35:00,배송출발,영남HUB
3200001563,2026-07-27 10:35:00,배송완료,영남HUB
4100001564,2026-05-18 13:31:00,집화처리,수도권HUB
4100001564,2026-05-19 08:31:00,간선상차,수도권HUB
4100001564,2026-05-19 16:31:00,간선하차,수도권HUB
4100001564,2026-05-20 07:31:00,배송출발,수도권HUB
4100001564,2026-05-20 21:31:00,배송완료,수도권HUB
3100001565,2026-06-01 19:34:00,집화처리,중부HUB
3100001565,2026-06-02 11:34:00,간선상차,중부HUB
3100001565,2026-06-02 16:34:00,간선하차,중부HUB
3100001565,2026-06-03 12:34:00,배송출발,중부HUB
3100001565,2026-06-04 03:34:00,배송완료,중부HUB
2100001566,2026-07-24 05:19:00,집화처리,영남HUB
2100001566,2026-07-24 22:19:00,간선상차,영남HUB
2100001566,2026-07-25 03:19:00,간선하차,영남HUB
2100001566,2026-07-25 06:19:00,배송출발,영남HUB
2100001566,2026-07-26 02:19:00,배송완료,영남HUB
1100001567,2026-05-21 18:47:00,집화처리,영남HUB
1100001567,2026-05-22 14:47:00,간선상차,영남HUB
1100001567,2026-05-22 18:47:00,간선하차,영남HUB
1100001567,2026-05-23 07:47:00,배송출발,영남HUB
1100001567,2026-05-23 16:47:00,배송완료,영남HUB
1200001568,2026-05-05 12:08:00,집화처리,중부HUB
1200001568,2026-05-05 16:08:00,간선상차,중부HUB
1200001568,2026-05-06 05:08:00,간선하차,중부HUB
1200001568,2026-05-06 10:08:00,배송출발,중부HUB
1200001568,2026-05-07 03:08:00,배송완료,중부HUB
1100001569,2026-06-26 19:43:00,집화처리,영남HUB
1100001569,2026-06-27 05:43:00,간선상차,영남HUB
1100001569,2026-06-27 08:43:00,간선하차,영남HUB
1100001569,2026-06-27 22:43:00,배송출발,영남HUB
1100001569,2026-06-28 14:43:00,배송완료,영남HUB
4100001570,2026-07-03 00:01:00,집화처리,영남HUB
4100001570,2026-07-03 10:01:00,간선상차,영남HUB
4100001570,2026-07-04 04:01:00,간선하차,영남HUB
4100001570,2026-07-04 12:01:00,배송출발,영남HUB
4100001570,2026-07-04 18:01:00,배송완료,영남HUB
2100001571,2026-07-19 22:33:00,집화처리,영남HUB
2100001571,2026-07-20 04:33:00,간선상차,영남HUB
2100001571,2026-07-20 12:33:00,간선하차,영남HUB
2100001571,2026-07-20 20:33:00,배송출발,영남HUB
2100001571,2026-07-21 12:33:00,배송완료,영남HUB
1100001572,2026-05-15 05:15:00,집화처리,수도권HUB
1100001572,2026-05-15 11:15:00,간선상차,수도권HUB
1100001572,2026-05-16 01:15:00,간선하차,수도권HUB
1100001572,2026-05-16 09:15:00,배송출발,수도권HUB
1100001572,2026-05-16 12:15:00,배송완료,수도권HUB
1100001573,2026-06-01 00:11:00,집화처리,영남HUB
1100001573,2026-06-01 03:11:00,간선상차,영남HUB
1100001573,2026-06-01 10:11:00,간선하차,영남HUB
1100001573,2026-06-02 02:11:00,배송출발,영남HUB
1100001573,2026-06-02 22:11:00,배송완료,영남HUB
4100001574,2026-05-04 22:48:00,집화처리,중부HUB
4100001574,2026-05-05 09:48:00,간선상차,중부HUB
4100001574,2026-05-05 18:48:00,간선하차,중부HUB
4100001574,2026-05-06 10:48:00,배송출발,중부HUB
4100001574,2026-05-07 01:48:00,배송완료,중부HUB
1100001575,2026-07-20 23:58:00,집화처리,수도권HUB
1100001575,2026-07-21 07:58:00,간선상차,수도권HUB
1100001575,2026-07-21 13:58:00,간선하차,수도권HUB
1100001575,2026-07-21 16:58:00,배송출발,수도권HUB
1100001575,2026-07-22 02:58:00,배송완료,수도권HUB
2100001576,2026-07-21 07:08:00,집화처리,중부HUB
2100001576,2026-07-21 15:08:00,간선상차,중부HUB
2100001576,2026-07-21 22:08:00,간선하차,중부HUB
2100001576,2026-07-22 13:08:00,배송출발,중부HUB
2100001576,2026-07-23 02:08:00,배송완료,중부HUB
4100001577,2026-06-09 06:42:00,집화처리,영남HUB
4100001577,2026-06-09 14:42:00,간선상차,영남HUB
4100001577,2026-06-09 23:42:00,간선하차,영남HUB
4100001577,2026-06-10 15:42:00,배송출발,영남HUB
4100001577,2026-06-11 09:42:00,배송완료,영남HUB
1200001578,2026-06-19 21:19:00,집화처리,수도권HUB
1200001578,2026-06-20 16:19:00,간선상차,수도권HUB
1200001578,2026-06-21 05:19:00,간선하차,수도권HUB
1200001578,2026-06-21 21:19:00,배송출발,수도권HUB
1200001578,2026-06-22 09:19:00,배송완료,수도권HUB
2100001579,2026-08-03 04:04:00,집화처리,수도권HUB
2100001579,2026-08-03 18:04:00,간선상차,수도권HUB
2100001579,2026-08-03 21:04:00,간선하차,수도권HUB
2100001579,2026-08-04 16:04:00,배송출발,수도권HUB
2100001579,2026-08-05 05:04:00,배송완료,수도권HUB
3100001580,2026-07-01 20:01:00,집화처리,영남HUB
3100001580,2026-07-02 10:01:00,간선상차,영남HUB
3100001580,2026-07-03 00:01:00,간선하차,영남HUB
3100001580,2026-07-03 11:01:00,배송출발,영남HUB
3100001580,2026-07-03 22:01:00,배송완료,영남HUB
3100001581,2026-07-09 05:58:00,집화처리,중부HUB
3100001581,2026-07-09 14:58:00,간선상차,중부HUB
3100001581,2026-07-10 05:58:00,간선하차,중부HUB
3100001581,2026-07-10 11:58:00,배송출발,중부HUB
3100001581,2026-07-10 23:58:00,배송완료,중부HUB
1200001582,2026-07-08 11:26:00,집화처리,영남HUB
1200001582,2026-07-08 17:26:00,간선상차,영남HUB
1200001582,2026-07-08 23:26:00,간선하차,영남HUB
1200001582,2026-07-09 02:26:00,배송출발,영남HUB
1200001582,2026-07-09 17:26:00,배송완료,영남HUB
1200001583,2026-07-18 00:13:00,집화처리,영남HUB
1200001583,2026-07-18 09:13:00,간선상차,영남HUB
1200001583,2026-07-18 20:13:00,간선하차,영남HUB
1200001583,2026-07-19 07:13:00,배송출발,영남HUB
1200001583,2026-07-20 02:13:00,배송완료,영남HUB
2100001584,2026-07-24 21:26:00,집화처리,수도권HUB
2100001584,2026-07-25 06:26:00,간선상차,수도권HUB
2100001584,2026-07-25 22:26:00,간선하차,수도권HUB
2100001584,2026-07-26 15:26:00,배송출발,수도권HUB
2100001584,2026-07-27 11:26:00,배송완료,수도권HUB
1200001585,2026-07-04 02:42:00,집화처리,수도권HUB
1200001585,2026-07-04 05:42:00,간선상차,수도권HUB
1200001585,2026-07-04 18:42:00,간선하차,수도권HUB
1200001585,2026-07-05 00:42:00,배송출발,수도권HUB
1200001585,2026-07-05 16:42:00,배송완료,수도권HUB
3100001586,2026-05-25 21:50:00,집화처리,영남HUB
3100001586,2026-05-26 13:50:00,간선상차,영남HUB
3100001586,2026-05-27 03:50:00,간선하차,영남HUB
3100001586,2026-05-27 08:50:00,배송출발,영남HUB
3100001586,2026-05-28 01:50:00,배송완료,영남HUB
3200001587,2026-07-15 06:05:00,집화처리,중부HUB
3200001587,2026-07-15 18:05:00,간선상차,중부HUB
3200001587,2026-07-16 13:05:00,간선하차,중부HUB
3200001587,2026-07-17 05:05:00,배송출발,중부HUB
3200001587,2026-07-18 01:05:00,배송완료,중부HUB
1100001588,2026-06-27 00:22:00,집화처리,호남HUB
1100001588,2026-06-27 10:22:00,간선상차,호남HUB
1100001588,2026-06-28 04:22:00,간선하차,호남HUB
1100001588,2026-06-28 11:22:00,배송출발,호남HUB
1100001588,2026-06-29 04:22:00,배송완료,호남HUB
1100001589,2026-07-28 10:19:00,집화처리,수도권HUB
1100001589,2026-07-28 20:19:00,간선상차,수도권HUB
1100001589,2026-07-29 03:19:00,간선하차,수도권HUB
1100001589,2026-07-29 17:19:00,배송출발,수도권HUB
1100001589,2026-07-30 00:19:00,배송완료,수도권HUB
4100001590,2026-07-07 01:06:00,집화처리,영남HUB
4100001590,2026-07-07 07:06:00,간선상차,영남HUB
4100001590,2026-07-07 21:06:00,간선하차,영남HUB
4100001590,2026-07-08 04:06:00,배송출발,영남HUB
4100001590,2026-07-08 19:06:00,배송완료,영남HUB
2100001591,2026-08-03 22:15:00,집화처리,영남HUB
2100001591,2026-08-04 08:15:00,간선상차,영남HUB
2100001591,2026-08-04 20:15:00,간선하차,영남HUB
2100001591,2026-08-04 23:15:00,배송출발,영남HUB
2100001591,2026-08-05 09:15:00,배송완료,영남HUB
3100001592,2026-05-15 03:16:00,집화처리,수도권HUB
3100001592,2026-05-15 15:16:00,간선상차,수도권HUB
3100001592,2026-05-15 19:16:00,간선하차,수도권HUB
3100001592,2026-05-16 10:16:00,배송출발,수도권HUB
3100001592,2026-05-17 05:16:00,배송완료,수도권HUB
2100001593,2026-06-20 01:12:00,집화처리,수도권HUB
2100001593,2026-06-20 20:12:00,간선상차,수도권HUB
2100001593,2026-06-21 15:12:00,간선하차,수도권HUB
2100001593,2026-06-21 21:12:00,배송출발,수도권HUB
2100001593,2026-06-22 10:12:00,배송완료,수도권HUB
3200001594,2026-07-22 18:49:00,집화처리,호남HUB
3200001594,2026-07-22 23:49:00,간선상차,호남HUB
3200001594,2026-07-23 09:49:00,간선하차,호남HUB
3200001594,2026-07-23 15:49:00,배송출발,호남HUB
3200001594,2026-07-23 19:49:00,배송완료,호남HUB
1200001595,2026-06-23 04:19:00,집화처리,수도권HUB
1200001595,2026-06-23 20:19:00,간선상차,수도권HUB
1200001595,2026-06-24 03:19:00,간선하차,수도권HUB
1200001595,2026-06-24 22:19:00,배송출발,수도권HUB
1200001595,2026-06-25 17:19:00,배송완료,수도권HUB
1100001596,2026-06-11 23:14:00,집화처리,호남HUB
1100001596,2026-06-12 13:14:00,간선상차,호남HUB
1100001596,2026-06-12 18:14:00,간선하차,호남HUB
1100001596,2026-06-13 11:14:00,배송출발,호남HUB
1100001596,2026-06-14 07:14:00,배송완료,호남HUB
1200001597,2026-08-03 21:44:00,집화처리,호남HUB
1200001597,2026-08-04 06:44:00,간선상차,호남HUB
1200001597,2026-08-05 00:44:00,간선하차,호남HUB
1200001597,2026-08-05 19:44:00,배송출발,호남HUB
1200001597,2026-08-06 12:44:00,배송완료,호남HUB
3200001598,2026-05-22 22:30:00,집화처리,영남HUB
3200001598,2026-05-23 01:30:00,간선상차,영남HUB
3200001598,2026-05-23 12:30:00,간선하차,영남HUB
3200001598,2026-05-24 08:30:00,배송출발,영남HUB
3200001598,2026-05-24 18:30:00,배송완료,영남HUB
1100001599,2026-07-28 10:53:00,집화처리,영남HUB
1100001599,2026-07-29 04:53:00,간선상차,영남HUB
1100001599,2026-07-29 17:53:00,간선하차,영남HUB
1100001599,2026-07-30 09:53:00,배송출발,영남HUB
1100001599,2026-07-30 22:53:00,배송완료,영남HUB
1100001600,2026-05-12 04:19:00,집화처리,수도권HUB
1100001600,2026-05-12 12:19:00,간선상차,수도권HUB
1100001600,2026-05-13 04:19:00,간선하차,수도권HUB
1100001600,2026-05-13 17:19:00,배송출발,수도권HUB
1100001600,2026-05-13 21:19:00,배송완료,수도권HUB
1100001601,2026-05-11 19:58:00,집화처리,수도권HUB
1100001601,2026-05-12 04:58:00,간선상차,수도권HUB
1100001601,2026-05-12 17:58:00,간선하차,수도권HUB
1100001601,2026-05-13 07:58:00,배송출발,수도권HUB
1100001601,2026-05-13 20:58:00,배송완료,수도권HUB
3200001602,2026-05-16 06:37:00,집화처리,영남HUB
3200001602,2026-05-16 17:37:00,간선상차,영남HUB
3200001602,2026-05-17 13:37:00,간선하차,영남HUB
3200001602,2026-05-18 03:37:00,배송출발,영남HUB
3200001602,2026-05-18 08:37:00,배송완료,영남HUB
4100001603,2026-07-17 14:55:00,집화처리,영남HUB
4100001603,2026-07-17 19:55:00,간선상차,영남HUB
4100001603,2026-07-18 05:55:00,간선하차,영남HUB
4100001603,2026-07-18 22:55:00,배송출발,영남HUB
4100001603,2026-07-19 18:55:00,배송완료,영남HUB
3200001604,2026-07-21 11:00:00,집화처리,수도권HUB
3200001604,2026-07-21 15:00:00,간선상차,수도권HUB
3200001604,2026-07-22 10:00:00,간선하차,수도권HUB
3200001604,2026-07-22 14:00:00,배송출발,수도권HUB
3200001604,2026-07-23 08:00:00,배송완료,수도권HUB
3100001605,2026-05-20 23:51:00,집화처리,호남HUB
3100001605,2026-05-21 06:51:00,간선상차,호남HUB
3100001605,2026-05-22 01:51:00,간선하차,호남HUB
3100001605,2026-05-22 08:51:00,배송출발,호남HUB
3100001605,2026-05-22 21:51:00,배송완료,호남HUB
4100001606,2026-06-04 21:50:00,집화처리,영남HUB
4100001606,2026-06-05 12:50:00,간선상차,영남HUB
4100001606,2026-06-06 06:50:00,간선하차,영남HUB
4100001606,2026-06-06 13:50:00,배송출발,영남HUB
4100001606,2026-06-06 18:50:00,배송완료,영남HUB
3200001607,2026-07-01 19:53:00,집화처리,중부HUB
3200001607,2026-07-02 10:53:00,간선상차,중부HUB
3200001607,2026-07-02 16:53:00,간선하차,중부HUB
3200001607,2026-07-03 12:53:00,배송출발,중부HUB
3200001607,2026-07-04 06:53:00,배송완료,중부HUB
1100001608,2026-05-11 19:04:00,집화처리,호남HUB
1100001608,2026-05-12 06:04:00,간선상차,호남HUB
1100001608,2026-05-12 20:04:00,간선하차,호남HUB
1100001608,2026-05-12 23:04:00,배송출발,호남HUB
1100001608,2026-05-13 14:04:00,배송완료,호남HUB
3200001609,2026-07-13 22:57:00,집화처리,영남HUB
3200001609,2026-07-14 04:57:00,간선상차,영남HUB
3200001609,2026-07-14 18:57:00,간선하차,영남HUB
3200001609,2026-07-15 07:57:00,배송출발,영남HUB
3200001609,2026-07-16 03:57:00,배송완료,영남HUB
4100001610,2026-07-26 04:03:00,집화처리,중부HUB
4100001610,2026-07-26 20:03:00,간선상차,중부HUB
4100001610,2026-07-27 00:03:00,간선하차,중부HUB
4100001610,2026-07-27 13:03:00,배송출발,중부HUB
4100001610,2026-07-28 01:03:00,배송완료,중부HUB
2100001611,2026-06-11 18:12:00,집화처리,영남HUB
2100001611,2026-06-11 22:12:00,간선상차,영남HUB
2100001611,2026-06-12 06:12:00,간선하차,영남HUB
2100001611,2026-06-12 16:12:00,배송출발,영남HUB
2100001611,2026-06-13 03:12:00,배송완료,영남HUB
1100001612,2026-07-21 00:47:00,집화처리,중부HUB
1100001612,2026-07-21 05:47:00,간선상차,중부HUB
1100001612,2026-07-22 00:47:00,간선하차,중부HUB
1100001612,2026-07-22 14:47:00,배송출발,중부HUB
1100001612,2026-07-23 07:47:00,배송완료,중부HUB
1200001613,2026-07-10 20:44:00,집화처리,영남HUB
1200001613,2026-07-11 11:44:00,간선상차,영남HUB
1200001613,2026-07-11 16:44:00,간선하차,영남HUB
1200001613,2026-07-12 05:44:00,배송출발,영남HUB
1200001613,2026-07-12 20:44:00,배송완료,영남HUB
3100001614,2026-07-29 21:29:00,집화처리,영남HUB
3100001614,2026-07-30 13:29:00,간선상차,영남HUB
3100001614,2026-07-30 23:29:00,간선하차,영남HUB
3100001614,2026-07-31 18:29:00,배송출발,영남HUB
3100001614,2026-07-31 23:29:00,배송완료,영남HUB
4100001615,2026-06-24 22:48:00,집화처리,수도권HUB
4100001615,2026-06-25 14:48:00,간선상차,수도권HUB
4100001615,2026-06-25 22:48:00,간선하차,수도권HUB
4100001615,2026-06-26 01:48:00,배송출발,수도권HUB
4100001615,2026-06-26 07:48:00,배송완료,수도권HUB
4100001616,2026-05-30 12:25:00,집화처리,수도권HUB
4100001616,2026-05-30 18:25:00,간선상차,수도권HUB
4100001616,2026-05-31 05:25:00,간선하차,수도권HUB
4100001616,2026-05-31 12:25:00,배송출발,수도권HUB
4100001616,2026-06-01 02:25:00,배송완료,수도권HUB
1200001617,2026-08-06 04:09:00,집화처리,수도권HUB
1200001617,2026-08-06 13:09:00,간선상차,수도권HUB
3100001618,2026-07-03 21:16:00,집화처리,중부HUB
3100001618,2026-07-04 15:16:00,간선상차,중부HUB
3100001618,2026-07-05 10:16:00,간선하차,중부HUB
3100001618,2026-07-05 14:16:00,배송출발,중부HUB
3100001618,2026-07-05 20:16:00,배송완료,중부HUB
3200001619,2026-05-26 09:45:00,집화처리,수도권HUB
3200001619,2026-05-26 20:45:00,간선상차,수도권HUB
3200001619,2026-05-27 04:45:00,간선하차,수도권HUB
3200001619,2026-05-27 14:45:00,배송출발,수도권HUB
3200001619,2026-05-27 23:45:00,배송완료,수도권HUB
1200001620,2026-06-17 02:41:00,집화처리,수도권HUB
1200001620,2026-06-17 06:41:00,간선상차,수도권HUB
1200001620,2026-06-17 18:41:00,간선하차,수도권HUB
1200001620,2026-06-18 04:41:00,배송출발,수도권HUB
1200001620,2026-06-18 07:41:00,배송완료,수도권HUB
1100001621,2026-06-02 06:45:00,집화처리,영남HUB
1100001621,2026-06-02 13:45:00,간선상차,영남HUB
1100001621,2026-06-02 18:45:00,간선하차,영남HUB
1100001621,2026-06-02 21:45:00,배송출발,영남HUB
1100001621,2026-06-03 01:45:00,배송완료,영남HUB
1100001622,2026-07-29 05:42:00,집화처리,호남HUB
1100001622,2026-07-29 21:42:00,간선상차,호남HUB
1100001622,2026-07-30 04:42:00,간선하차,호남HUB
1100001622,2026-07-30 16:42:00,배송출발,호남HUB
1100001622,2026-07-31 09:42:00,배송완료,호남HUB
4100001623,2026-07-22 08:54:00,집화처리,영남HUB
4100001623,2026-07-22 18:54:00,간선상차,영남HUB
4100001623,2026-07-23 08:54:00,간선하차,영남HUB
4100001623,2026-07-24 03:54:00,배송출발,영남HUB
4100001623,2026-07-24 23:54:00,배송완료,영남HUB
1100001624,2026-07-30 19:09:00,집화처리,수도권HUB
1100001624,2026-07-30 22:09:00,간선상차,수도권HUB
1100001624,2026-07-31 13:09:00,간선하차,수도권HUB
1100001624,2026-08-01 06:09:00,배송출발,수도권HUB
1100001624,2026-08-01 12:09:00,배송완료,수도권HUB
3100001625,2026-07-16 08:22:00,집화처리,수도권HUB
3100001625,2026-07-17 03:22:00,간선상차,수도권HUB
3100001625,2026-07-17 18:22:00,간선하차,수도권HUB
3100001625,2026-07-18 03:22:00,배송출발,수도권HUB
3100001625,2026-07-18 22:22:00,배송완료,수도권HUB
2100001626,2026-05-15 17:16:00,집화처리,수도권HUB
2100001626,2026-05-16 05:16:00,간선상차,수도권HUB
2100001626,2026-05-16 18:16:00,간선하차,수도권HUB
2100001626,2026-05-17 14:16:00,배송출발,수도권HUB
2100001626,2026-05-18 08:16:00,배송완료,수도권HUB
1200001627,2026-05-18 16:56:00,집화처리,수도권HUB
1200001627,2026-05-18 19:56:00,간선상차,수도권HUB
1200001627,2026-05-19 08:56:00,간선하차,수도권HUB
1200001627,2026-05-19 23:56:00,배송출발,수도권HUB
1200001627,2026-05-20 10:56:00,배송완료,수도권HUB
2100001628,2026-05-21 06:24:00,집화처리,영남HUB
2100001628,2026-05-21 21:24:00,간선상차,영남HUB
2100001628,2026-05-22 07:24:00,간선하차,영남HUB
2100001628,2026-05-23 02:24:00,배송출발,영남HUB
2100001628,2026-05-23 18:24:00,배송완료,영남HUB
1100001629,2026-07-24 08:32:00,집화처리,수도권HUB
1100001629,2026-07-24 21:32:00,간선상차,수도권HUB
1100001629,2026-07-25 10:32:00,간선하차,수도권HUB
1100001629,2026-07-25 22:32:00,배송출발,수도권HUB
1100001629,2026-07-26 14:32:00,배송완료,수도권HUB
1100001630,2026-05-22 03:24:00,집화처리,수도권HUB
1100001630,2026-05-22 23:24:00,간선상차,수도권HUB
1100001630,2026-05-23 17:24:00,간선하차,수도권HUB
1100001630,2026-05-24 03:24:00,배송출발,수도권HUB
1100001630,2026-05-24 23:24:00,배송완료,수도권HUB
2100001631,2026-06-03 10:26:00,집화처리,수도권HUB
2100001631,2026-06-03 13:26:00,간선상차,수도권HUB
2100001631,2026-06-03 16:26:00,간선하차,수도권HUB
2100001631,2026-06-04 10:26:00,배송출발,수도권HUB
2100001631,2026-06-04 19:26:00,배송완료,수도권HUB
1100001632,2026-05-22 08:55:00,집화처리,영남HUB
1100001632,2026-05-22 18:55:00,간선상차,영남HUB
1100001632,2026-05-23 08:55:00,간선하차,영남HUB
1100001632,2026-05-23 15:55:00,배송출발,영남HUB
1100001632,2026-05-24 03:55:00,배송완료,영남HUB
2100001633,2026-06-24 00:31:00,집화처리,영남HUB
2100001633,2026-06-24 19:31:00,간선상차,영남HUB
2100001633,2026-06-25 01:31:00,간선하차,영남HUB
2100001633,2026-06-25 06:31:00,배송출발,영남HUB
2100001633,2026-06-25 23:31:00,배송완료,영남HUB
1200001634,2026-07-04 12:18:00,집화처리,수도권HUB
1200001634,2026-07-05 03:18:00,간선상차,수도권HUB
1200001634,2026-07-05 15:18:00,간선하차,수도권HUB
1200001634,2026-07-06 06:18:00,배송출발,수도권HUB
1200001634,2026-07-06 19:18:00,배송완료,수도권HUB
4100001635,2026-07-31 18:06:00,집화처리,영남HUB
4100001635,2026-08-01 10:06:00,간선상차,영남HUB
4100001635,2026-08-01 23:06:00,간선하차,영남HUB
4100001635,2026-08-02 14:06:00,배송출발,영남HUB
4100001635,2026-08-03 09:06:00,배송완료,영남HUB
2100001636,2026-06-02 06:59:00,집화처리,영남HUB
2100001636,2026-06-02 13:59:00,간선상차,영남HUB
2100001636,2026-06-03 04:59:00,간선하차,영남HUB
2100001636,2026-06-03 21:59:00,배송출발,영남HUB
2100001636,2026-06-04 07:59:00,배송완료,영남HUB
3100001637,2026-07-15 14:01:00,집화처리,수도권HUB
3100001637,2026-07-15 20:01:00,간선상차,수도권HUB
3100001637,2026-07-15 23:01:00,간선하차,수도권HUB
3100001637,2026-07-16 11:01:00,배송출발,수도권HUB
3100001637,2026-07-16 23:01:00,배송완료,수도권HUB
1100001638,2026-07-08 03:59:00,집화처리,호남HUB
1100001638,2026-07-08 08:59:00,간선상차,호남HUB
1100001638,2026-07-09 01:59:00,간선하차,호남HUB
1100001638,2026-07-09 17:59:00,배송출발,호남HUB
1100001638,2026-07-10 04:59:00,배송완료,호남HUB
1100001639,2026-07-20 14:09:00,집화처리,수도권HUB
1100001639,2026-07-20 18:09:00,간선상차,수도권HUB
1100001639,2026-07-21 05:09:00,간선하차,수도권HUB
1100001639,2026-07-22 00:09:00,배송출발,수도권HUB
1100001639,2026-07-22 13:09:00,배송완료,수도권HUB
4100001640,2026-05-25 23:32:00,집화처리,영남HUB
4100001640,2026-05-26 11:32:00,간선상차,영남HUB
4100001640,2026-05-26 16:32:00,간선하차,영남HUB
4100001640,2026-05-27 10:32:00,배송출발,영남HUB
4100001640,2026-05-28 02:32:00,배송완료,영남HUB
1200001641,2026-06-04 08:37:00,집화처리,영남HUB
1200001641,2026-06-05 01:37:00,간선상차,영남HUB
1200001641,2026-06-05 05:37:00,간선하차,영남HUB
1200001641,2026-06-05 08:37:00,배송출발,영남HUB
1200001641,2026-06-05 21:37:00,배송완료,영남HUB
1100001642,2026-06-09 05:33:00,집화처리,중부HUB
1100001642,2026-06-09 10:33:00,간선상차,중부HUB
1100001642,2026-06-09 13:33:00,간선하차,중부HUB
1100001642,2026-06-10 04:33:00,배송출발,중부HUB
1100001642,2026-06-10 18:33:00,배송완료,중부HUB
2100001643,2026-05-06 03:25:00,집화처리,제주HUB
2100001643,2026-05-06 22:25:00,간선상차,제주HUB
2100001643,2026-05-07 15:25:00,간선하차,제주HUB
2100001643,2026-05-07 20:25:00,배송출발,제주HUB
2100001643,2026-05-08 06:25:00,배송완료,제주HUB
3200001644,2026-05-12 19:42:00,집화처리,영남HUB
3200001644,2026-05-13 15:42:00,간선상차,영남HUB
3200001644,2026-05-14 06:42:00,간선하차,영남HUB
3200001644,2026-05-14 09:42:00,배송출발,영남HUB
3200001644,2026-05-14 16:42:00,배송완료,영남HUB
2100001645,2026-06-15 22:09:00,집화처리,중부HUB
2100001645,2026-06-16 08:09:00,간선상차,중부HUB
2100001645,2026-06-16 12:09:00,간선하차,중부HUB
2100001645,2026-06-17 05:09:00,배송출발,중부HUB
2100001645,2026-06-17 10:09:00,배송완료,중부HUB
3100001646,2026-05-29 09:57:00,집화처리,수도권HUB
3100001646,2026-05-30 03:57:00,간선상차,수도권HUB
3100001646,2026-05-30 23:57:00,간선하차,수도권HUB
3100001646,2026-05-31 13:57:00,배송출발,수도권HUB
3100001646,2026-05-31 19:57:00,배송완료,수도권HUB
3100001647,2026-08-03 18:58:00,집화처리,수도권HUB
3100001647,2026-08-04 03:58:00,간선상차,수도권HUB
3100001647,2026-08-04 12:58:00,간선하차,수도권HUB
3100001647,2026-08-04 15:58:00,배송출발,수도권HUB
3100001647,2026-08-05 03:58:00,배송완료,수도권HUB
4100001648,2026-07-18 10:15:00,집화처리,수도권HUB
4100001648,2026-07-18 14:15:00,간선상차,수도권HUB
4100001648,2026-07-19 05:15:00,간선하차,수도권HUB
4100001648,2026-07-19 15:15:00,배송출발,수도권HUB
4100001648,2026-07-19 23:15:00,배송완료,수도권HUB
3100001649,2026-06-09 06:06:00,집화처리,수도권HUB
3100001649,2026-06-09 21:06:00,간선상차,수도권HUB
3100001649,2026-06-10 15:06:00,간선하차,수도권HUB
3100001649,2026-06-11 10:06:00,배송출발,수도권HUB
3100001649,2026-06-11 14:06:00,배송완료,수도권HUB
1100001650,2026-05-31 04:55:00,집화처리,영남HUB
1100001650,2026-05-31 15:55:00,간선상차,영남HUB
1100001650,2026-06-01 08:55:00,간선하차,영남HUB
1100001650,2026-06-01 23:55:00,배송출발,영남HUB
1100001650,2026-06-02 16:55:00,배송완료,영남HUB
2100001651,2026-06-12 20:41:00,집화처리,중부HUB
2100001651,2026-06-13 11:41:00,간선상차,중부HUB
2100001651,2026-06-13 19:41:00,간선하차,중부HUB
2100001651,2026-06-14 14:41:00,배송출발,중부HUB
2100001651,2026-06-15 08:41:00,배송완료,중부HUB
1100001652,2026-06-28 04:49:00,집화처리,중부HUB
1100001652,2026-06-28 17:49:00,간선상차,중부HUB
1100001652,2026-06-29 06:49:00,간선하차,중부HUB
1100001652,2026-06-29 20:49:00,배송출발,중부HUB
1100001652,2026-06-30 07:49:00,배송완료,중부HUB
1200001653,2026-06-04 19:36:00,집화처리,영남HUB
1200001653,2026-06-04 23:36:00,간선상차,영남HUB
1200001653,2026-06-05 04:36:00,간선하차,영남HUB
1200001653,2026-06-05 22:36:00,배송출발,영남HUB
1200001653,2026-06-06 15:36:00,배송완료,영남HUB
2100001654,2026-06-11 07:38:00,집화처리,영남HUB
2100001654,2026-06-11 11:38:00,간선상차,영남HUB
2100001654,2026-06-11 20:38:00,간선하차,영남HUB
2100001654,2026-06-12 13:38:00,배송출발,영남HUB
2100001654,2026-06-12 16:38:00,배송완료,영남HUB
1100001655,2026-07-01 17:40:00,집화처리,수도권HUB
1100001655,2026-07-02 07:40:00,간선상차,수도권HUB
1100001655,2026-07-02 17:40:00,간선하차,수도권HUB
1100001655,2026-07-03 05:40:00,배송출발,수도권HUB
1100001655,2026-07-03 10:40:00,배송완료,수도권HUB
4100001656,2026-05-26 07:06:00,집화처리,수도권HUB
4100001656,2026-05-27 02:06:00,간선상차,수도권HUB
4100001656,2026-05-27 11:06:00,간선하차,수도권HUB
4100001656,2026-05-28 05:06:00,배송출발,수도권HUB
4100001656,2026-05-28 20:06:00,배송완료,수도권HUB
1200001657,2026-05-14 08:25:00,집화처리,수도권HUB
1200001657,2026-05-14 13:25:00,간선상차,수도권HUB
1200001657,2026-05-15 07:25:00,간선하차,수도권HUB
1200001657,2026-05-15 23:25:00,배송출발,수도권HUB
1200001657,2026-05-16 07:25:00,배송완료,수도권HUB
4100001658,2026-07-22 12:27:00,집화처리,수도권HUB
4100001658,2026-07-22 17:27:00,간선상차,수도권HUB
4100001658,2026-07-23 01:27:00,간선하차,수도권HUB
4100001658,2026-07-23 18:27:00,배송출발,수도권HUB
4100001658,2026-07-24 01:27:00,배송완료,수도권HUB
1200001659,2026-06-16 18:37:00,집화처리,수도권HUB
1200001659,2026-06-16 22:37:00,간선상차,수도권HUB
1200001659,2026-06-17 16:37:00,간선하차,수도권HUB
1200001659,2026-06-18 08:37:00,배송출발,수도권HUB
1200001659,2026-06-19 03:37:00,배송완료,수도권HUB
1100001660,2026-06-18 00:38:00,집화처리,수도권HUB
1100001660,2026-06-18 04:38:00,간선상차,수도권HUB
1100001660,2026-06-18 09:38:00,간선하차,수도권HUB
1100001660,2026-06-19 05:38:00,배송출발,수도권HUB
1100001660,2026-06-19 15:38:00,배송완료,수도권HUB
2100001661,2026-05-21 22:21:00,집화처리,수도권HUB
2100001661,2026-05-22 01:21:00,간선상차,수도권HUB
2100001661,2026-05-22 21:21:00,간선하차,수도권HUB
2100001661,2026-05-23 16:21:00,배송출발,수도권HUB
2100001661,2026-05-24 01:21:00,배송완료,수도권HUB
3100001662,2026-06-01 23:54:00,집화처리,중부HUB
3100001662,2026-06-02 09:54:00,간선상차,중부HUB
3100001662,2026-06-02 13:54:00,간선하차,중부HUB
3100001662,2026-06-03 05:54:00,배송출발,중부HUB
3100001662,2026-06-03 08:54:00,배송완료,중부HUB
1200001663,2026-07-17 02:32:00,집화처리,수도권HUB
1200001663,2026-07-17 11:32:00,간선상차,수도권HUB
1200001663,2026-07-17 20:32:00,간선하차,수도권HUB
1200001663,2026-07-18 04:32:00,배송출발,수도권HUB
1200001663,2026-07-18 15:32:00,배송완료,수도권HUB
1200001664,2026-06-25 18:53:00,집화처리,수도권HUB
1200001664,2026-06-26 07:53:00,간선상차,수도권HUB
1200001664,2026-06-26 19:53:00,간선하차,수도권HUB
1200001664,2026-06-27 10:53:00,배송출발,수도권HUB
1200001664,2026-06-28 06:53:00,배송완료,수도권HUB
3100001665,2026-05-09 19:27:00,집화처리,영남HUB
3100001665,2026-05-10 13:27:00,간선상차,영남HUB
3100001665,2026-05-10 20:27:00,간선하차,영남HUB
3100001665,2026-05-11 12:27:00,배송출발,영남HUB
3100001665,2026-05-12 07:27:00,배송완료,영남HUB
1200001666,2026-05-01 20:02:00,집화처리,영남HUB
1200001666,2026-05-02 06:02:00,간선상차,영남HUB
1200001666,2026-05-02 11:02:00,간선하차,영남HUB
1200001666,2026-05-03 02:02:00,배송출발,영남HUB
1200001666,2026-05-03 10:02:00,배송완료,영남HUB
1200001667,2026-06-14 08:11:00,집화처리,수도권HUB
1200001667,2026-06-14 16:11:00,간선상차,수도권HUB
1200001667,2026-06-14 21:11:00,간선하차,수도권HUB
1200001667,2026-06-15 13:11:00,배송출발,수도권HUB
1200001667,2026-06-15 20:11:00,배송완료,수도권HUB
4100001668,2026-07-27 08:05:00,집화처리,수도권HUB
4100001668,2026-07-28 03:05:00,간선상차,수도권HUB
4100001668,2026-07-28 21:05:00,간선하차,수도권HUB
4100001668,2026-07-29 07:05:00,배송출발,수도권HUB
4100001668,2026-07-30 01:05:00,배송완료,수도권HUB
2100001669,2026-06-23 04:21:00,집화처리,영남HUB
2100001669,2026-06-23 07:21:00,간선상차,영남HUB
2100001669,2026-06-23 19:21:00,간선하차,영남HUB
2100001669,2026-06-24 11:21:00,배송출발,영남HUB
2100001669,2026-06-25 03:21:00,배송완료,영남HUB
1200001670,2026-06-09 17:41:00,집화처리,영남HUB
1200001670,2026-06-10 06:41:00,간선상차,영남HUB
1200001670,2026-06-11 02:41:00,간선하차,영남HUB
1200001670,2026-06-11 11:41:00,배송출발,영남HUB
1200001670,2026-06-11 22:41:00,배송완료,영남HUB
1100001671,2026-07-15 00:05:00,집화처리,수도권HUB
1100001671,2026-07-15 16:05:00,간선상차,수도권HUB
1100001671,2026-07-16 08:05:00,간선하차,수도권HUB
1100001671,2026-07-16 18:05:00,배송출발,수도권HUB
1100001671,2026-07-17 06:05:00,배송완료,수도권HUB
3200001672,2026-07-07 17:58:00,집화처리,수도권HUB
3200001672,2026-07-07 20:58:00,간선상차,수도권HUB
3200001672,2026-07-08 03:58:00,간선하차,수도권HUB
3200001672,2026-07-08 06:58:00,배송출발,수도권HUB
3200001672,2026-07-08 10:58:00,배송완료,수도권HUB
3100001673,2026-06-18 06:18:00,집화처리,호남HUB
3100001673,2026-06-18 16:18:00,간선상차,호남HUB
3100001673,2026-06-18 21:18:00,간선하차,호남HUB
3100001673,2026-06-19 17:18:00,배송출발,호남HUB
3100001673,2026-06-20 07:18:00,배송완료,호남HUB
3200001674,2026-05-20 03:46:00,집화처리,중부HUB
3200001674,2026-05-20 20:46:00,간선상차,중부HUB
3200001674,2026-05-21 04:46:00,간선하차,중부HUB
3200001674,2026-05-21 18:46:00,배송출발,중부HUB
3200001674,2026-05-22 00:46:00,배송완료,중부HUB
1200001675,2026-06-18 15:37:00,집화처리,중부HUB
1200001675,2026-06-18 21:37:00,간선상차,중부HUB
1200001675,2026-06-19 17:37:00,간선하차,중부HUB
1200001675,2026-06-20 12:37:00,배송출발,중부HUB
1200001675,2026-06-20 22:37:00,배송완료,중부HUB
2100001676,2026-05-22 13:56:00,집화처리,영남HUB
2100001676,2026-05-23 07:56:00,간선상차,영남HUB
2100001676,2026-05-23 15:56:00,간선하차,영남HUB
2100001676,2026-05-24 05:56:00,배송출발,영남HUB
2100001676,2026-05-24 23:56:00,배송완료,영남HUB
1200001677,2026-06-16 05:12:00,집화처리,영남HUB
1200001677,2026-06-16 10:12:00,간선상차,영남HUB
1200001677,2026-06-16 21:12:00,간선하차,영남HUB
1200001677,2026-06-17 06:12:00,배송출발,영남HUB
1200001677,2026-06-17 19:12:00,배송완료,영남HUB
3100001678,2026-06-23 04:04:00,집화처리,영남HUB
3100001678,2026-06-23 20:04:00,간선상차,영남HUB
3100001678,2026-06-24 08:04:00,간선하차,영남HUB
3100001678,2026-06-24 18:04:00,배송출발,영남HUB
3100001678,2026-06-25 06:04:00,배송완료,영남HUB
1200001679,2026-05-07 18:23:00,집화처리,영남HUB
1200001679,2026-05-07 22:23:00,간선상차,영남HUB
1200001679,2026-05-08 07:23:00,간선하차,영남HUB
1200001679,2026-05-08 15:23:00,배송출발,영남HUB
1200001679,2026-05-09 06:23:00,배송완료,영남HUB
1100001680,2026-05-20 01:33:00,집화처리,영남HUB
1100001680,2026-05-20 17:33:00,간선상차,영남HUB
1100001680,2026-05-21 02:33:00,간선하차,영남HUB
1100001680,2026-05-21 08:33:00,배송출발,영남HUB
1100001680,2026-05-21 23:33:00,배송완료,영남HUB
3100001681,2026-06-17 13:24:00,집화처리,수도권HUB
3100001681,2026-06-18 05:24:00,간선상차,수도권HUB
3100001681,2026-06-18 13:24:00,간선하차,수도권HUB
3100001681,2026-06-19 02:24:00,배송출발,수도권HUB
3100001681,2026-06-19 17:24:00,배송완료,수도권HUB
1100001682,2026-07-28 06:04:00,집화처리,수도권HUB
1100001682,2026-07-28 12:04:00,간선상차,수도권HUB
1100001682,2026-07-29 01:04:00,간선하차,수도권HUB
1100001682,2026-07-29 05:04:00,배송출발,수도권HUB
1100001682,2026-07-29 20:04:00,배송완료,수도권HUB
3100001683,2026-05-12 04:26:00,집화처리,중부HUB
3100001683,2026-05-12 08:26:00,간선상차,중부HUB
3100001683,2026-05-13 00:26:00,간선하차,중부HUB
3100001683,2026-05-13 04:26:00,배송출발,중부HUB
3100001683,2026-05-14 00:26:00,배송완료,중부HUB
3100001684,2026-05-12 11:58:00,집화처리,수도권HUB
3100001684,2026-05-12 20:58:00,간선상차,수도권HUB
3100001684,2026-05-13 11:58:00,간선하차,수도권HUB
3100001684,2026-05-14 03:58:00,배송출발,수도권HUB
3100001684,2026-05-14 16:58:00,배송완료,수도권HUB
4100001685,2026-07-11 00:45:00,집화처리,수도권HUB
4100001685,2026-07-11 14:45:00,간선상차,수도권HUB
4100001685,2026-07-12 03:45:00,간선하차,수도권HUB
4100001685,2026-07-12 15:45:00,배송출발,수도권HUB
4100001685,2026-07-12 21:45:00,배송완료,수도권HUB
2100001686,2026-05-20 15:33:00,집화처리,영남HUB
2100001686,2026-05-20 21:33:00,간선상차,영남HUB
2100001686,2026-05-21 03:33:00,간선하차,영남HUB
2100001686,2026-05-21 18:33:00,배송출발,영남HUB
2100001686,2026-05-22 13:33:00,배송완료,영남HUB
3200001687,2026-07-03 06:52:00,집화처리,수도권HUB
3200001687,2026-07-03 17:52:00,간선상차,수도권HUB
3200001687,2026-07-04 07:52:00,간선하차,수도권HUB
3200001687,2026-07-05 02:52:00,배송출발,수도권HUB
3200001687,2026-07-05 10:52:00,배송완료,수도권HUB
1100001688,2026-05-18 19:15:00,집화처리,영남HUB
1100001688,2026-05-19 03:15:00,간선상차,영남HUB
1100001688,2026-05-19 18:15:00,간선하차,영남HUB
1100001688,2026-05-20 07:15:00,배송출발,영남HUB
1100001688,2026-05-21 01:15:00,배송완료,영남HUB
1100001689,2026-05-21 12:46:00,집화처리,영남HUB
1100001689,2026-05-22 04:46:00,간선상차,영남HUB
1100001689,2026-05-22 21:46:00,간선하차,영남HUB
1100001689,2026-05-23 13:46:00,배송출발,영남HUB
1100001689,2026-05-24 05:46:00,배송완료,영남HUB
4100001690,2026-06-27 01:14:00,집화처리,수도권HUB
4100001690,2026-06-27 10:14:00,간선상차,수도권HUB
4100001690,2026-06-27 19:14:00,간선하차,수도권HUB
4100001690,2026-06-28 14:14:00,배송출발,수도권HUB
4100001690,2026-06-28 21:14:00,배송완료,수도권HUB
3100001691,2026-06-08 17:26:00,집화처리,중부HUB
3100001691,2026-06-09 01:26:00,간선상차,중부HUB
3100001691,2026-06-09 13:26:00,간선하차,중부HUB
3100001691,2026-06-10 04:26:00,배송출발,중부HUB
3100001691,2026-06-10 23:26:00,배송완료,중부HUB
3100001692,2026-05-29 05:50:00,집화처리,영남HUB
3100001692,2026-05-29 09:50:00,간선상차,영남HUB
3100001692,2026-05-29 14:50:00,간선하차,영남HUB
3100001692,2026-05-30 09:50:00,배송출발,영남HUB
3100001692,2026-05-31 00:50:00,배송완료,영남HUB
2100001693,2026-07-14 03:58:00,집화처리,수도권HUB
2100001693,2026-07-14 11:58:00,간선상차,수도권HUB
2100001693,2026-07-15 07:58:00,간선하차,수도권HUB
2100001693,2026-07-15 15:58:00,배송출발,수도권HUB
2100001693,2026-07-15 21:58:00,배송완료,수도권HUB
1200001694,2026-05-25 16:32:00,집화처리,영남HUB
1200001694,2026-05-26 11:32:00,간선상차,영남HUB
1200001694,2026-05-26 16:32:00,간선하차,영남HUB
1200001694,2026-05-27 04:32:00,배송출발,영남HUB
1200001694,2026-05-27 09:32:00,배송완료,영남HUB
1100001695,2026-05-10 12:34:00,집화처리,중부HUB
1100001695,2026-05-11 07:34:00,간선상차,중부HUB
1100001695,2026-05-11 14:34:00,간선하차,중부HUB
1100001695,2026-05-12 07:34:00,배송출발,중부HUB
1100001695,2026-05-12 18:34:00,배송완료,중부HUB
1100001696,2026-07-03 02:56:00,집화처리,수도권HUB
1100001696,2026-07-03 22:56:00,간선상차,수도권HUB
1100001696,2026-07-04 14:56:00,간선하차,수도권HUB
1100001696,2026-07-04 22:56:00,배송출발,수도권HUB
1100001696,2026-07-05 15:56:00,배송완료,수도권HUB
4100001697,2026-06-22 14:23:00,집화처리,수도권HUB
4100001697,2026-06-23 00:23:00,간선상차,수도권HUB
4100001697,2026-06-23 19:23:00,간선하차,수도권HUB
4100001697,2026-06-23 22:23:00,배송출발,수도권HUB
4100001697,2026-06-24 12:23:00,배송완료,수도권HUB
1200001698,2026-05-25 20:55:00,집화처리,수도권HUB
1200001698,2026-05-26 04:55:00,간선상차,수도권HUB
1200001698,2026-05-27 00:55:00,간선하차,수도권HUB
1200001698,2026-05-27 14:55:00,배송출발,수도권HUB
1200001698,2026-05-27 20:55:00,배송완료,수도권HUB
2100001699,2026-07-17 02:00:00,집화처리,영남HUB
2100001699,2026-07-17 20:00:00,간선상차,영남HUB
2100001699,2026-07-18 14:00:00,간선하차,영남HUB
2100001699,2026-07-19 07:00:00,배송출발,영남HUB
2100001699,2026-07-19 17:00:00,배송완료,영남HUB
1200001700,2026-06-23 01:28:00,집화처리,수도권HUB
1200001700,2026-06-23 18:28:00,간선상차,수도권HUB
1200001700,2026-06-24 08:28:00,간선하차,수도권HUB
1200001700,2026-06-24 19:28:00,배송출발,수도권HUB
1200001700,2026-06-25 15:28:00,배송완료,수도권HUB
3200001701,2026-06-01 10:53:00,집화처리,호남HUB
3200001701,2026-06-02 04:53:00,간선상차,호남HUB
3200001701,2026-06-02 22:53:00,간선하차,호남HUB
3200001701,2026-06-03 10:53:00,배송출발,호남HUB
3200001701,2026-06-03 20:53:00,배송완료,호남HUB
3200001702,2026-07-04 09:55:00,집화처리,중부HUB
3200001702,2026-07-05 00:55:00,간선상차,중부HUB
3200001702,2026-07-05 20:55:00,간선하차,중부HUB
3200001702,2026-07-06 10:55:00,배송출발,중부HUB
3200001702,2026-07-06 21:55:00,배송완료,중부HUB
1100001703,2026-07-21 07:54:00,집화처리,중부HUB
1100001703,2026-07-21 12:54:00,간선상차,중부HUB
1100001703,2026-07-22 03:54:00,간선하차,중부HUB
1100001703,2026-07-22 07:54:00,배송출발,중부HUB
1100001703,2026-07-22 11:54:00,배송완료,중부HUB
1200001704,2026-05-21 00:48:00,집화처리,수도권HUB
1200001704,2026-05-21 19:48:00,간선상차,수도권HUB
1200001704,2026-05-21 23:48:00,간선하차,수도권HUB
1200001704,2026-05-22 04:48:00,배송출발,수도권HUB
1200001704,2026-05-22 14:48:00,배송완료,수도권HUB
4100001705,2026-06-13 09:28:00,집화처리,수도권HUB
4100001705,2026-06-13 22:28:00,간선상차,수도권HUB
4100001705,2026-06-14 08:28:00,간선하차,수도권HUB
4100001705,2026-06-14 17:28:00,배송출발,수도권HUB
4100001705,2026-06-15 13:28:00,배송완료,수도권HUB
3200001706,2026-06-30 05:42:00,집화처리,영남HUB
3200001706,2026-07-01 00:42:00,간선상차,영남HUB
3200001706,2026-07-01 07:42:00,간선하차,영남HUB
3200001706,2026-07-01 14:42:00,배송출발,영남HUB
3200001706,2026-07-01 17:42:00,배송완료,영남HUB
3200001707,2026-07-21 20:30:00,집화처리,수도권HUB
3200001707,2026-07-21 23:30:00,간선상차,수도권HUB
3200001707,2026-07-22 07:30:00,간선하차,수도권HUB
3200001707,2026-07-22 11:30:00,배송출발,수도권HUB
3200001707,2026-07-22 16:30:00,배송완료,수도권HUB
1100001708,2026-07-29 10:37:00,집화처리,수도권HUB
1100001708,2026-07-29 14:37:00,간선상차,수도권HUB
1100001708,2026-07-30 00:37:00,간선하차,수도권HUB
1100001708,2026-07-30 16:37:00,배송출발,수도권HUB
1100001708,2026-07-31 09:37:00,배송완료,수도권HUB
1200001709,2026-07-27 22:19:00,집화처리,영남HUB
1200001709,2026-07-28 18:19:00,간선상차,영남HUB
1200001709,2026-07-29 11:19:00,간선하차,영남HUB
1200001709,2026-07-30 03:19:00,배송출발,영남HUB
1200001709,2026-07-30 12:19:00,배송완료,영남HUB
1200001710,2026-06-11 09:34:00,집화처리,수도권HUB
1200001710,2026-06-12 04:34:00,간선상차,수도권HUB
1200001710,2026-06-12 08:34:00,간선하차,수도권HUB
1200001710,2026-06-12 20:34:00,배송출발,수도권HUB
1200001710,2026-06-13 01:34:00,배송완료,수도권HUB
2100001711,2026-06-15 21:00:00,집화처리,중부HUB
2100001711,2026-06-16 06:00:00,간선상차,중부HUB
2100001711,2026-06-16 10:00:00,간선하차,중부HUB
2100001711,2026-06-17 04:00:00,배송출발,중부HUB
2100001711,2026-06-17 22:00:00,배송완료,중부HUB
2100001712,2026-06-29 03:26:00,집화처리,호남HUB
2100001712,2026-06-29 09:26:00,간선상차,호남HUB
2100001712,2026-06-29 12:26:00,간선하차,호남HUB
2100001712,2026-06-29 20:26:00,배송출발,호남HUB
2100001712,2026-06-30 03:26:00,배송완료,호남HUB
3200001713,2026-07-22 09:07:00,집화처리,영남HUB
3200001713,2026-07-23 05:07:00,간선상차,영남HUB
3200001713,2026-07-24 01:07:00,간선하차,영남HUB
3200001713,2026-07-24 04:07:00,배송출발,영남HUB
3200001713,2026-07-24 18:07:00,배송완료,영남HUB
2100001714,2026-05-02 13:49:00,집화처리,영남HUB
2100001714,2026-05-03 05:49:00,간선상차,영남HUB
2100001714,2026-05-03 11:49:00,간선하차,영남HUB
2100001714,2026-05-04 02:49:00,배송출발,영남HUB
2100001714,2026-05-04 08:49:00,배송완료,영남HUB
1100001715,2026-06-23 04:28:00,집화처리,수도권HUB
1100001715,2026-06-23 19:28:00,간선상차,수도권HUB
1100001715,2026-06-24 07:28:00,간선하차,수도권HUB
1100001715,2026-06-24 20:28:00,배송출발,수도권HUB
1100001715,2026-06-25 12:28:00,배송완료,수도권HUB
4100001716,2026-06-25 03:32:00,집화처리,호남HUB
4100001716,2026-06-25 11:32:00,간선상차,호남HUB
4100001716,2026-06-26 05:32:00,간선하차,호남HUB
4100001716,2026-06-26 20:32:00,배송출발,호남HUB
4100001716,2026-06-27 16:32:00,배송완료,호남HUB
4100001717,2026-07-13 20:37:00,집화처리,영남HUB
4100001717,2026-07-14 07:37:00,간선상차,영남HUB
4100001717,2026-07-15 01:37:00,간선하차,영남HUB
4100001717,2026-07-15 10:37:00,배송출발,영남HUB
4100001717,2026-07-15 14:37:00,배송완료,영남HUB
3100001718,2026-07-22 17:47:00,집화처리,영남HUB
3100001718,2026-07-23 02:47:00,간선상차,영남HUB
3100001718,2026-07-23 22:47:00,간선하차,영남HUB
3100001718,2026-07-24 07:47:00,배송출발,영남HUB
3100001718,2026-07-24 13:47:00,배송완료,영남HUB
2100001719,2026-07-20 19:41:00,집화처리,영남HUB
2100001719,2026-07-21 07:41:00,간선상차,영남HUB
2100001719,2026-07-21 15:41:00,간선하차,영남HUB
2100001719,2026-07-22 11:41:00,배송출발,영남HUB
2100001719,2026-07-23 07:41:00,배송완료,영남HUB
2100001720,2026-07-28 18:12:00,집화처리,영남HUB
2100001720,2026-07-29 14:12:00,간선상차,영남HUB
2100001720,2026-07-30 09:12:00,간선하차,영남HUB
2100001720,2026-07-30 17:12:00,배송출발,영남HUB
2100001720,2026-07-31 11:12:00,배송완료,영남HUB
1100001721,2026-06-16 07:47:00,집화처리,수도권HUB
1100001721,2026-06-16 22:47:00,간선상차,수도권HUB
1100001721,2026-06-17 16:47:00,간선하차,수도권HUB
1100001721,2026-06-18 03:47:00,배송출발,수도권HUB
1100001721,2026-06-18 21:47:00,배송완료,수도권HUB
2100001722,2026-06-17 13:36:00,집화처리,중부HUB
2100001722,2026-06-17 19:36:00,간선상차,중부HUB
2100001722,2026-06-18 11:36:00,간선하차,중부HUB
2100001722,2026-06-19 02:36:00,배송출발,중부HUB
2100001722,2026-06-19 21:36:00,배송완료,중부HUB
1200001723,2026-05-03 19:50:00,집화처리,호남HUB
1200001723,2026-05-04 03:50:00,간선상차,호남HUB
1200001723,2026-05-04 09:50:00,간선하차,호남HUB
1200001723,2026-05-04 12:50:00,배송출발,호남HUB
1200001723,2026-05-05 02:50:00,배송완료,호남HUB
4100001724,2026-06-22 23:32:00,집화처리,영남HUB
4100001724,2026-06-23 02:32:00,간선상차,영남HUB
4100001724,2026-06-23 07:32:00,간선하차,영남HUB
4100001724,2026-06-23 20:32:00,배송출발,영남HUB
4100001724,2026-06-24 13:32:00,배송완료,영남HUB
2100001725,2026-06-25 07:44:00,집화처리,수도권HUB
2100001725,2026-06-26 01:44:00,간선상차,수도권HUB
2100001725,2026-06-26 21:44:00,간선하차,수도권HUB
2100001725,2026-06-27 03:44:00,배송출발,수도권HUB
2100001725,2026-06-27 23:44:00,배송완료,수도권HUB
1200001726,2026-05-20 08:00:00,집화처리,영남HUB
1200001726,2026-05-20 17:00:00,간선상차,영남HUB
1200001726,2026-05-21 07:00:00,간선하차,영남HUB
1200001726,2026-05-21 23:00:00,배송출발,영남HUB
1200001726,2026-05-22 05:00:00,배송완료,영남HUB
1100001727,2026-05-13 01:18:00,집화처리,수도권HUB
1100001727,2026-05-13 06:18:00,간선상차,수도권HUB
1100001727,2026-05-13 10:18:00,간선하차,수도권HUB
1100001727,2026-05-14 03:18:00,배송출발,수도권HUB
1100001727,2026-05-14 15:18:00,배송완료,수도권HUB
1100001728,2026-06-16 01:27:00,집화처리,수도권HUB
1100001728,2026-06-16 07:27:00,간선상차,수도권HUB
1100001728,2026-06-16 23:27:00,간선하차,수도권HUB
1100001728,2026-06-17 05:27:00,배송출발,수도권HUB
1100001728,2026-06-17 15:27:00,배송완료,수도권HUB
1100001729,2026-05-26 02:54:00,집화처리,수도권HUB
1100001729,2026-05-26 19:54:00,간선상차,수도권HUB
1100001729,2026-05-27 15:54:00,간선하차,수도권HUB
1100001729,2026-05-28 10:54:00,배송출발,수도권HUB
1100001729,2026-05-28 17:54:00,배송완료,수도권HUB
2100001730,2026-07-20 23:56:00,집화처리,수도권HUB
2100001730,2026-07-21 06:56:00,간선상차,수도권HUB
2100001730,2026-07-21 17:56:00,간선하차,수도권HUB
2100001730,2026-07-22 11:56:00,배송출발,수도권HUB
2100001730,2026-07-23 01:56:00,배송완료,수도권HUB
1200001731,2026-06-02 05:30:00,집화처리,영남HUB
1200001731,2026-06-02 23:30:00,간선상차,영남HUB
1200001731,2026-06-03 04:30:00,간선하차,영남HUB
1200001731,2026-06-03 23:30:00,배송출발,영남HUB
1200001731,2026-06-04 10:30:00,배송완료,영남HUB
1100001732,2026-07-17 23:37:00,집화처리,중부HUB
1100001732,2026-07-18 17:37:00,간선상차,중부HUB
1100001732,2026-07-19 07:37:00,간선하차,중부HUB
1100001732,2026-07-20 03:37:00,배송출발,중부HUB
1100001732,2026-07-20 09:37:00,배송완료,중부HUB
1200001733,2026-07-22 01:19:00,집화처리,영남HUB
1200001733,2026-07-22 17:19:00,간선상차,영남HUB
1200001733,2026-07-22 22:19:00,간선하차,영남HUB
1200001733,2026-07-23 03:19:00,배송출발,영남HUB
1200001733,2026-07-23 08:19:00,배송완료,영남HUB
3100001734,2026-06-19 00:36:00,집화처리,중부HUB
3100001734,2026-06-19 06:36:00,간선상차,중부HUB
3100001734,2026-06-19 17:36:00,간선하차,중부HUB
3100001734,2026-06-20 07:36:00,배송출발,중부HUB
3100001734,2026-06-20 16:36:00,배송완료,중부HUB
1100001735,2026-06-03 22:46:00,집화처리,중부HUB
1100001735,2026-06-04 15:46:00,간선상차,중부HUB
1100001735,2026-06-04 23:46:00,간선하차,중부HUB
1100001735,2026-06-05 19:46:00,배송출발,중부HUB
1100001735,2026-06-06 13:46:00,배송완료,중부HUB
1200001736,2026-05-13 02:33:00,집화처리,영남HUB
1200001736,2026-05-13 16:33:00,간선상차,영남HUB
1200001736,2026-05-13 23:33:00,간선하차,영남HUB
1200001736,2026-05-14 09:33:00,배송출발,영남HUB
1200001736,2026-05-15 01:33:00,배송완료,영남HUB
1100001737,2026-07-29 23:42:00,집화처리,영남HUB
1100001737,2026-07-30 10:42:00,간선상차,영남HUB
1100001737,2026-07-30 14:42:00,간선하차,영남HUB
1100001737,2026-07-31 07:42:00,배송출발,영남HUB
1100001737,2026-07-31 19:42:00,배송완료,영남HUB
4100001738,2026-05-22 03:16:00,집화처리,수도권HUB
4100001738,2026-05-22 14:16:00,간선상차,수도권HUB
4100001738,2026-05-23 03:16:00,간선하차,수도권HUB
4100001738,2026-05-23 13:16:00,배송출발,수도권HUB
4100001738,2026-05-23 19:16:00,배송완료,수도권HUB
4100001739,2026-07-07 01:01:00,집화처리,중부HUB
4100001739,2026-07-07 11:01:00,간선상차,중부HUB
4100001739,2026-07-07 14:01:00,간선하차,중부HUB
4100001739,2026-07-08 08:01:00,배송출발,중부HUB
4100001739,2026-07-08 15:01:00,배송완료,중부HUB
2100001740,2026-06-22 03:01:00,집화처리,영남HUB
2100001740,2026-06-22 11:01:00,간선상차,영남HUB
2100001740,2026-06-23 02:01:00,간선하차,영남HUB
2100001740,2026-06-23 16:01:00,배송출발,영남HUB
2100001740,2026-06-23 22:01:00,배송완료,영남HUB
3100001741,2026-06-24 09:06:00,집화처리,중부HUB
3100001741,2026-06-24 12:06:00,간선상차,중부HUB
3100001741,2026-06-25 00:06:00,간선하차,중부HUB
3100001741,2026-06-25 13:06:00,배송출발,중부HUB
3100001741,2026-06-26 06:06:00,배송완료,중부HUB
4100001742,2026-05-02 09:31:00,집화처리,수도권HUB
4100001742,2026-05-02 12:31:00,간선상차,수도권HUB
4100001742,2026-05-03 04:31:00,간선하차,수도권HUB
4100001742,2026-05-03 23:31:00,배송출발,수도권HUB
4100001742,2026-05-04 14:31:00,배송완료,수도권HUB
1100001743,2026-08-05 17:08:00,집화처리,수도권HUB
1100001743,2026-08-05 23:08:00,간선상차,수도권HUB
4100001744,2026-05-08 10:10:00,집화처리,중부HUB
4100001744,2026-05-08 13:10:00,간선상차,중부HUB
4100001744,2026-05-09 09:10:00,간선하차,중부HUB
4100001744,2026-05-09 21:10:00,배송출발,중부HUB
4100001744,2026-05-10 13:10:00,배송완료,중부HUB
3100001745,2026-05-15 01:58:00,집화처리,호남HUB
3100001745,2026-05-15 08:58:00,간선상차,호남HUB
3100001745,2026-05-15 12:58:00,간선하차,호남HUB
3100001745,2026-05-15 22:58:00,배송출발,호남HUB
3100001745,2026-05-16 14:58:00,배송완료,호남HUB
3100001746,2026-05-13 05:32:00,집화처리,영남HUB
3100001746,2026-05-14 01:32:00,간선상차,영남HUB
3100001746,2026-05-14 19:32:00,간선하차,영남HUB
3100001746,2026-05-15 06:32:00,배송출발,영남HUB
3100001746,2026-05-15 20:32:00,배송완료,영남HUB
4100001747,2026-07-02 20:57:00,집화처리,수도권HUB
4100001747,2026-07-03 16:57:00,간선상차,수도권HUB
4100001747,2026-07-04 11:57:00,간선하차,수도권HUB
4100001747,2026-07-05 03:57:00,배송출발,수도권HUB
4100001747,2026-07-05 06:57:00,배송완료,수도권HUB
1200001748,2026-05-25 21:24:00,집화처리,영남HUB
1200001748,2026-05-26 01:24:00,간선상차,영남HUB
1200001748,2026-05-26 16:24:00,간선하차,영남HUB
1200001748,2026-05-27 06:24:00,배송출발,영남HUB
1200001748,2026-05-27 21:24:00,배송완료,영남HUB
4100001749,2026-06-29 22:51:00,집화처리,수도권HUB
4100001749,2026-06-30 12:51:00,간선상차,수도권HUB
4100001749,2026-07-01 04:51:00,간선하차,수도권HUB
4100001749,2026-07-01 13:51:00,배송출발,수도권HUB
4100001749,2026-07-02 00:51:00,배송완료,수도권HUB
2100001750,2026-07-10 07:07:00,집화처리,수도권HUB
2100001750,2026-07-11 01:07:00,간선상차,수도권HUB
2100001750,2026-07-11 21:07:00,간선하차,수도권HUB
2100001750,2026-07-12 16:07:00,배송출발,수도권HUB
2100001750,2026-07-13 02:07:00,배송완료,수도권HUB
2100001751,2026-05-22 02:01:00,집화처리,영남HUB
2100001751,2026-05-22 07:01:00,간선상차,영남HUB
2100001751,2026-05-22 12:01:00,간선하차,영남HUB
2100001751,2026-05-23 03:01:00,배송출발,영남HUB
2100001751,2026-05-23 15:01:00,배송완료,영남HUB
1100001752,2026-06-02 04:41:00,집화처리,수도권HUB
1100001752,2026-06-02 16:41:00,간선상차,수도권HUB
1100001752,2026-06-03 01:41:00,간선하차,수도권HUB
1100001752,2026-06-03 16:41:00,배송출발,수도권HUB
1100001752,2026-06-03 21:41:00,배송완료,수도권HUB
1200001753,2026-06-03 00:04:00,집화처리,제주HUB
1200001753,2026-06-03 06:04:00,간선상차,제주HUB
1200001753,2026-06-03 10:04:00,간선하차,제주HUB
1200001753,2026-06-04 01:04:00,배송출발,제주HUB
1200001753,2026-06-04 19:04:00,배송완료,제주HUB
4100001754,2026-05-10 05:47:00,집화처리,수도권HUB
4100001754,2026-05-10 21:47:00,간선상차,수도권HUB
4100001754,2026-05-11 02:47:00,간선하차,수도권HUB
4100001754,2026-05-11 09:47:00,배송출발,수도권HUB
4100001754,2026-05-11 19:47:00,배송완료,수도권HUB
1100001755,2026-05-30 23:14:00,집화처리,영남HUB
1100001755,2026-05-31 05:14:00,간선상차,영남HUB
1100001755,2026-05-31 14:14:00,간선하차,영남HUB
1100001755,2026-05-31 21:14:00,배송출발,영남HUB
1100001755,2026-06-01 07:14:00,배송완료,영남HUB
3100001756,2026-05-05 08:11:00,집화처리,수도권HUB
3100001756,2026-05-05 19:11:00,간선상차,수도권HUB
3100001756,2026-05-06 05:11:00,간선하차,수도권HUB
3100001756,2026-05-06 13:11:00,배송출발,수도권HUB
3100001756,2026-05-06 21:11:00,배송완료,수도권HUB
3100001757,2026-06-27 20:23:00,집화처리,영남HUB
3100001757,2026-06-28 03:23:00,간선상차,영남HUB
3100001757,2026-06-28 20:23:00,간선하차,영남HUB
3100001757,2026-06-29 08:23:00,배송출발,영남HUB
3100001757,2026-06-29 22:23:00,배송완료,영남HUB
3100001758,2026-06-09 20:23:00,집화처리,수도권HUB
3100001758,2026-06-10 02:23:00,간선상차,수도권HUB
3100001758,2026-06-10 14:23:00,간선하차,수도권HUB
3100001758,2026-06-10 23:23:00,배송출발,수도권HUB
3100001758,2026-06-11 04:23:00,배송완료,수도권HUB
4100001759,2026-08-06 01:47:00,집화처리,수도권HUB
4100001759,2026-08-06 12:47:00,간선상차,수도권HUB
4100001759,2026-08-06 17:47:00,간선하차,수도권HUB
4100001759,2026-08-07 05:47:00,배송출발,수도권HUB
4100001759,2026-08-07 21:47:00,배송완료,수도권HUB
1100001760,2026-06-02 01:51:00,집화처리,중부HUB
1100001760,2026-06-02 06:51:00,간선상차,중부HUB
1100001760,2026-06-02 18:51:00,간선하차,중부HUB
1100001760,2026-06-03 01:51:00,배송출발,중부HUB
1100001760,2026-06-03 08:51:00,배송완료,중부HUB
4100001761,2026-05-30 10:11:00,집화처리,수도권HUB
4100001761,2026-05-30 13:11:00,간선상차,수도권HUB
4100001761,2026-05-30 18:11:00,간선하차,수도권HUB
4100001761,2026-05-31 07:11:00,배송출발,수도권HUB
4100001761,2026-05-31 19:11:00,배송완료,수도권HUB
1200001762,2026-05-05 22:38:00,집화처리,중부HUB
1200001762,2026-05-06 06:38:00,간선상차,중부HUB
1200001762,2026-05-07 00:38:00,간선하차,중부HUB
1200001762,2026-05-07 18:38:00,배송출발,중부HUB
1200001762,2026-05-08 06:38:00,배송완료,중부HUB
1100001763,2026-07-09 21:42:00,집화처리,영남HUB
1100001763,2026-07-10 07:42:00,간선상차,영남HUB
1100001763,2026-07-10 21:42:00,간선하차,영남HUB
1100001763,2026-07-11 14:42:00,배송출발,영남HUB
1100001763,2026-07-11 19:42:00,배송완료,영남HUB
1100001764,2026-07-23 12:00:00,집화처리,중부HUB
1100001764,2026-07-23 22:00:00,간선상차,중부HUB
1100001764,2026-07-24 01:00:00,간선하차,중부HUB
1100001764,2026-07-24 09:00:00,배송출발,중부HUB
1100001764,2026-07-25 04:00:00,배송완료,중부HUB
3200001765,2026-07-22 08:08:00,집화처리,수도권HUB
3200001765,2026-07-22 14:08:00,간선상차,수도권HUB
3200001765,2026-07-23 05:08:00,간선하차,수도권HUB
3200001765,2026-07-23 12:08:00,배송출발,수도권HUB
3200001765,2026-07-24 05:08:00,배송완료,수도권HUB
3100001766,2026-07-08 10:09:00,집화처리,영남HUB
3100001766,2026-07-08 17:09:00,간선상차,영남HUB
3100001766,2026-07-09 07:09:00,간선하차,영남HUB
3100001766,2026-07-09 15:09:00,배송출발,영남HUB
3100001766,2026-07-10 05:09:00,배송완료,영남HUB
1100001767,2026-05-25 09:58:00,집화처리,중부HUB
1100001767,2026-05-25 19:58:00,간선상차,중부HUB
1100001767,2026-05-26 10:58:00,간선하차,중부HUB
1100001767,2026-05-27 06:58:00,배송출발,중부HUB
1100001767,2026-05-27 22:58:00,배송완료,중부HUB
1100001768,2026-07-18 07:50:00,집화처리,영남HUB
1100001768,2026-07-18 23:50:00,간선상차,영남HUB
1100001768,2026-07-19 14:50:00,간선하차,영남HUB
1100001768,2026-07-19 18:50:00,배송출발,영남HUB
1100001768,2026-07-20 00:50:00,배송완료,영남HUB
3200001769,2026-05-18 23:25:00,집화처리,영남HUB
3200001769,2026-05-19 17:25:00,간선상차,영남HUB
3200001769,2026-05-19 23:25:00,간선하차,영남HUB
3200001769,2026-05-20 09:25:00,배송출발,영남HUB
3200001769,2026-05-20 18:25:00,배송완료,영남HUB
3100001770,2026-07-21 02:54:00,집화처리,중부HUB
3100001770,2026-07-21 09:54:00,간선상차,중부HUB
3100001770,2026-07-22 03:54:00,간선하차,중부HUB
3100001770,2026-07-22 09:54:00,배송출발,중부HUB
3100001770,2026-07-23 05:54:00,배송완료,중부HUB
3100001771,2026-07-07 11:57:00,집화처리,수도권HUB
3100001771,2026-07-07 18:57:00,간선상차,수도권HUB
3100001771,2026-07-08 12:57:00,간선하차,수도권HUB
3100001771,2026-07-09 04:57:00,배송출발,수도권HUB
3100001771,2026-07-09 18:57:00,배송완료,수도권HUB
1100001772,2026-06-06 22:04:00,집화처리,영남HUB
1100001772,2026-06-07 08:04:00,간선상차,영남HUB
1100001772,2026-06-07 18:04:00,간선하차,영남HUB
1100001772,2026-06-07 23:04:00,배송출발,영남HUB
1100001772,2026-06-08 19:04:00,배송완료,영남HUB
1100001773,2026-06-29 19:29:00,집화처리,중부HUB
1100001773,2026-06-30 13:29:00,간선상차,중부HUB
1100001773,2026-07-01 09:29:00,간선하차,중부HUB
1100001773,2026-07-01 12:29:00,배송출발,중부HUB
1100001773,2026-07-02 00:29:00,배송완료,중부HUB
4100001774,2026-05-19 07:28:00,집화처리,수도권HUB
4100001774,2026-05-19 14:28:00,간선상차,수도권HUB
4100001774,2026-05-20 03:28:00,간선하차,수도권HUB
4100001774,2026-05-20 22:28:00,배송출발,수도권HUB
4100001774,2026-05-21 17:28:00,배송완료,수도권HUB
1100001775,2026-06-02 18:10:00,집화처리,영남HUB
1100001775,2026-06-03 00:10:00,간선상차,영남HUB
1100001775,2026-06-03 04:10:00,간선하차,영남HUB
1100001775,2026-06-03 22:10:00,배송출발,영남HUB
1100001775,2026-06-04 03:10:00,배송완료,영남HUB
1200001776,2026-05-23 07:24:00,집화처리,영남HUB
1200001776,2026-05-23 22:24:00,간선상차,영남HUB
1200001776,2026-05-24 08:24:00,간선하차,영남HUB
1200001776,2026-05-24 16:24:00,배송출발,영남HUB
1200001776,2026-05-25 08:24:00,배송완료,영남HUB
4100001777,2026-06-08 22:31:00,집화처리,수도권HUB
4100001777,2026-06-09 03:31:00,간선상차,수도권HUB
4100001777,2026-06-09 23:31:00,간선하차,수도권HUB
4100001777,2026-06-10 05:31:00,배송출발,수도권HUB
4100001777,2026-06-10 13:31:00,배송완료,수도권HUB
3100001778,2026-05-13 10:21:00,집화처리,수도권HUB
3100001778,2026-05-13 19:21:00,간선상차,수도권HUB
3100001778,2026-05-13 22:21:00,간선하차,수도권HUB
3100001778,2026-05-14 14:21:00,배송출발,수도권HUB
3100001778,2026-05-14 17:21:00,배송완료,수도권HUB
4100001779,2026-07-18 03:14:00,집화처리,영남HUB
4100001779,2026-07-18 06:14:00,간선상차,영남HUB
4100001779,2026-07-19 02:14:00,간선하차,영남HUB
4100001779,2026-07-19 16:14:00,배송출발,영남HUB
4100001779,2026-07-19 19:14:00,배송완료,영남HUB
1200001780,2026-06-02 00:21:00,집화처리,수도권HUB
1200001780,2026-06-02 03:21:00,간선상차,수도권HUB
1200001780,2026-06-02 12:21:00,간선하차,수도권HUB
1200001780,2026-06-02 16:21:00,배송출발,수도권HUB
1200001780,2026-06-03 12:21:00,배송완료,수도권HUB
2100001781,2026-05-15 19:40:00,집화처리,수도권HUB
2100001781,2026-05-15 23:40:00,간선상차,수도권HUB
2100001781,2026-05-16 17:40:00,간선하차,수도권HUB
2100001781,2026-05-17 03:40:00,배송출발,수도권HUB
2100001781,2026-05-17 23:40:00,배송완료,수도권HUB
1100001782,2026-06-22 08:54:00,집화처리,호남HUB
1100001782,2026-06-22 23:54:00,간선상차,호남HUB
1100001782,2026-06-23 08:54:00,간선하차,호남HUB
1100001782,2026-06-24 00:54:00,배송출발,호남HUB
1100001782,2026-06-24 03:54:00,배송완료,호남HUB
2100001783,2026-07-24 09:54:00,집화처리,중부HUB
2100001783,2026-07-24 16:54:00,간선상차,중부HUB
2100001783,2026-07-25 02:54:00,간선하차,중부HUB
2100001783,2026-07-25 19:54:00,배송출발,중부HUB
2100001783,2026-07-26 09:54:00,배송완료,중부HUB
1200001784,2026-05-19 08:24:00,집화처리,호남HUB
1200001784,2026-05-20 02:24:00,간선상차,호남HUB
1200001784,2026-05-20 10:24:00,간선하차,호남HUB
1200001784,2026-05-20 22:24:00,배송출발,호남HUB
1200001784,2026-05-21 12:24:00,배송완료,호남HUB
3200001785,2026-07-09 08:24:00,집화처리,수도권HUB
3200001785,2026-07-09 11:24:00,간선상차,수도권HUB
3200001785,2026-07-09 15:24:00,간선하차,수도권HUB
3200001785,2026-07-10 02:24:00,배송출발,수도권HUB
3200001785,2026-07-10 21:24:00,배송완료,수도권HUB
3100001786,2026-07-01 03:11:00,집화처리,중부HUB
3100001786,2026-07-01 22:11:00,간선상차,중부HUB
3100001786,2026-07-02 10:11:00,간선하차,중부HUB
3100001786,2026-07-02 21:11:00,배송출발,중부HUB
3100001786,2026-07-03 16:11:00,배송완료,중부HUB
1100001787,2026-07-07 06:42:00,집화처리,중부HUB
1100001787,2026-07-07 16:42:00,간선상차,중부HUB
1100001787,2026-07-07 19:42:00,간선하차,중부HUB
1100001787,2026-07-08 09:42:00,배송출발,중부HUB
1100001787,2026-07-08 16:42:00,배송완료,중부HUB
4100001788,2026-05-15 19:13:00,집화처리,영남HUB
4100001788,2026-05-16 07:13:00,간선상차,영남HUB
4100001788,2026-05-17 00:13:00,간선하차,영남HUB
4100001788,2026-05-17 12:13:00,배송출발,영남HUB
4100001788,2026-05-17 18:13:00,배송완료,영남HUB
3200001789,2026-07-14 23:48:00,집화처리,영남HUB
3200001789,2026-07-15 18:48:00,간선상차,영남HUB
3200001789,2026-07-16 02:48:00,간선하차,영남HUB
3200001789,2026-07-16 14:48:00,배송출발,영남HUB
3200001789,2026-07-17 09:48:00,배송완료,영남HUB
1200001790,2026-07-03 08:36:00,집화처리,중부HUB
1200001790,2026-07-03 18:36:00,간선상차,중부HUB
1200001790,2026-07-04 11:36:00,간선하차,중부HUB
1200001790,2026-07-05 06:36:00,배송출발,중부HUB
1200001790,2026-07-05 19:36:00,배송완료,중부HUB
1200001791,2026-07-01 09:10:00,집화처리,중부HUB
1200001791,2026-07-01 18:10:00,간선상차,중부HUB
1200001791,2026-07-01 21:10:00,간선하차,중부HUB
1200001791,2026-07-02 03:10:00,배송출발,중부HUB
1200001791,2026-07-02 09:10:00,배송완료,중부HUB
4100001792,2026-07-23 09:40:00,집화처리,영남HUB
4100001792,2026-07-23 13:40:00,간선상차,영남HUB
4100001792,2026-07-24 01:40:00,간선하차,영남HUB
4100001792,2026-07-24 08:40:00,배송출발,영남HUB
4100001792,2026-07-24 22:40:00,배송완료,영남HUB
1100001793,2026-06-05 21:34:00,집화처리,수도권HUB
1100001793,2026-06-06 07:34:00,간선상차,수도권HUB
1100001793,2026-06-06 20:34:00,간선하차,수도권HUB
1100001793,2026-06-07 07:34:00,배송출발,수도권HUB
1100001793,2026-06-07 14:34:00,배송완료,수도권HUB
1200001794,2026-05-07 10:21:00,집화처리,수도권HUB
1200001794,2026-05-07 20:21:00,간선상차,수도권HUB
1200001794,2026-05-08 01:21:00,간선하차,수도권HUB
1200001794,2026-05-08 07:21:00,배송출발,수도권HUB
1200001794,2026-05-08 11:21:00,배송완료,수도권HUB
3100001795,2026-06-16 01:16:00,집화처리,호남HUB
3100001795,2026-06-16 13:16:00,간선상차,호남HUB
3100001795,2026-06-17 00:16:00,간선하차,호남HUB
3100001795,2026-06-17 05:16:00,배송출발,호남HUB
3100001795,2026-06-17 23:16:00,배송완료,호남HUB
2100001796,2026-05-15 06:31:00,집화처리,영남HUB
2100001796,2026-05-15 18:31:00,간선상차,영남HUB
2100001796,2026-05-16 07:31:00,간선하차,영남HUB
2100001796,2026-05-17 01:31:00,배송출발,영남HUB
2100001796,2026-05-17 17:31:00,배송완료,영남HUB
3100001797,2026-08-04 06:22:00,집화처리,중부HUB
3100001797,2026-08-05 01:22:00,간선상차,중부HUB
3100001797,2026-08-05 11:22:00,간선하차,중부HUB
3100001797,2026-08-05 21:22:00,배송출발,중부HUB
3100001797,2026-08-06 03:22:00,배송완료,중부HUB
1100001798,2026-05-15 00:49:00,집화처리,수도권HUB
1100001798,2026-05-15 07:49:00,간선상차,수도권HUB
1100001798,2026-05-15 18:49:00,간선하차,수도권HUB
1100001798,2026-05-15 21:49:00,배송출발,수도권HUB
1100001798,2026-05-16 03:49:00,배송완료,수도권HUB
1200001799,2026-07-04 13:48:00,집화처리,수도권HUB
1200001799,2026-07-05 04:48:00,간선상차,수도권HUB
1200001799,2026-07-05 21:48:00,간선하차,수도권HUB
1200001799,2026-07-06 08:48:00,배송출발,수도권HUB
1200001799,2026-07-06 12:48:00,배송완료,수도권HUB
4100001800,2026-06-06 01:54:00,집화처리,수도권HUB
4100001800,2026-06-06 12:54:00,간선상차,수도권HUB
4100001800,2026-06-07 04:54:00,간선하차,수도권HUB
4100001800,2026-06-07 15:54:00,배송출발,수도권HUB
4100001800,2026-06-08 10:54:00,배송완료,수도권HUB
1200001801,2026-05-26 01:40:00,집화처리,호남HUB
1200001801,2026-05-26 12:40:00,간선상차,호남HUB
1200001801,2026-05-27 06:40:00,간선하차,호남HUB
1200001801,2026-05-27 09:40:00,배송출발,호남HUB
1200001801,2026-05-27 13:40:00,배송완료,호남HUB
4100001802,2026-06-30 06:35:00,집화처리,영남HUB
4100001802,2026-06-30 16:35:00,간선상차,영남HUB
4100001802,2026-07-01 03:35:00,간선하차,영남HUB
4100001802,2026-07-01 19:35:00,배송출발,영남HUB
4100001802,2026-07-02 09:35:00,배송완료,영남HUB
4100001803,2026-06-09 04:40:00,집화처리,수도권HUB
4100001803,2026-06-09 13:40:00,간선상차,수도권HUB
4100001803,2026-06-09 20:40:00,간선하차,수도권HUB
4100001803,2026-06-09 23:40:00,배송출발,수도권HUB
4100001803,2026-06-10 16:40:00,배송완료,수도권HUB
4100001804,2026-07-06 20:45:00,집화처리,수도권HUB
4100001804,2026-07-07 00:45:00,간선상차,수도권HUB
4100001804,2026-07-07 09:45:00,간선하차,수도권HUB
4100001804,2026-07-07 19:45:00,배송출발,수도권HUB
4100001804,2026-07-08 15:45:00,배송완료,수도권HUB
3100001805,2026-06-23 13:21:00,집화처리,수도권HUB
3100001805,2026-06-23 22:21:00,간선상차,수도권HUB
3100001805,2026-06-24 11:21:00,간선하차,수도권HUB
3100001805,2026-06-25 02:21:00,배송출발,수도권HUB
3100001805,2026-06-25 13:21:00,배송완료,수도권HUB
3200001806,2026-05-23 03:18:00,집화처리,중부HUB
3200001806,2026-05-23 16:18:00,간선상차,중부HUB
3200001806,2026-05-23 22:18:00,간선하차,중부HUB
3200001806,2026-05-24 05:18:00,배송출발,중부HUB
3200001806,2026-05-24 16:18:00,배송완료,중부HUB
2100001807,2026-05-06 03:44:00,집화처리,중부HUB
2100001807,2026-05-06 19:44:00,간선상차,중부HUB
2100001807,2026-05-07 08:44:00,간선하차,중부HUB
2100001807,2026-05-07 21:44:00,배송출발,중부HUB
2100001807,2026-05-08 12:44:00,배송완료,중부HUB
1200001808,2026-05-16 07:06:00,집화처리,수도권HUB
1200001808,2026-05-17 02:06:00,간선상차,수도권HUB
1200001808,2026-05-17 09:06:00,간선하차,수도권HUB
1200001808,2026-05-17 17:06:00,배송출발,수도권HUB
1200001808,2026-05-18 00:06:00,배송완료,수도권HUB
4100001809,2026-07-20 22:39:00,집화처리,수도권HUB
4100001809,2026-07-21 03:39:00,간선상차,수도권HUB
4100001809,2026-07-21 06:39:00,간선하차,수도권HUB
4100001809,2026-07-21 18:39:00,배송출발,수도권HUB
4100001809,2026-07-22 03:39:00,배송완료,수도권HUB
4100001810,2026-06-21 21:24:00,집화처리,중부HUB
4100001810,2026-06-22 02:24:00,간선상차,중부HUB
4100001810,2026-06-22 17:24:00,간선하차,중부HUB
4100001810,2026-06-23 07:24:00,배송출발,중부HUB
4100001810,2026-06-23 16:24:00,배송완료,중부HUB
3100001811,2026-05-02 10:08:00,집화처리,영남HUB
3100001811,2026-05-03 02:08:00,간선상차,영남HUB
3100001811,2026-05-03 16:08:00,간선하차,영남HUB
3100001811,2026-05-04 02:08:00,배송출발,영남HUB
3100001811,2026-05-04 20:08:00,배송완료,영남HUB
1100001812,2026-07-13 18:24:00,집화처리,수도권HUB
1100001812,2026-07-14 01:24:00,간선상차,수도권HUB
1100001812,2026-07-14 06:24:00,간선하차,수도권HUB
1100001812,2026-07-14 18:24:00,배송출발,수도권HUB
1100001812,2026-07-14 21:24:00,배송완료,수도권HUB
1100001813,2026-07-15 08:24:00,집화처리,제주HUB
1100001813,2026-07-15 23:24:00,간선상차,제주HUB
1100001813,2026-07-16 18:24:00,간선하차,제주HUB
1100001813,2026-07-16 21:24:00,배송출발,제주HUB
1100001813,2026-07-17 06:24:00,배송완료,제주HUB
2100001814,2026-05-19 02:40:00,집화처리,중부HUB
2100001814,2026-05-19 13:40:00,간선상차,중부HUB
2100001814,2026-05-20 00:40:00,간선하차,중부HUB
2100001814,2026-05-20 03:40:00,배송출발,중부HUB
2100001814,2026-05-20 16:40:00,배송완료,중부HUB
3100001815,2026-06-24 17:48:00,집화처리,중부HUB
3100001815,2026-06-25 04:48:00,간선상차,중부HUB
3100001815,2026-06-25 11:48:00,간선하차,중부HUB
3100001815,2026-06-25 20:48:00,배송출발,중부HUB
3100001815,2026-06-26 07:48:00,배송완료,중부HUB
2100001816,2026-05-25 17:04:00,집화처리,영남HUB
2100001816,2026-05-26 04:04:00,간선상차,영남HUB
2100001816,2026-05-26 12:04:00,간선하차,영남HUB
2100001816,2026-05-27 01:04:00,배송출발,영남HUB
2100001816,2026-05-27 19:04:00,배송완료,영남HUB
1200001817,2026-08-04 09:06:00,집화처리,호남HUB
1200001817,2026-08-04 18:06:00,간선상차,호남HUB
1200001817,2026-08-05 14:06:00,간선하차,호남HUB
1200001817,2026-08-05 22:06:00,배송출발,호남HUB
1200001817,2026-08-06 05:06:00,배송완료,호남HUB
1200001818,2026-05-24 21:45:00,집화처리,수도권HUB
1200001818,2026-05-25 15:45:00,간선상차,수도권HUB
1200001818,2026-05-26 10:45:00,간선하차,수도권HUB
1200001818,2026-05-26 21:45:00,배송출발,수도권HUB
1200001818,2026-05-27 10:45:00,배송완료,수도권HUB
1200001819,2026-06-24 05:24:00,집화처리,영남HUB
1200001819,2026-06-24 22:24:00,간선상차,영남HUB
1200001819,2026-06-25 06:24:00,간선하차,영남HUB
1200001819,2026-06-25 19:24:00,배송출발,영남HUB
1200001819,2026-06-26 03:24:00,배송완료,영남HUB
4100001820,2026-07-24 09:42:00,집화처리,영남HUB
4100001820,2026-07-24 17:42:00,간선상차,영남HUB
4100001820,2026-07-25 10:42:00,간선하차,영남HUB
4100001820,2026-07-25 17:42:00,배송출발,영남HUB
4100001820,2026-07-26 13:42:00,배송완료,영남HUB
2100001821,2026-06-06 11:37:00,집화처리,수도권HUB
2100001821,2026-06-06 22:37:00,간선상차,수도권HUB
2100001821,2026-06-07 05:37:00,간선하차,수도권HUB
2100001821,2026-06-08 00:37:00,배송출발,수도권HUB
2100001821,2026-06-08 17:37:00,배송완료,수도권HUB
1100001822,2026-07-29 19:52:00,집화처리,중부HUB
1100001822,2026-07-30 15:52:00,간선상차,중부HUB
1100001822,2026-07-31 10:52:00,간선하차,중부HUB
1100001822,2026-07-31 17:52:00,배송출발,중부HUB
1100001822,2026-07-31 22:52:00,배송완료,중부HUB
2100001823,2026-05-05 06:04:00,집화처리,영남HUB
2100001823,2026-05-05 14:04:00,간선상차,영남HUB
2100001823,2026-05-05 22:04:00,간선하차,영남HUB
2100001823,2026-05-06 10:04:00,배송출발,영남HUB
2100001823,2026-05-07 00:04:00,배송완료,영남HUB
1100001824,2026-08-02 22:35:00,집화처리,영남HUB
1100001824,2026-08-03 02:35:00,간선상차,영남HUB
1100001824,2026-08-03 07:35:00,간선하차,영남HUB
1100001824,2026-08-04 03:35:00,배송출발,영남HUB
1100001824,2026-08-04 07:35:00,배송완료,영남HUB
4100001825,2026-06-22 21:09:00,집화처리,호남HUB
4100001825,2026-06-23 06:09:00,간선상차,호남HUB
4100001825,2026-06-23 14:09:00,간선하차,호남HUB
4100001825,2026-06-24 02:09:00,배송출발,호남HUB
4100001825,2026-06-24 16:09:00,배송완료,호남HUB
1100001826,2026-08-04 03:06:00,집화처리,중부HUB
1100001826,2026-08-04 13:06:00,간선상차,중부HUB
1100001826,2026-08-04 17:06:00,간선하차,중부HUB
1100001826,2026-08-05 09:06:00,배송출발,중부HUB
1100001826,2026-08-05 17:06:00,배송완료,중부HUB
1100001827,2026-06-26 10:56:00,집화처리,영남HUB
1100001827,2026-06-27 05:56:00,간선상차,영남HUB
1100001827,2026-06-28 01:56:00,간선하차,영남HUB
1100001827,2026-06-28 06:56:00,배송출발,영남HUB
1100001827,2026-06-28 16:56:00,배송완료,영남HUB
1200001828,2026-07-22 16:53:00,집화처리,영남HUB
1200001828,2026-07-23 10:53:00,간선상차,영남HUB
1200001828,2026-07-23 22:53:00,간선하차,영남HUB
1200001828,2026-07-24 15:53:00,배송출발,영남HUB
1200001828,2026-07-24 19:53:00,배송완료,영남HUB
1100001829,2026-06-04 21:38:00,집화처리,영남HUB
1100001829,2026-06-05 05:38:00,간선상차,영남HUB
1100001829,2026-06-05 11:38:00,간선하차,영남HUB
1100001829,2026-06-05 21:38:00,배송출발,영남HUB
1100001829,2026-06-06 10:38:00,배송완료,영남HUB
1200001830,2026-05-20 20:13:00,집화처리,수도권HUB
1200001830,2026-05-21 09:13:00,간선상차,수도권HUB
1200001830,2026-05-21 18:13:00,간선하차,수도권HUB
1200001830,2026-05-22 00:13:00,배송출발,수도권HUB
1200001830,2026-05-22 13:13:00,배송완료,수도권HUB
1100001831,2026-07-07 05:32:00,집화처리,중부HUB
1100001831,2026-07-07 13:32:00,간선상차,중부HUB
1100001831,2026-07-07 20:32:00,간선하차,중부HUB
1100001831,2026-07-08 04:32:00,배송출발,중부HUB
1100001831,2026-07-08 10:32:00,배송완료,중부HUB
1100001832,2026-07-07 20:23:00,집화처리,영남HUB
1100001832,2026-07-08 16:23:00,간선상차,영남HUB
1100001832,2026-07-08 23:23:00,간선하차,영남HUB
1100001832,2026-07-09 14:23:00,배송출발,영남HUB
1100001832,2026-07-09 22:23:00,배송완료,영남HUB
2100001833,2026-05-25 16:27:00,집화처리,수도권HUB
2100001833,2026-05-26 10:27:00,간선상차,수도권HUB
2100001833,2026-05-27 01:27:00,간선하차,수도권HUB
2100001833,2026-05-27 14:27:00,배송출발,수도권HUB
2100001833,2026-05-27 21:27:00,배송완료,수도권HUB
2100001834,2026-07-21 04:09:00,집화처리,영남HUB
2100001834,2026-07-21 22:09:00,간선상차,영남HUB
2100001834,2026-07-22 04:09:00,간선하차,영남HUB
2100001834,2026-07-22 22:09:00,배송출발,영남HUB
2100001834,2026-07-23 03:09:00,배송완료,영남HUB
2100001835,2026-05-27 00:26:00,집화처리,호남HUB
2100001835,2026-05-27 03:26:00,간선상차,호남HUB
2100001835,2026-05-27 18:26:00,간선하차,호남HUB
2100001835,2026-05-28 03:26:00,배송출발,호남HUB
2100001835,2026-05-28 09:26:00,배송완료,호남HUB
2100001836,2026-05-14 22:02:00,집화처리,호남HUB
2100001836,2026-05-15 07:02:00,간선상차,호남HUB
2100001836,2026-05-16 03:02:00,간선하차,호남HUB
2100001836,2026-05-16 12:02:00,배송출발,호남HUB
2100001836,2026-05-17 08:02:00,배송완료,호남HUB
4100001837,2026-07-16 03:02:00,집화처리,수도권HUB
4100001837,2026-07-16 14:02:00,간선상차,수도권HUB
4100001837,2026-07-16 18:02:00,간선하차,수도권HUB
4100001837,2026-07-17 10:02:00,배송출발,수도권HUB
4100001837,2026-07-17 18:02:00,배송완료,수도권HUB
1100001838,2026-06-27 13:12:00,집화처리,영남HUB
1100001838,2026-06-27 17:12:00,간선상차,영남HUB
1100001838,2026-06-28 06:12:00,간선하차,영남HUB
1100001838,2026-06-29 00:12:00,배송출발,영남HUB
1100001838,2026-06-29 06:12:00,배송완료,영남HUB
1100001839,2026-07-02 08:49:00,집화처리,중부HUB
1100001839,2026-07-03 00:49:00,간선상차,중부HUB
1100001839,2026-07-03 07:49:00,간선하차,중부HUB
1100001839,2026-07-03 14:49:00,배송출발,중부HUB
1100001839,2026-07-04 08:49:00,배송완료,중부HUB
2100001840,2026-07-28 10:46:00,집화처리,중부HUB
2100001840,2026-07-28 19:46:00,간선상차,중부HUB
2100001840,2026-07-29 05:46:00,간선하차,중부HUB
2100001840,2026-07-29 20:46:00,배송출발,중부HUB
2100001840,2026-07-30 14:46:00,배송완료,중부HUB
2100001841,2026-07-07 19:20:00,집화처리,영남HUB
2100001841,2026-07-08 08:20:00,간선상차,영남HUB
2100001841,2026-07-08 20:20:00,간선하차,영남HUB
2100001841,2026-07-09 09:20:00,배송출발,영남HUB
2100001841,2026-07-09 13:20:00,배송완료,영남HUB
4100001842,2026-05-18 23:55:00,집화처리,영남HUB
4100001842,2026-05-19 14:55:00,간선상차,영남HUB
4100001842,2026-05-19 23:55:00,간선하차,영남HUB
4100001842,2026-05-20 07:55:00,배송출발,영남HUB
4100001842,2026-05-20 11:55:00,배송완료,영남HUB
1200001843,2026-06-09 04:38:00,집화처리,수도권HUB
1200001843,2026-06-09 19:38:00,간선상차,수도권HUB
1200001843,2026-06-09 23:38:00,간선하차,수도권HUB
1200001843,2026-06-10 10:38:00,배송출발,수도권HUB
1200001843,2026-06-10 15:38:00,배송완료,수도권HUB
1100001844,2026-06-15 10:34:00,집화처리,수도권HUB
1100001844,2026-06-15 21:34:00,간선상차,수도권HUB
1100001844,2026-06-16 11:34:00,간선하차,수도권HUB
1100001844,2026-06-17 01:34:00,배송출발,수도권HUB
1100001844,2026-06-17 05:34:00,배송완료,수도권HUB
4100001845,2026-05-25 23:15:00,집화처리,영남HUB
4100001845,2026-05-26 09:15:00,간선상차,영남HUB
4100001845,2026-05-26 12:15:00,간선하차,영남HUB
4100001845,2026-05-27 00:15:00,배송출발,영남HUB
4100001845,2026-05-27 16:15:00,배송완료,영남HUB
4100001846,2026-05-13 20:23:00,집화처리,수도권HUB
4100001846,2026-05-14 01:23:00,간선상차,수도권HUB
4100001846,2026-05-14 17:23:00,간선하차,수도권HUB
4100001846,2026-05-15 01:23:00,배송출발,수도권HUB
4100001846,2026-05-15 17:23:00,배송완료,수도권HUB
3100001847,2026-05-19 05:56:00,집화처리,영남HUB
3100001847,2026-05-19 15:56:00,간선상차,영남HUB
3100001847,2026-05-19 23:56:00,간선하차,영남HUB
3100001847,2026-05-20 05:56:00,배송출발,영남HUB
3100001847,2026-05-20 23:56:00,배송완료,영남HUB
1100001848,2026-05-05 00:06:00,집화처리,수도권HUB
1100001848,2026-05-05 03:06:00,간선상차,수도권HUB
1100001848,2026-05-05 13:06:00,간선하차,수도권HUB
1100001848,2026-05-05 21:06:00,배송출발,수도권HUB
1100001848,2026-05-06 00:06:00,배송완료,수도권HUB
2100001849,2026-05-19 03:07:00,집화처리,수도권HUB
2100001849,2026-05-19 21:07:00,간선상차,수도권HUB
2100001849,2026-05-20 03:07:00,간선하차,수도권HUB
2100001849,2026-05-20 23:07:00,배송출발,수도권HUB
2100001849,2026-05-21 09:07:00,배송완료,수도권HUB
4100001850,2026-05-11 20:40:00,집화처리,호남HUB
4100001850,2026-05-12 12:40:00,간선상차,호남HUB
4100001850,2026-05-12 17:40:00,간선하차,호남HUB
4100001850,2026-05-13 09:40:00,배송출발,호남HUB
4100001850,2026-05-13 13:40:00,배송완료,호남HUB
4100001851,2026-05-07 07:54:00,집화처리,중부HUB
4100001851,2026-05-07 20:54:00,간선상차,중부HUB
4100001851,2026-05-08 03:54:00,간선하차,중부HUB
4100001851,2026-05-08 14:54:00,배송출발,중부HUB
4100001851,2026-05-09 05:54:00,배송완료,중부HUB
3200001852,2026-07-02 16:03:00,집화처리,중부HUB
3200001852,2026-07-02 19:03:00,간선상차,중부HUB
3200001852,2026-07-03 14:03:00,간선하차,중부HUB
3200001852,2026-07-04 07:03:00,배송출발,중부HUB
3200001852,2026-07-04 23:03:00,배송완료,중부HUB
3100001853,2026-07-28 04:36:00,집화처리,중부HUB
3100001853,2026-07-29 00:36:00,간선상차,중부HUB
3100001853,2026-07-29 20:36:00,간선하차,중부HUB
3100001853,2026-07-30 10:36:00,배송출발,중부HUB
3100001853,2026-07-31 00:36:00,배송완료,중부HUB
3100001854,2026-07-06 19:40:00,집화처리,영남HUB
3100001854,2026-07-07 12:40:00,간선상차,영남HUB
3100001854,2026-07-08 07:40:00,간선하차,영남HUB
3100001854,2026-07-08 17:40:00,배송출발,영남HUB
3100001854,2026-07-09 02:40:00,배송완료,영남HUB
3100001855,2026-06-29 23:44:00,집화처리,중부HUB
3100001855,2026-06-30 14:44:00,간선상차,중부HUB
3100001855,2026-06-30 22:44:00,간선하차,중부HUB
3100001855,2026-07-01 05:44:00,배송출발,중부HUB
3100001855,2026-07-01 13:44:00,배송완료,중부HUB
1100001856,2026-07-03 03:53:00,집화처리,수도권HUB
1100001856,2026-07-03 16:53:00,간선상차,수도권HUB
1100001856,2026-07-04 01:53:00,간선하차,수도권HUB
1100001856,2026-07-04 11:53:00,배송출발,수도권HUB
1100001856,2026-07-05 02:53:00,배송완료,수도권HUB
1100001857,2026-07-15 00:06:00,집화처리,영남HUB
1100001857,2026-07-15 15:06:00,간선상차,영남HUB
1100001857,2026-07-15 22:06:00,간선하차,영남HUB
1100001857,2026-07-16 04:06:00,배송출발,영남HUB
1100001857,2026-07-16 19:06:00,배송완료,영남HUB
1200001858,2026-07-27 17:52:00,집화처리,수도권HUB
1200001858,2026-07-28 05:52:00,간선상차,수도권HUB
1200001858,2026-07-28 12:52:00,간선하차,수도권HUB
1200001858,2026-07-29 08:52:00,배송출발,수도권HUB
1200001858,2026-07-29 23:52:00,배송완료,수도권HUB
4100001859,2026-06-29 20:46:00,집화처리,중부HUB
4100001859,2026-06-30 00:46:00,간선상차,중부HUB
4100001859,2026-06-30 18:46:00,간선하차,중부HUB
4100001859,2026-07-01 01:46:00,배송출발,중부HUB
4100001859,2026-07-01 21:46:00,배송완료,중부HUB
1100001860,2026-07-31 08:53:00,집화처리,중부HUB
1100001860,2026-07-31 20:53:00,간선상차,중부HUB
1100001860,2026-08-01 13:53:00,간선하차,중부HUB
1100001860,2026-08-01 16:53:00,배송출발,중부HUB
1100001860,2026-08-02 03:53:00,배송완료,중부HUB
1100001861,2026-08-04 03:19:00,집화처리,수도권HUB
1100001861,2026-08-04 21:19:00,간선상차,수도권HUB
1100001861,2026-08-05 07:19:00,간선하차,수도권HUB
1100001861,2026-08-05 15:19:00,배송출발,수도권HUB
1100001862,2026-05-04 21:12:00,집화처리,영남HUB
1100001862,2026-05-05 16:12:00,간선상차,영남HUB
1100001862,2026-05-06 08:12:00,간선하차,영남HUB
1100001862,2026-05-06 21:12:00,배송출발,영남HUB
1100001862,2026-05-07 06:12:00,배송완료,영남HUB
1100001863,2026-07-08 02:12:00,집화처리,영남HUB
1100001863,2026-07-08 07:12:00,간선상차,영남HUB
1100001863,2026-07-08 21:12:00,간선하차,영남HUB
1100001863,2026-07-09 00:12:00,배송출발,영남HUB
1100001863,2026-07-09 10:12:00,배송완료,영남HUB
1200001864,2026-07-25 20:10:00,집화처리,수도권HUB
1200001864,2026-07-26 02:10:00,간선상차,수도권HUB
1200001864,2026-07-26 14:10:00,간선하차,수도권HUB
1200001864,2026-07-27 07:10:00,배송출발,수도권HUB
1200001864,2026-07-27 17:10:00,배송완료,수도권HUB
3100001865,2026-05-02 06:06:00,집화처리,영남HUB
3100001865,2026-05-02 09:06:00,간선상차,영남HUB
3100001865,2026-05-02 20:06:00,간선하차,영남HUB
3100001865,2026-05-03 13:06:00,배송출발,영남HUB
3100001865,2026-05-04 09:06:00,배송완료,영남HUB
1200001866,2026-07-01 02:32:00,집화처리,수도권HUB
1200001866,2026-07-01 15:32:00,간선상차,수도권HUB
1200001866,2026-07-01 19:32:00,간선하차,수도권HUB
1200001866,2026-07-02 05:32:00,배송출발,수도권HUB
1200001866,2026-07-02 22:32:00,배송완료,수도권HUB
3100001867,2026-08-05 08:38:00,집화처리,중부HUB
3100001867,2026-08-05 17:38:00,간선상차,중부HUB
3100001867,2026-08-06 06:38:00,간선하차,중부HUB
4100001868,2026-07-23 23:32:00,집화처리,영남HUB
4100001868,2026-07-24 09:32:00,간선상차,영남HUB
4100001868,2026-07-25 05:32:00,간선하차,영남HUB
4100001868,2026-07-25 12:32:00,배송출발,영남HUB
4100001868,2026-07-26 05:32:00,배송완료,영남HUB
1100001869,2026-05-03 02:15:00,집화처리,수도권HUB
1100001869,2026-05-03 09:15:00,간선상차,수도권HUB
1100001869,2026-05-03 16:15:00,간선하차,수도권HUB
1100001869,2026-05-04 12:15:00,배송출발,수도권HUB
1100001869,2026-05-04 20:15:00,배송완료,수도권HUB
4100001870,2026-07-31 02:45:00,집화처리,영남HUB
4100001870,2026-07-31 22:45:00,간선상차,영남HUB
4100001870,2026-08-01 04:45:00,간선하차,영남HUB
4100001870,2026-08-01 09:45:00,배송출발,영남HUB
4100001870,2026-08-01 21:45:00,배송완료,영남HUB
3100001871,2026-07-17 01:47:00,집화처리,영남HUB
3100001871,2026-07-17 10:47:00,간선상차,영남HUB
3100001871,2026-07-18 00:47:00,간선하차,영남HUB
3100001871,2026-07-18 10:47:00,배송출발,영남HUB
3100001871,2026-07-18 15:47:00,배송완료,영남HUB
4100001872,2026-05-13 03:10:00,집화처리,수도권HUB
4100001872,2026-05-13 12:10:00,간선상차,수도권HUB
4100001872,2026-05-14 07:10:00,간선하차,수도권HUB
4100001872,2026-05-15 03:10:00,배송출발,수도권HUB
4100001872,2026-05-15 22:10:00,배송완료,수도권HUB
4100001873,2026-07-15 05:17:00,집화처리,영남HUB
4100001873,2026-07-15 17:17:00,간선상차,영남HUB
4100001873,2026-07-16 08:17:00,간선하차,영남HUB
4100001873,2026-07-16 23:17:00,배송출발,영남HUB
4100001873,2026-07-17 18:17:00,배송완료,영남HUB
1100001874,2026-05-05 20:15:00,집화처리,영남HUB
1100001874,2026-05-06 03:15:00,간선상차,영남HUB
1100001874,2026-05-06 07:15:00,간선하차,영남HUB
1100001874,2026-05-06 19:15:00,배송출발,영남HUB
1100001874,2026-05-07 12:15:00,배송완료,영남HUB
3100001875,2026-07-20 20:30:00,집화처리,영남HUB
3100001875,2026-07-21 10:30:00,간선상차,영남HUB
3100001875,2026-07-22 04:30:00,간선하차,영남HUB
3100001875,2026-07-22 18:30:00,배송출발,영남HUB
3100001875,2026-07-22 22:30:00,배송완료,영남HUB
2100001876,2026-05-23 06:03:00,집화처리,중부HUB
2100001876,2026-05-23 16:03:00,간선상차,중부HUB
2100001876,2026-05-23 22:03:00,간선하차,중부HUB
2100001876,2026-05-24 13:03:00,배송출발,중부HUB
2100001876,2026-05-25 03:03:00,배송완료,중부HUB
2100001877,2026-07-13 01:40:00,집화처리,수도권HUB
2100001877,2026-07-13 13:40:00,간선상차,수도권HUB
2100001877,2026-07-13 18:40:00,간선하차,수도권HUB
2100001877,2026-07-14 02:40:00,배송출발,수도권HUB
2100001877,2026-07-14 12:40:00,배송완료,수도권HUB
1100001878,2026-05-30 01:23:00,집화처리,영남HUB
1100001878,2026-05-30 07:23:00,간선상차,영남HUB
1100001878,2026-05-30 22:23:00,간선하차,영남HUB
1100001878,2026-05-31 07:23:00,배송출발,영남HUB
1100001878,2026-05-31 12:23:00,배송완료,영남HUB
2100001879,2026-07-01 23:37:00,집화처리,수도권HUB
2100001879,2026-07-02 18:37:00,간선상차,수도권HUB
2100001879,2026-07-03 05:37:00,간선하차,수도권HUB
2100001879,2026-07-03 21:37:00,배송출발,수도권HUB
2100001879,2026-07-04 13:37:00,배송완료,수도권HUB
1100001880,2026-07-16 00:20:00,집화처리,호남HUB
1100001880,2026-07-16 12:20:00,간선상차,호남HUB
1100001880,2026-07-16 15:20:00,간선하차,호남HUB
1100001880,2026-07-17 00:20:00,배송출발,호남HUB
1100001880,2026-07-17 06:20:00,배송완료,호남HUB
4100001881,2026-06-23 03:27:00,집화처리,수도권HUB
4100001881,2026-06-23 14:27:00,간선상차,수도권HUB
4100001881,2026-06-24 02:27:00,간선하차,수도권HUB
4100001881,2026-06-24 17:27:00,배송출발,수도권HUB
4100001881,2026-06-25 11:27:00,배송완료,수도권HUB
3200001882,2026-07-07 08:57:00,집화처리,수도권HUB
3200001882,2026-07-08 01:57:00,간선상차,수도권HUB
3200001882,2026-07-08 05:57:00,간선하차,수도권HUB
3200001882,2026-07-08 21:57:00,배송출발,수도권HUB
3200001882,2026-07-09 15:57:00,배송완료,수도권HUB
2100001883,2026-07-03 02:12:00,집화처리,영남HUB
2100001883,2026-07-03 11:12:00,간선상차,영남HUB
2100001883,2026-07-04 05:12:00,간선하차,영남HUB
2100001883,2026-07-04 12:12:00,배송출발,영남HUB
2100001883,2026-07-04 18:12:00,배송완료,영남HUB
1100001884,2026-05-30 10:25:00,집화처리,영남HUB
1100001884,2026-05-30 16:25:00,간선상차,영남HUB
1100001884,2026-05-31 09:25:00,간선하차,영남HUB
1100001884,2026-05-31 18:25:00,배송출발,영남HUB
1100001884,2026-06-01 04:25:00,배송완료,영남HUB
4100001885,2026-05-14 18:50:00,집화처리,수도권HUB
4100001885,2026-05-15 08:50:00,간선상차,수도권HUB
4100001885,2026-05-15 16:50:00,간선하차,수도권HUB
4100001885,2026-05-15 20:50:00,배송출발,수도권HUB
4100001885,2026-05-16 05:50:00,배송완료,수도권HUB
3100001886,2026-06-20 11:55:00,집화처리,수도권HUB
3100001886,2026-06-20 18:55:00,간선상차,수도권HUB
3100001886,2026-06-20 22:55:00,간선하차,수도권HUB
3100001886,2026-06-21 11:55:00,배송출발,수도권HUB
3100001886,2026-06-22 03:55:00,배송완료,수도권HUB
2100001887,2026-06-29 20:31:00,집화처리,중부HUB
2100001887,2026-06-30 03:31:00,간선상차,중부HUB
2100001887,2026-06-30 07:31:00,간선하차,중부HUB
2100001887,2026-06-30 17:31:00,배송출발,중부HUB
2100001887,2026-07-01 12:31:00,배송완료,중부HUB
4100001888,2026-07-31 13:45:00,집화처리,영남HUB
4100001888,2026-07-31 16:45:00,간선상차,영남HUB
4100001888,2026-08-01 05:45:00,간선하차,영남HUB
4100001888,2026-08-01 18:45:00,배송출발,영남HUB
4100001888,2026-08-02 08:45:00,배송완료,영남HUB
1100001889,2026-07-13 20:41:00,집화처리,호남HUB
1100001889,2026-07-14 14:41:00,간선상차,호남HUB
1100001889,2026-07-14 22:41:00,간선하차,호남HUB
1100001889,2026-07-15 02:41:00,배송출발,호남HUB
1100001889,2026-07-15 17:41:00,배송완료,호남HUB
3100001890,2026-07-16 07:08:00,집화처리,수도권HUB
3100001890,2026-07-16 20:08:00,간선상차,수도권HUB
3100001890,2026-07-17 14:08:00,간선하차,수도권HUB
3100001890,2026-07-17 18:08:00,배송출발,수도권HUB
3100001890,2026-07-18 05:08:00,배송완료,수도권HUB
1100001891,2026-05-11 18:07:00,집화처리,영남HUB
1100001891,2026-05-12 12:07:00,간선상차,영남HUB
1100001891,2026-05-13 00:07:00,간선하차,영남HUB
1100001891,2026-05-13 08:07:00,배송출발,영남HUB
1100001891,2026-05-13 19:07:00,배송완료,영남HUB
4100001892,2026-06-08 21:42:00,집화처리,수도권HUB
4100001892,2026-06-09 17:42:00,간선상차,수도권HUB
4100001892,2026-06-10 05:42:00,간선하차,수도권HUB
4100001892,2026-06-10 13:42:00,배송출발,수도권HUB
4100001892,2026-06-10 20:42:00,배송완료,수도권HUB
1100001893,2026-08-01 10:14:00,집화처리,중부HUB
1100001893,2026-08-02 01:14:00,간선상차,중부HUB
1100001893,2026-08-02 08:14:00,간선하차,중부HUB
1100001893,2026-08-03 02:14:00,배송출발,중부HUB
1100001893,2026-08-03 08:14:00,배송완료,중부HUB
3100001894,2026-07-20 15:37:00,집화처리,영남HUB
3100001894,2026-07-21 02:37:00,간선상차,영남HUB
3100001894,2026-07-21 19:37:00,간선하차,영남HUB
3100001894,2026-07-22 07:37:00,배송출발,영남HUB
3100001894,2026-07-22 17:37:00,배송완료,영남HUB
1100001895,2026-07-22 00:22:00,집화처리,영남HUB
1100001895,2026-07-22 06:22:00,간선상차,영남HUB
1100001895,2026-07-22 14:22:00,간선하차,영남HUB
1100001895,2026-07-23 04:22:00,배송출발,영남HUB
1100001895,2026-07-23 18:22:00,배송완료,영남HUB
3200001896,2026-06-29 21:11:00,집화처리,수도권HUB
3200001896,2026-06-30 09:11:00,간선상차,수도권HUB
3200001896,2026-06-30 22:11:00,간선하차,수도권HUB
3200001896,2026-07-01 14:11:00,배송출발,수도권HUB
3200001896,2026-07-02 02:11:00,배송완료,수도권HUB
1200001897,2026-07-14 01:20:00,집화처리,영남HUB
1200001897,2026-07-14 13:20:00,간선상차,영남HUB
1200001897,2026-07-15 06:20:00,간선하차,영남HUB
1200001897,2026-07-15 09:20:00,배송출발,영남HUB
1200001897,2026-07-15 13:20:00,배송완료,영남HUB
1100001898,2026-07-21 00:53:00,집화처리,중부HUB
1100001898,2026-07-21 13:53:00,간선상차,중부HUB
1100001898,2026-07-22 03:53:00,간선하차,중부HUB
1100001898,2026-07-22 23:53:00,배송출발,중부HUB
1100001898,2026-07-23 02:53:00,배송완료,중부HUB
1100001899,2026-07-11 01:34:00,집화처리,중부HUB
1100001899,2026-07-11 11:34:00,간선상차,중부HUB
1100001899,2026-07-11 19:34:00,간선하차,중부HUB
1100001899,2026-07-12 13:34:00,배송출발,중부HUB
1100001899,2026-07-13 07:34:00,배송완료,중부HUB
4100001900,2026-07-03 09:26:00,집화처리,중부HUB
4100001900,2026-07-03 19:26:00,간선상차,중부HUB
4100001900,2026-07-04 15:26:00,간선하차,중부HUB
4100001900,2026-07-04 19:26:00,배송출발,중부HUB
4100001900,2026-07-05 12:26:00,배송완료,중부HUB
1100001901,2026-06-14 00:48:00,집화처리,중부HUB
1100001901,2026-06-14 16:48:00,간선상차,중부HUB
1100001901,2026-06-15 00:48:00,간선하차,중부HUB
1100001901,2026-06-15 05:48:00,배송출발,중부HUB
1100001901,2026-06-16 01:48:00,배송완료,중부HUB
3100001902,2026-07-07 00:14:00,집화처리,영남HUB
3100001902,2026-07-07 20:14:00,간선상차,영남HUB
3100001902,2026-07-08 16:14:00,간선하차,영남HUB
3100001902,2026-07-09 01:14:00,배송출발,영남HUB
3100001902,2026-07-09 18:14:00,배송완료,영남HUB
2100001903,2026-07-15 06:23:00,집화처리,영남HUB
2100001903,2026-07-15 13:23:00,간선상차,영남HUB
2100001903,2026-07-16 07:23:00,간선하차,영남HUB
2100001903,2026-07-16 11:23:00,배송출발,영남HUB
2100001903,2026-07-16 23:23:00,배송완료,영남HUB
1100001904,2026-05-25 18:00:00,집화처리,수도권HUB
1100001904,2026-05-26 08:00:00,간선상차,수도권HUB
1100001904,2026-05-26 17:00:00,간선하차,수도권HUB
1100001904,2026-05-27 00:00:00,배송출발,수도권HUB
1100001904,2026-05-27 10:00:00,배송완료,수도권HUB
4100001905,2026-06-08 23:26:00,집화처리,영남HUB
4100001905,2026-06-09 10:26:00,간선상차,영남HUB
4100001905,2026-06-09 20:26:00,간선하차,영남HUB
4100001905,2026-06-10 05:26:00,배송출발,영남HUB
4100001905,2026-06-10 13:26:00,배송완료,영남HUB
3100001906,2026-05-27 09:42:00,집화처리,영남HUB
3100001906,2026-05-28 02:42:00,간선상차,영남HUB
3100001906,2026-05-28 09:42:00,간선하차,영남HUB
3100001906,2026-05-28 15:42:00,배송출발,영남HUB
3100001906,2026-05-29 02:42:00,배송완료,영남HUB
4100001907,2026-07-03 02:32:00,집화처리,수도권HUB
4100001907,2026-07-03 20:32:00,간선상차,수도권HUB
4100001907,2026-07-04 06:32:00,간선하차,수도권HUB
4100001907,2026-07-04 21:32:00,배송출발,수도권HUB
4100001907,2026-07-05 10:32:00,배송완료,수도권HUB
1200001908,2026-05-06 10:48:00,집화처리,중부HUB
1200001908,2026-05-07 03:48:00,간선상차,중부HUB
1200001908,2026-05-07 14:48:00,간선하차,중부HUB
1200001908,2026-05-08 06:48:00,배송출발,중부HUB
1200001908,2026-05-09 00:48:00,배송완료,중부HUB
2100001909,2026-06-02 03:26:00,집화처리,중부HUB
2100001909,2026-06-02 21:26:00,간선상차,중부HUB
2100001909,2026-06-03 17:26:00,간선하차,중부HUB
2100001909,2026-06-04 01:26:00,배송출발,중부HUB
2100001909,2026-06-04 19:26:00,배송완료,중부HUB
1100001910,2026-07-24 21:09:00,집화처리,중부HUB
1100001910,2026-07-25 10:09:00,간선상차,중부HUB
1100001910,2026-07-25 14:09:00,간선하차,중부HUB
1100001910,2026-07-25 22:09:00,배송출발,중부HUB
1100001910,2026-07-26 16:09:00,배송완료,중부HUB
1100001911,2026-07-29 15:23:00,집화처리,영남HUB
1100001911,2026-07-30 01:23:00,간선상차,영남HUB
1100001911,2026-07-30 15:23:00,간선하차,영남HUB
1100001911,2026-07-31 07:23:00,배송출발,영남HUB
1100001911,2026-07-31 20:23:00,배송완료,영남HUB
4100001912,2026-08-04 04:55:00,집화처리,수도권HUB
4100001912,2026-08-04 10:55:00,간선상차,수도권HUB
4100001912,2026-08-05 02:55:00,간선하차,수도권HUB
4100001912,2026-08-05 12:55:00,배송출발,수도권HUB
4100001912,2026-08-05 17:55:00,배송완료,수도권HUB
1200001913,2026-07-23 07:59:00,집화처리,수도권HUB
1200001913,2026-07-24 03:59:00,간선상차,수도권HUB
1200001913,2026-07-24 16:59:00,간선하차,수도권HUB
1200001913,2026-07-24 20:59:00,배송출발,수도권HUB
1200001913,2026-07-25 05:59:00,배송완료,수도권HUB
1100001914,2026-06-16 18:06:00,집화처리,영남HUB
1100001914,2026-06-17 01:06:00,간선상차,영남HUB
1100001914,2026-06-17 16:06:00,간선하차,영남HUB
1100001914,2026-06-18 10:06:00,배송출발,영남HUB
1100001914,2026-06-18 19:06:00,배송완료,영남HUB
3100001915,2026-07-09 22:31:00,집화처리,영남HUB
3100001915,2026-07-10 18:31:00,간선상차,영남HUB
3100001915,2026-07-11 07:31:00,간선하차,영남HUB
3100001915,2026-07-11 22:31:00,배송출발,영남HUB
3100001915,2026-07-12 16:31:00,배송완료,영남HUB
3200001916,2026-06-16 08:28:00,집화처리,제주HUB
3200001916,2026-06-16 22:28:00,간선상차,제주HUB
3200001916,2026-06-17 18:28:00,간선하차,제주HUB
3200001916,2026-06-17 22:28:00,배송출발,제주HUB
3200001916,2026-06-18 06:28:00,배송완료,제주HUB
1100001917,2026-07-28 15:51:00,집화처리,수도권HUB
1100001917,2026-07-29 11:51:00,간선상차,수도권HUB
1100001917,2026-07-30 01:51:00,간선하차,수도권HUB
1100001917,2026-07-30 16:51:00,배송출발,수도권HUB
1100001917,2026-07-31 04:51:00,배송완료,수도권HUB
1100001918,2026-08-03 17:36:00,집화처리,수도권HUB
1100001918,2026-08-03 21:36:00,간선상차,수도권HUB
1100001918,2026-08-04 04:36:00,간선하차,수도권HUB
1100001918,2026-08-04 10:36:00,배송출발,수도권HUB
1100001918,2026-08-05 04:36:00,배송완료,수도권HUB
1100001919,2026-05-25 22:14:00,집화처리,수도권HUB
1100001919,2026-05-26 11:14:00,간선상차,수도권HUB
1100001919,2026-05-27 02:14:00,간선하차,수도권HUB
1100001919,2026-05-27 14:14:00,배송출발,수도권HUB
1100001919,2026-05-27 22:14:00,배송완료,수도권HUB
1100001920,2026-06-16 23:19:00,집화처리,영남HUB
1100001920,2026-06-17 11:19:00,간선상차,영남HUB
1100001920,2026-06-18 04:19:00,간선하차,영남HUB
1100001920,2026-06-18 23:19:00,배송출발,영남HUB
1100001920,2026-06-19 14:19:00,배송완료,영남HUB
4100001921,2026-05-05 05:04:00,집화처리,영남HUB
4100001921,2026-05-05 11:04:00,간선상차,영남HUB
4100001921,2026-05-05 21:04:00,간선하차,영남HUB
4100001921,2026-05-06 05:04:00,배송출발,영남HUB
4100001921,2026-05-06 11:04:00,배송완료,영남HUB
2100001922,2026-07-05 16:51:00,집화처리,중부HUB
2100001922,2026-07-06 04:51:00,간선상차,중부HUB
2100001922,2026-07-06 22:51:00,간선하차,중부HUB
2100001922,2026-07-07 05:51:00,배송출발,중부HUB
2100001922,2026-07-07 23:51:00,배송완료,중부HUB
1100001923,2026-06-10 20:51:00,집화처리,중부HUB
1100001923,2026-06-11 14:51:00,간선상차,중부HUB
1100001923,2026-06-12 06:51:00,간선하차,중부HUB
1100001923,2026-06-12 14:51:00,배송출발,중부HUB
1100001923,2026-06-13 01:51:00,배송완료,중부HUB
3100001924,2026-06-15 17:30:00,집화처리,영남HUB
3100001924,2026-06-16 00:30:00,간선상차,영남HUB
3100001924,2026-06-16 10:30:00,간선하차,영남HUB
3100001924,2026-06-16 21:30:00,배송출발,영남HUB
3100001924,2026-06-17 14:30:00,배송완료,영남HUB
1200001925,2026-07-07 21:35:00,집화처리,수도권HUB
1200001925,2026-07-08 15:35:00,간선상차,수도권HUB
1200001925,2026-07-09 07:35:00,간선하차,수도권HUB
1200001925,2026-07-10 03:35:00,배송출발,수도권HUB
1200001925,2026-07-10 18:35:00,배송완료,수도권HUB
1100001926,2026-06-25 22:15:00,집화처리,수도권HUB
1100001926,2026-06-26 02:15:00,간선상차,수도권HUB
1100001926,2026-06-26 20:15:00,간선하차,수도권HUB
1100001926,2026-06-27 04:15:00,배송출발,수도권HUB
1100001926,2026-06-27 23:15:00,배송완료,수도권HUB
1200001927,2026-05-26 05:54:00,집화처리,수도권HUB
1200001927,2026-05-26 17:54:00,간선상차,수도권HUB
1200001927,2026-05-27 05:54:00,간선하차,수도권HUB
1200001927,2026-05-27 10:54:00,배송출발,수도권HUB
1200001927,2026-05-27 13:54:00,배송완료,수도권HUB
3100001928,2026-06-08 01:08:00,집화처리,중부HUB
3100001928,2026-06-08 06:08:00,간선상차,중부HUB
3100001928,2026-06-09 01:08:00,간선하차,중부HUB
3100001928,2026-06-09 18:08:00,배송출발,중부HUB
3100001928,2026-06-09 21:08:00,배송완료,중부HUB
1100001929,2026-07-07 00:44:00,집화처리,호남HUB
1100001929,2026-07-07 10:44:00,간선상차,호남HUB
1100001929,2026-07-07 22:44:00,간선하차,호남HUB
1100001929,2026-07-08 14:44:00,배송출발,호남HUB
1100001929,2026-07-08 21:44:00,배송완료,호남HUB
4100001930,2026-05-04 20:53:00,집화처리,중부HUB
4100001930,2026-05-05 01:53:00,간선상차,중부HUB
4100001930,2026-05-05 11:53:00,간선하차,중부HUB
4100001930,2026-05-05 22:53:00,배송출발,중부HUB
4100001930,2026-05-06 16:53:00,배송완료,중부HUB
1200001931,2026-06-07 06:16:00,집화처리,수도권HUB
1200001931,2026-06-07 16:16:00,간선상차,수도권HUB
1200001931,2026-06-08 06:16:00,간선하차,수도권HUB
1200001931,2026-06-08 11:16:00,배송출발,수도권HUB
1200001931,2026-06-08 18:16:00,배송완료,수도권HUB
1200001932,2026-07-24 05:44:00,집화처리,수도권HUB
1200001932,2026-07-24 13:44:00,간선상차,수도권HUB
1200001932,2026-07-25 07:44:00,간선하차,수도권HUB
1200001932,2026-07-25 13:44:00,배송출발,수도권HUB
1200001932,2026-07-25 22:44:00,배송완료,수도권HUB
1100001933,2026-05-12 06:01:00,집화처리,수도권HUB
1100001933,2026-05-12 17:01:00,간선상차,수도권HUB
1100001933,2026-05-13 10:01:00,간선하차,수도권HUB
1100001933,2026-05-13 20:01:00,배송출발,수도권HUB
1100001933,2026-05-14 07:01:00,배송완료,수도권HUB
4100001934,2026-07-31 20:54:00,집화처리,영남HUB
4100001934,2026-08-01 08:54:00,간선상차,영남HUB
4100001934,2026-08-01 19:54:00,간선하차,영남HUB
4100001934,2026-08-02 14:54:00,배송출발,영남HUB
4100001934,2026-08-03 01:54:00,배송완료,영남HUB
1200001935,2026-05-05 21:54:00,집화처리,영남HUB
1200001935,2026-05-06 02:54:00,간선상차,영남HUB
1200001935,2026-05-06 11:54:00,간선하차,영남HUB
1200001935,2026-05-06 22:54:00,배송출발,영남HUB
1200001935,2026-05-07 05:54:00,배송완료,영남HUB
3200001936,2026-05-08 04:27:00,집화처리,수도권HUB
3200001936,2026-05-08 16:27:00,간선상차,수도권HUB
3200001936,2026-05-09 05:27:00,간선하차,수도권HUB
3200001936,2026-05-09 08:27:00,배송출발,수도권HUB
3200001936,2026-05-09 21:27:00,배송완료,수도권HUB
1200001937,2026-07-06 17:15:00,집화처리,수도권HUB
1200001937,2026-07-07 07:15:00,간선상차,수도권HUB
1200001937,2026-07-07 18:15:00,간선하차,수도권HUB
1200001937,2026-07-08 11:15:00,배송출발,수도권HUB
1200001937,2026-07-08 17:15:00,배송완료,수도권HUB
1100001938,2026-06-27 11:12:00,집화처리,영남HUB
1100001938,2026-06-27 18:12:00,간선상차,영남HUB
1100001938,2026-06-28 07:12:00,간선하차,영남HUB
1100001938,2026-06-28 12:12:00,배송출발,영남HUB
1100001938,2026-06-29 08:12:00,배송완료,영남HUB
1100001939,2026-05-11 03:33:00,집화처리,영남HUB
1100001939,2026-05-11 06:33:00,간선상차,영남HUB
1100001939,2026-05-11 14:33:00,간선하차,영남HUB
1100001939,2026-05-11 23:33:00,배송출발,영남HUB
1100001939,2026-05-12 09:33:00,배송완료,영남HUB
1100001940,2026-05-26 17:05:00,집화처리,중부HUB
1100001940,2026-05-27 07:05:00,간선상차,중부HUB
1100001940,2026-05-27 19:05:00,간선하차,중부HUB
1100001940,2026-05-28 12:05:00,배송출발,중부HUB
1100001940,2026-05-28 17:05:00,배송완료,중부HUB
1100001941,2026-06-01 13:14:00,집화처리,영남HUB
1100001941,2026-06-01 19:14:00,간선상차,영남HUB
1100001941,2026-06-01 22:14:00,간선하차,영남HUB
1100001941,2026-06-02 03:14:00,배송출발,영남HUB
1100001941,2026-06-02 16:14:00,배송완료,영남HUB
3100001942,2026-05-28 19:06:00,집화처리,중부HUB
3100001942,2026-05-29 01:06:00,간선상차,중부HUB
3100001942,2026-05-29 04:06:00,간선하차,중부HUB
3100001942,2026-05-29 16:06:00,배송출발,중부HUB
3100001942,2026-05-30 12:06:00,배송완료,중부HUB
1200001943,2026-07-31 05:34:00,집화처리,수도권HUB
1200001943,2026-08-01 00:34:00,간선상차,수도권HUB
1200001943,2026-08-01 15:34:00,간선하차,수도권HUB
1200001943,2026-08-02 07:34:00,배송출발,수도권HUB
1200001943,2026-08-03 00:34:00,배송완료,수도권HUB
2100001944,2026-06-30 13:44:00,집화처리,수도권HUB
2100001944,2026-06-30 19:44:00,간선상차,수도권HUB
2100001944,2026-07-01 15:44:00,간선하차,수도권HUB
2100001944,2026-07-02 01:44:00,배송출발,수도권HUB
2100001944,2026-07-02 04:44:00,배송완료,수도권HUB
1200001945,2026-06-14 01:21:00,집화처리,영남HUB
1200001945,2026-06-14 11:21:00,간선상차,영남HUB
1200001945,2026-06-15 05:21:00,간선하차,영남HUB
1200001945,2026-06-15 08:21:00,배송출발,영남HUB
1200001945,2026-06-15 11:21:00,배송완료,영남HUB
2100001946,2026-06-24 22:33:00,집화처리,영남HUB
2100001946,2026-06-25 08:33:00,간선상차,영남HUB
2100001946,2026-06-26 04:33:00,간선하차,영남HUB
2100001946,2026-06-26 15:33:00,배송출발,영남HUB
2100001946,2026-06-27 03:33:00,배송완료,영남HUB
4100001947,2026-07-28 09:15:00,집화처리,영남HUB
4100001947,2026-07-28 21:15:00,간선상차,영남HUB
4100001947,2026-07-29 11:15:00,간선하차,영남HUB
4100001947,2026-07-30 05:15:00,배송출발,영남HUB
4100001947,2026-07-30 16:15:00,배송완료,영남HUB
1100001948,2026-06-26 23:47:00,집화처리,호남HUB
1100001948,2026-06-27 11:47:00,간선상차,호남HUB
1100001948,2026-06-27 23:47:00,간선하차,호남HUB
1100001948,2026-06-28 19:47:00,배송출발,호남HUB
1100001948,2026-06-29 14:47:00,배송완료,호남HUB
4100001949,2026-07-16 19:56:00,집화처리,수도권HUB
4100001949,2026-07-16 23:56:00,간선상차,수도권HUB
4100001949,2026-07-17 12:56:00,간선하차,수도권HUB
4100001949,2026-07-17 16:56:00,배송출발,수도권HUB
4100001949,2026-07-18 01:56:00,배송완료,수도권HUB
3200001950,2026-07-09 22:43:00,집화처리,중부HUB
3200001950,2026-07-10 14:43:00,간선상차,중부HUB
3200001950,2026-07-11 02:43:00,간선하차,중부HUB
3200001950,2026-07-11 20:43:00,배송출발,중부HUB
3200001950,2026-07-12 01:43:00,배송완료,중부HUB
2100001951,2026-06-25 14:28:00,집화처리,영남HUB
2100001951,2026-06-26 02:28:00,간선상차,영남HUB
2100001951,2026-06-26 19:28:00,간선하차,영남HUB
2100001951,2026-06-27 11:28:00,배송출발,영남HUB
2100001951,2026-06-27 15:28:00,배송완료,영남HUB
1100001952,2026-05-12 06:58:00,집화처리,수도권HUB
1100001952,2026-05-12 22:58:00,간선상차,수도권HUB
1100001952,2026-05-13 05:58:00,간선하차,수도권HUB
1100001952,2026-05-13 13:58:00,배송출발,수도권HUB
1100001952,2026-05-14 07:58:00,배송완료,수도권HUB
3200001953,2026-07-20 18:24:00,집화처리,중부HUB
3200001953,2026-07-21 08:24:00,간선상차,중부HUB
3200001953,2026-07-22 04:24:00,간선하차,중부HUB
3200001953,2026-07-22 07:24:00,배송출발,중부HUB
3200001953,2026-07-22 21:24:00,배송완료,중부HUB
1100001954,2026-06-20 04:40:00,집화처리,영남HUB
1100001954,2026-06-20 23:40:00,간선상차,영남HUB
1100001954,2026-06-21 10:40:00,간선하차,영남HUB
1100001954,2026-06-21 15:40:00,배송출발,영남HUB
1100001954,2026-06-22 06:40:00,배송완료,영남HUB
1200001955,2026-05-04 18:28:00,집화처리,호남HUB
1200001955,2026-05-05 05:28:00,간선상차,호남HUB
1200001955,2026-05-05 23:28:00,간선하차,호남HUB
1200001955,2026-05-06 04:28:00,배송출발,호남HUB
1200001955,2026-05-06 18:28:00,배송완료,호남HUB
2100001956,2026-06-16 19:31:00,집화처리,수도권HUB
2100001956,2026-06-17 02:31:00,간선상차,수도권HUB
2100001956,2026-06-17 17:31:00,간선하차,수도권HUB
2100001956,2026-06-18 07:31:00,배송출발,수도권HUB
2100001956,2026-06-18 10:31:00,배송완료,수도권HUB
1100001957,2026-05-16 07:48:00,집화처리,수도권HUB
1100001957,2026-05-16 16:48:00,간선상차,수도권HUB
1100001957,2026-05-16 23:48:00,간선하차,수도권HUB
1100001957,2026-05-17 07:48:00,배송출발,수도권HUB
1100001957,2026-05-17 17:48:00,배송완료,수도권HUB
3200001958,2026-05-14 10:23:00,집화처리,호남HUB
3200001958,2026-05-14 13:23:00,간선상차,호남HUB
3200001958,2026-05-15 01:23:00,간선하차,호남HUB
3200001958,2026-05-15 19:23:00,배송출발,호남HUB
3200001958,2026-05-16 06:23:00,배송완료,호남HUB
1100001959,2026-06-24 22:41:00,집화처리,수도권HUB
1100001959,2026-06-25 09:41:00,간선상차,수도권HUB
1100001959,2026-06-26 01:41:00,간선하차,수도권HUB
1100001959,2026-06-26 12:41:00,배송출발,수도권HUB
1100001959,2026-06-27 02:41:00,배송완료,수도권HUB
1100001960,2026-06-23 11:29:00,집화처리,영남HUB
1100001960,2026-06-24 04:29:00,간선상차,영남HUB
1100001960,2026-06-24 08:29:00,간선하차,영남HUB
1100001960,2026-06-24 12:29:00,배송출발,영남HUB
1100001960,2026-06-25 08:29:00,배송완료,영남HUB
1100001961,2026-07-07 14:33:00,집화처리,제주HUB
1100001961,2026-07-08 01:33:00,간선상차,제주HUB
1100001961,2026-07-08 10:33:00,간선하차,제주HUB
1100001961,2026-07-08 14:33:00,배송출발,제주HUB
1100001961,2026-07-09 02:33:00,배송완료,제주HUB
3200001962,2026-06-23 08:11:00,집화처리,영남HUB
3200001962,2026-06-23 14:11:00,간선상차,영남HUB
3200001962,2026-06-24 03:11:00,간선하차,영남HUB
3200001962,2026-06-24 23:11:00,배송출발,영남HUB
3200001962,2026-06-25 15:11:00,배송완료,영남HUB
1100001963,2026-07-06 23:31:00,집화처리,영남HUB
1100001963,2026-07-07 14:31:00,간선상차,영남HUB
1100001963,2026-07-07 23:31:00,간선하차,영남HUB
1100001963,2026-07-08 03:31:00,배송출발,영남HUB
1100001963,2026-07-08 17:31:00,배송완료,영남HUB
3100001964,2026-06-09 05:06:00,집화처리,중부HUB
3100001964,2026-06-09 21:06:00,간선상차,중부HUB
3100001964,2026-06-10 14:06:00,간선하차,중부HUB
3100001964,2026-06-10 18:06:00,배송출발,중부HUB
3100001964,2026-06-11 05:06:00,배송완료,중부HUB
4100001965,2026-06-21 12:01:00,집화처리,영남HUB
4100001965,2026-06-21 22:01:00,간선상차,영남HUB
4100001965,2026-06-22 12:01:00,간선하차,영남HUB
4100001965,2026-06-22 20:01:00,배송출발,영남HUB
4100001965,2026-06-23 00:01:00,배송완료,영남HUB
2100001966,2026-05-14 02:38:00,집화처리,영남HUB
2100001966,2026-05-14 15:38:00,간선상차,영남HUB
2100001966,2026-05-14 21:38:00,간선하차,영남HUB
2100001966,2026-05-15 00:38:00,배송출발,영남HUB
2100001966,2026-05-15 09:38:00,배송완료,영남HUB
4100001967,2026-05-05 02:42:00,집화처리,수도권HUB
4100001967,2026-05-05 19:42:00,간선상차,수도권HUB
4100001967,2026-05-06 06:42:00,간선하차,수도권HUB
4100001967,2026-05-06 10:42:00,배송출발,수도권HUB
4100001967,2026-05-06 13:42:00,배송완료,수도권HUB
1100001968,2026-07-20 22:41:00,집화처리,중부HUB
1100001968,2026-07-21 10:41:00,간선상차,중부HUB
1100001968,2026-07-22 04:41:00,간선하차,중부HUB
1100001968,2026-07-22 15:41:00,배송출발,중부HUB
1100001968,2026-07-23 04:41:00,배송완료,중부HUB
2100001969,2026-06-18 21:58:00,집화처리,수도권HUB
2100001969,2026-06-19 12:58:00,간선상차,수도권HUB
2100001969,2026-06-19 18:58:00,간선하차,수도권HUB
2100001969,2026-06-19 22:58:00,배송출발,수도권HUB
2100001969,2026-06-20 01:58:00,배송완료,수도권HUB
4100001970,2026-05-25 20:55:00,집화처리,수도권HUB
4100001970,2026-05-25 23:55:00,간선상차,수도권HUB
4100001970,2026-05-26 16:55:00,간선하차,수도권HUB
4100001970,2026-05-26 19:55:00,배송출발,수도권HUB
4100001970,2026-05-27 10:55:00,배송완료,수도권HUB
3100001971,2026-05-19 00:42:00,집화처리,호남HUB
3100001971,2026-05-19 07:42:00,간선상차,호남HUB
3100001971,2026-05-19 21:42:00,간선하차,호남HUB
3100001971,2026-05-20 11:42:00,배송출발,호남HUB
3100001971,2026-05-21 06:42:00,배송완료,호남HUB
1200001972,2026-07-07 12:30:00,집화처리,영남HUB
1200001972,2026-07-08 00:30:00,간선상차,영남HUB
1200001972,2026-07-08 10:30:00,간선하차,영남HUB
1200001972,2026-07-09 00:30:00,배송출발,영남HUB
1200001972,2026-07-09 20:30:00,배송완료,영남HUB
1100001973,2026-07-14 07:38:00,집화처리,중부HUB
1100001973,2026-07-14 14:38:00,간선상차,중부HUB
1100001973,2026-07-14 22:38:00,간선하차,중부HUB
1100001973,2026-07-15 15:38:00,배송출발,중부HUB
1100001973,2026-07-16 11:38:00,배송완료,중부HUB
2100001974,2026-06-17 02:06:00,집화처리,영남HUB
2100001974,2026-06-17 09:06:00,간선상차,영남HUB
2100001974,2026-06-18 05:06:00,간선하차,영남HUB
2100001974,2026-06-18 11:06:00,배송출발,영남HUB
2100001974,2026-06-19 04:06:00,배송완료,영남HUB
1100001975,2026-06-02 22:15:00,집화처리,수도권HUB
1100001975,2026-06-03 08:15:00,간선상차,수도권HUB
1100001975,2026-06-04 01:15:00,간선하차,수도권HUB
1100001975,2026-06-04 13:15:00,배송출발,수도권HUB
1100001975,2026-06-05 06:15:00,배송완료,수도권HUB
2100001976,2026-05-16 08:06:00,집화처리,영남HUB
2100001976,2026-05-16 23:06:00,간선상차,영남HUB
2100001976,2026-05-17 12:06:00,간선하차,영남HUB
2100001976,2026-05-18 05:06:00,배송출발,영남HUB
2100001976,2026-05-18 11:06:00,배송완료,영남HUB
2100001977,2026-06-23 07:44:00,집화처리,수도권HUB
2100001977,2026-06-23 10:44:00,간선상차,수도권HUB
2100001977,2026-06-24 05:44:00,간선하차,수도권HUB
2100001977,2026-06-25 01:44:00,배송출발,수도권HUB
2100001977,2026-06-25 10:44:00,배송완료,수도권HUB
3100001978,2026-07-22 20:20:00,집화처리,호남HUB
3100001978,2026-07-23 04:20:00,간선상차,호남HUB
3100001978,2026-07-23 20:20:00,간선하차,호남HUB
3100001978,2026-07-24 16:20:00,배송출발,호남HUB
3100001978,2026-07-25 10:20:00,배송완료,호남HUB
3100001979,2026-05-05 10:15:00,집화처리,수도권HUB
3100001979,2026-05-05 17:15:00,간선상차,수도권HUB
3100001979,2026-05-06 07:15:00,간선하차,수도권HUB
3100001979,2026-05-06 17:15:00,배송출발,수도권HUB
3100001979,2026-05-07 11:15:00,배송완료,수도권HUB
1200001980,2026-05-27 14:45:00,집화처리,중부HUB
1200001980,2026-05-27 22:45:00,간선상차,중부HUB
1200001980,2026-05-28 04:45:00,간선하차,중부HUB
1200001980,2026-05-28 09:45:00,배송출발,중부HUB
1200001980,2026-05-29 03:45:00,배송완료,중부HUB
1100001981,2026-06-16 01:11:00,집화처리,영남HUB
1100001981,2026-06-16 10:11:00,간선상차,영남HUB
1100001981,2026-06-17 04:11:00,간선하차,영남HUB
1100001981,2026-06-17 12:11:00,배송출발,영남HUB
1100001981,2026-06-18 07:11:00,배송완료,영남HUB
4100001982,2026-05-14 23:10:00,집화처리,영남HUB
4100001982,2026-05-15 04:10:00,간선상차,영남HUB
4100001982,2026-05-15 18:10:00,간선하차,영남HUB
4100001982,2026-05-15 22:10:00,배송출발,영남HUB
4100001982,2026-05-16 03:10:00,배송완료,영남HUB
2100001983,2026-06-01 23:05:00,집화처리,수도권HUB
2100001983,2026-06-02 18:05:00,간선상차,수도권HUB
2100001983,2026-06-03 06:05:00,간선하차,수도권HUB
2100001983,2026-06-03 16:05:00,배송출발,수도권HUB
2100001983,2026-06-03 23:05:00,배송완료,수도권HUB
1100001984,2026-05-19 03:16:00,집화처리,중부HUB
1100001984,2026-05-19 20:16:00,간선상차,중부HUB
1100001984,2026-05-20 14:16:00,간선하차,중부HUB
1100001984,2026-05-21 01:16:00,배송출발,중부HUB
1100001984,2026-05-21 05:16:00,배송완료,중부HUB
1200001985,2026-07-22 09:42:00,집화처리,호남HUB
1200001985,2026-07-23 04:42:00,간선상차,호남HUB
1200001985,2026-07-23 22:42:00,간선하차,호남HUB
1200001985,2026-07-24 05:42:00,배송출발,호남HUB
1200001985,2026-07-24 14:42:00,배송완료,호남HUB
1100001986,2026-06-10 05:03:00,집화처리,영남HUB
1100001986,2026-06-10 18:03:00,간선상차,영남HUB
1100001986,2026-06-11 03:03:00,간선하차,영남HUB
1100001986,2026-06-11 07:03:00,배송출발,영남HUB
1100001986,2026-06-11 23:03:00,배송완료,영남HUB
3200001987,2026-07-18 01:40:00,집화처리,제주HUB
3200001987,2026-07-18 07:40:00,간선상차,제주HUB
3200001987,2026-07-18 14:40:00,간선하차,제주HUB
3200001987,2026-07-18 20:40:00,배송출발,제주HUB
3200001987,2026-07-19 11:40:00,배송완료,제주HUB
4100001988,2026-05-09 09:35:00,집화처리,중부HUB
4100001988,2026-05-09 17:35:00,간선상차,중부HUB
4100001988,2026-05-10 09:35:00,간선하차,중부HUB
4100001988,2026-05-11 01:35:00,배송출발,중부HUB
4100001988,2026-05-11 09:35:00,배송완료,중부HUB
2100001989,2026-06-22 14:34:00,집화처리,영남HUB
2100001989,2026-06-22 18:34:00,간선상차,영남HUB
2100001989,2026-06-23 10:34:00,간선하차,영남HUB
2100001989,2026-06-23 21:34:00,배송출발,영남HUB
2100001989,2026-06-24 08:34:00,배송완료,영남HUB
2100001990,2026-05-18 20:38:00,집화처리,수도권HUB
2100001990,2026-05-19 12:38:00,간선상차,수도권HUB
2100001990,2026-05-19 20:38:00,간선하차,수도권HUB
2100001990,2026-05-20 15:38:00,배송출발,수도권HUB
2100001990,2026-05-21 09:38:00,배송완료,수도권HUB
2100001991,2026-07-21 23:51:00,집화처리,영남HUB
2100001991,2026-07-22 08:51:00,간선상차,영남HUB
2100001991,2026-07-22 14:51:00,간선하차,영남HUB
2100001991,2026-07-22 21:51:00,배송출발,영남HUB
2100001991,2026-07-23 12:51:00,배송완료,영남HUB
1100001992,2026-05-15 08:19:00,집화처리,영남HUB
1100001992,2026-05-16 01:19:00,간선상차,영남HUB
1100001992,2026-05-16 20:19:00,간선하차,영남HUB
1100001992,2026-05-17 13:19:00,배송출발,영남HUB
1100001992,2026-05-18 05:19:00,배송완료,영남HUB
3200001993,2026-05-15 22:58:00,집화처리,수도권HUB
3200001993,2026-05-16 09:58:00,간선상차,수도권HUB
3200001993,2026-05-17 02:58:00,간선하차,수도권HUB
3200001993,2026-05-17 09:58:00,배송출발,수도권HUB
3200001993,2026-05-17 15:58:00,배송완료,수도권HUB
2100001994,2026-07-10 21:37:00,집화처리,영남HUB
2100001994,2026-07-11 14:37:00,간선상차,영남HUB
2100001994,2026-07-12 00:37:00,간선하차,영남HUB
2100001994,2026-07-12 17:37:00,배송출발,영남HUB
2100001994,2026-07-13 01:37:00,배송완료,영남HUB
1200001995,2026-06-06 11:08:00,집화처리,수도권HUB
1200001995,2026-06-07 04:08:00,간선상차,수도권HUB
1200001995,2026-06-07 09:08:00,간선하차,수도권HUB
1200001995,2026-06-08 03:08:00,배송출발,수도권HUB
1200001995,2026-06-08 18:08:00,배송완료,수도권HUB
4100001996,2026-07-14 03:00:00,집화처리,영남HUB
4100001996,2026-07-14 08:00:00,간선상차,영남HUB
4100001996,2026-07-14 14:00:00,간선하차,영남HUB
4100001996,2026-07-15 05:00:00,배송출발,영남HUB
4100001996,2026-07-15 09:00:00,배송완료,영남HUB
1100001997,2026-07-05 23:33:00,집화처리,영남HUB
1100001997,2026-07-06 17:33:00,간선상차,영남HUB
1100001997,2026-07-07 09:33:00,간선하차,영남HUB
1100001997,2026-07-08 00:33:00,배송출발,영남HUB
1100001997,2026-07-08 16:33:00,배송완료,영남HUB
3100001998,2026-06-30 13:45:00,집화처리,영남HUB
3100001998,2026-07-01 09:45:00,간선상차,영남HUB
3100001998,2026-07-01 17:45:00,간선하차,영남HUB
3100001998,2026-07-02 09:45:00,배송출발,영남HUB
3100001998,2026-07-02 19:45:00,배송완료,영남HUB
4100001999,2026-05-02 01:46:00,집화처리,수도권HUB
4100001999,2026-05-02 18:46:00,간선상차,수도권HUB
4100001999,2026-05-03 03:46:00,간선하차,수도권HUB
4100001999,2026-05-03 07:46:00,배송출발,수도권HUB
4100001999,2026-05-03 11:46:00,배송완료,수도권HUB
1200002000,2026-06-25 01:55:00,집화처리,수도권HUB
1200002000,2026-06-25 10:55:00,간선상차,수도권HUB
1200002000,2026-06-25 19:55:00,간선하차,수도권HUB
1200002000,2026-06-26 01:55:00,배송출발,수도권HUB
1200002000,2026-06-26 12:55:00,배송완료,수도권HUB
3100002001,2026-06-04 23:20:00,집화처리,영남HUB
3100002001,2026-06-05 13:20:00,간선상차,영남HUB
3100002001,2026-06-05 20:20:00,간선하차,영남HUB
3100002001,2026-06-06 00:20:00,배송출발,영남HUB
3100002001,2026-06-06 19:20:00,배송완료,영남HUB
3100002002,2026-07-07 19:20:00,집화처리,수도권HUB
3100002002,2026-07-08 08:20:00,간선상차,수도권HUB
3100002002,2026-07-08 22:20:00,간선하차,수도권HUB
3100002002,2026-07-09 03:20:00,배송출발,수도권HUB
3100002002,2026-07-09 10:20:00,배송완료,수도권HUB
2100002003,2026-05-13 03:42:00,집화처리,중부HUB
2100002003,2026-05-13 06:42:00,간선상차,중부HUB
2100002003,2026-05-14 02:42:00,간선하차,중부HUB
2100002003,2026-05-14 21:42:00,배송출발,중부HUB
2100002003,2026-05-15 05:42:00,배송완료,중부HUB
1100002004,2026-05-14 15:07:00,집화처리,영남HUB
1100002004,2026-05-15 04:07:00,간선상차,영남HUB
1100002004,2026-05-15 08:07:00,간선하차,영남HUB
1100002004,2026-05-15 18:07:00,배송출발,영남HUB
1100002004,2026-05-16 04:07:00,배송완료,영남HUB
1100002005,2026-06-01 21:52:00,집화처리,영남HUB
1100002005,2026-06-02 16:52:00,간선상차,영남HUB
1100002005,2026-06-02 21:52:00,간선하차,영남HUB
1100002005,2026-06-03 16:52:00,배송출발,영남HUB
1100002005,2026-06-04 02:52:00,배송완료,영남HUB
4100002006,2026-05-08 21:39:00,집화처리,영남HUB
4100002006,2026-05-09 01:39:00,간선상차,영남HUB
4100002006,2026-05-09 21:39:00,간선하차,영남HUB
4100002006,2026-05-10 08:39:00,배송출발,영남HUB
4100002006,2026-05-10 17:39:00,배송완료,영남HUB
3100002007,2026-07-07 07:22:00,집화처리,중부HUB
3100002007,2026-07-07 10:22:00,간선상차,중부HUB
3100002007,2026-07-07 17:22:00,간선하차,중부HUB
3100002007,2026-07-08 01:22:00,배송출발,중부HUB
3100002007,2026-07-08 06:22:00,배송완료,중부HUB
3100002008,2026-05-18 21:50:00,집화처리,제주HUB
3100002008,2026-05-19 11:50:00,간선상차,제주HUB
3100002008,2026-05-20 00:50:00,간선하차,제주HUB
3100002008,2026-05-20 03:50:00,배송출발,제주HUB
3100002008,2026-05-20 13:50:00,배송완료,제주HUB
3100002009,2026-07-20 22:00:00,집화처리,수도권HUB
3100002009,2026-07-21 15:00:00,간선상차,수도권HUB
3100002009,2026-07-22 06:00:00,간선하차,수도권HUB
3100002009,2026-07-22 20:00:00,배송출발,수도권HUB
3100002009,2026-07-23 03:00:00,배송완료,수도권HUB
2100002010,2026-07-31 12:27:00,집화처리,중부HUB
2100002010,2026-08-01 03:27:00,간선상차,중부HUB
2100002010,2026-08-01 08:27:00,간선하차,중부HUB
2100002010,2026-08-01 22:27:00,배송출발,중부HUB
2100002010,2026-08-02 03:27:00,배송완료,중부HUB
4100002011,2026-07-11 01:53:00,집화처리,수도권HUB
4100002011,2026-07-11 05:53:00,간선상차,수도권HUB
4100002011,2026-07-12 01:53:00,간선하차,수도권HUB
4100002011,2026-07-12 15:53:00,배송출발,수도권HUB
4100002011,2026-07-12 22:53:00,배송완료,수도권HUB
3200002012,2026-06-22 13:23:00,집화처리,영남HUB
3200002012,2026-06-22 17:23:00,간선상차,영남HUB
3200002012,2026-06-23 13:23:00,간선하차,영남HUB
3200002012,2026-06-24 00:23:00,배송출발,영남HUB
3200002012,2026-06-24 18:23:00,배송완료,영남HUB
1100002013,2026-05-09 11:52:00,집화처리,중부HUB
1100002013,2026-05-10 03:52:00,간선상차,중부HUB
1100002013,2026-05-10 19:52:00,간선하차,중부HUB
1100002013,2026-05-11 04:52:00,배송출발,중부HUB
1100002013,2026-05-11 16:52:00,배송완료,중부HUB
4100002014,2026-07-07 02:02:00,집화처리,영남HUB
4100002014,2026-07-07 08:02:00,간선상차,영남HUB
4100002014,2026-07-07 16:02:00,간선하차,영남HUB
4100002014,2026-07-07 22:02:00,배송출발,영남HUB
4100002014,2026-07-08 16:02:00,배송완료,영남HUB
1100002015,2026-05-19 09:52:00,집화처리,수도권HUB
1100002015,2026-05-19 21:52:00,간선상차,수도권HUB
1100002015,2026-05-20 05:52:00,간선하차,수도권HUB
1100002015,2026-05-20 21:52:00,배송출발,수도권HUB
1100002015,2026-05-21 03:52:00,배송완료,수도권HUB
1100002016,2026-07-22 21:02:00,집화처리,수도권HUB
1100002016,2026-07-23 16:02:00,간선상차,수도권HUB
1100002016,2026-07-24 10:02:00,간선하차,수도권HUB
1100002016,2026-07-24 18:02:00,배송출발,수도권HUB
1100002016,2026-07-25 04:02:00,배송완료,수도권HUB
2100002017,2026-07-18 06:50:00,집화처리,수도권HUB
2100002017,2026-07-18 09:50:00,간선상차,수도권HUB
2100002017,2026-07-18 15:50:00,간선하차,수도권HUB
2100002017,2026-07-18 22:50:00,배송출발,수도권HUB
2100002017,2026-07-19 13:50:00,배송완료,수도권HUB
3100002018,2026-06-22 22:19:00,집화처리,영남HUB
3100002018,2026-06-23 18:19:00,간선상차,영남HUB
3100002018,2026-06-24 03:19:00,간선하차,영남HUB
3100002018,2026-06-24 06:19:00,배송출발,영남HUB
3100002018,2026-06-24 10:19:00,배송완료,영남HUB
1100002019,2026-05-26 05:25:00,집화처리,영남HUB
1100002019,2026-05-26 17:25:00,간선상차,영남HUB
1100002019,2026-05-26 20:25:00,간선하차,영남HUB
1100002019,2026-05-27 09:25:00,배송출발,영남HUB
1100002019,2026-05-27 12:25:00,배송완료,영남HUB
4100002020,2026-08-03 21:17:00,집화처리,수도권HUB
4100002020,2026-08-04 05:17:00,간선상차,수도권HUB
4100002020,2026-08-04 14:17:00,간선하차,수도권HUB
4100002020,2026-08-05 04:17:00,배송출발,수도권HUB
4100002020,2026-08-06 00:17:00,배송완료,수도권HUB
3100002021,2026-08-04 02:11:00,집화처리,수도권HUB
3100002021,2026-08-04 13:11:00,간선상차,수도권HUB
3100002021,2026-08-04 22:11:00,간선하차,수도권HUB
3100002021,2026-08-05 09:11:00,배송출발,수도권HUB
3100002021,2026-08-05 18:11:00,배송완료,수도권HUB
3200002022,2026-05-26 06:17:00,집화처리,수도권HUB
3200002022,2026-05-26 15:17:00,간선상차,수도권HUB
3200002022,2026-05-27 08:17:00,간선하차,수도권HUB
3200002022,2026-05-27 12:17:00,배송출발,수도권HUB
3200002022,2026-05-27 15:17:00,배송완료,수도권HUB
3200002023,2026-05-19 06:55:00,집화처리,수도권HUB
3200002023,2026-05-19 19:55:00,간선상차,수도권HUB
3200002023,2026-05-20 14:55:00,간선하차,수도권HUB
3200002023,2026-05-21 05:55:00,배송출발,수도권HUB
3200002023,2026-05-21 17:55:00,배송완료,수도권HUB
3100002024,2026-06-18 05:43:00,집화처리,수도권HUB
3100002024,2026-06-18 21:43:00,간선상차,수도권HUB
3100002024,2026-06-19 08:43:00,간선하차,수도권HUB
3100002024,2026-06-20 00:43:00,배송출발,수도권HUB
3100002024,2026-06-20 06:43:00,배송완료,수도권HUB
1100002025,2026-06-12 02:55:00,집화처리,중부HUB
1100002025,2026-06-12 08:55:00,간선상차,중부HUB
1100002025,2026-06-12 12:55:00,간선하차,중부HUB
1100002025,2026-06-13 03:55:00,배송출발,중부HUB
1100002025,2026-06-13 16:55:00,배송완료,중부HUB
1100002026,2026-06-07 00:21:00,집화처리,영남HUB
1100002026,2026-06-07 15:21:00,간선상차,영남HUB
1100002026,2026-06-08 09:21:00,간선하차,영남HUB
1100002026,2026-06-08 12:21:00,배송출발,영남HUB
1100002026,2026-06-09 08:21:00,배송완료,영남HUB
3200002027,2026-08-06 12:50:00,집화처리,영남HUB
3200002027,2026-08-07 01:50:00,간선상차,영남HUB
3200002027,2026-08-07 13:50:00,간선하차,영남HUB
3200002027,2026-08-08 04:50:00,배송출발,영남HUB
1100002028,2026-05-10 22:27:00,집화처리,수도권HUB
1100002028,2026-05-11 04:27:00,간선상차,수도권HUB
1100002028,2026-05-11 17:27:00,간선하차,수도권HUB
1100002028,2026-05-11 20:27:00,배송출발,수도권HUB
1100002028,2026-05-12 10:27:00,배송완료,수도권HUB
3200002029,2026-07-13 02:04:00,집화처리,중부HUB
3200002029,2026-07-13 20:04:00,간선상차,중부HUB
3200002029,2026-07-14 12:04:00,간선하차,중부HUB
3200002029,2026-07-15 00:04:00,배송출발,중부HUB
3200002029,2026-07-15 15:04:00,배송완료,중부HUB
1100002030,2026-05-12 04:41:00,집화처리,수도권HUB
1100002030,2026-05-12 23:41:00,간선상차,수도권HUB
1100002030,2026-05-13 07:41:00,간선하차,수도권HUB
1100002030,2026-05-13 21:41:00,배송출발,수도권HUB
1100002030,2026-05-14 08:41:00,배송완료,수도권HUB
1100002031,2026-06-06 05:53:00,집화처리,호남HUB
1100002031,2026-06-06 13:53:00,간선상차,호남HUB
1100002031,2026-06-06 23:53:00,간선하차,호남HUB
1100002031,2026-06-07 15:53:00,배송출발,호남HUB
1100002031,2026-06-08 10:53:00,배송완료,호남HUB
2100002032,2026-07-28 04:42:00,집화처리,영남HUB
2100002032,2026-07-28 18:42:00,간선상차,영남HUB
2100002032,2026-07-29 05:42:00,간선하차,영남HUB
2100002032,2026-07-29 16:42:00,배송출발,영남HUB
2100002032,2026-07-30 09:42:00,배송완료,영남HUB
1100002033,2026-08-04 10:32:00,집화처리,영남HUB
1100002033,2026-08-04 22:32:00,간선상차,영남HUB
1100002033,2026-08-05 04:32:00,간선하차,영남HUB
1100002033,2026-08-05 07:32:00,배송출발,영남HUB
1100002033,2026-08-05 10:32:00,배송완료,영남HUB
4100002034,2026-07-13 08:57:00,집화처리,수도권HUB
4100002034,2026-07-13 19:57:00,간선상차,수도권HUB
4100002034,2026-07-14 04:57:00,간선하차,수도권HUB
4100002034,2026-07-15 00:57:00,배송출발,수도권HUB
4100002034,2026-07-15 09:57:00,배송완료,수도권HUB
1200002035,2026-07-21 03:06:00,집화처리,영남HUB
1200002035,2026-07-21 12:06:00,간선상차,영남HUB
1200002035,2026-07-21 15:06:00,간선하차,영남HUB
1200002035,2026-07-22 02:06:00,배송출발,영남HUB
1200002035,2026-07-22 14:06:00,배송완료,영남HUB
1100002036,2026-06-28 07:25:00,집화처리,수도권HUB
1100002036,2026-06-29 03:25:00,간선상차,수도권HUB
1100002036,2026-06-29 10:25:00,간선하차,수도권HUB
1100002036,2026-06-30 03:25:00,배송출발,수도권HUB
1100002036,2026-06-30 09:25:00,배송완료,수도권HUB
1100002037,2026-08-06 11:49:00,집화처리,중부HUB
1100002038,2026-07-04 13:28:00,집화처리,수도권HUB
1100002038,2026-07-04 22:28:00,간선상차,수도권HUB
1100002038,2026-07-05 14:28:00,간선하차,수도권HUB
1100002038,2026-07-06 08:28:00,배송출발,수도권HUB
1100002038,2026-07-07 01:28:00,배송완료,수도권HUB
1100002039,2026-06-19 09:39:00,집화처리,수도권HUB
1100002039,2026-06-19 17:39:00,간선상차,수도권HUB
1100002039,2026-06-20 09:39:00,간선하차,수도권HUB
1100002039,2026-06-21 03:39:00,배송출발,수도권HUB
1100002039,2026-06-21 09:39:00,배송완료,수도권HUB
3100002040,2026-07-24 06:54:00,집화처리,영남HUB
3100002040,2026-07-24 15:54:00,간선상차,영남HUB
3100002040,2026-07-24 19:54:00,간선하차,영남HUB
3100002040,2026-07-25 15:54:00,배송출발,영남HUB
3100002040,2026-07-26 06:54:00,배송완료,영남HUB
2100002041,2026-05-19 04:11:00,집화처리,영남HUB
2100002041,2026-05-19 21:11:00,간선상차,영남HUB
2100002041,2026-05-20 17:11:00,간선하차,영남HUB
2100002041,2026-05-21 08:11:00,배송출발,영남HUB
2100002041,2026-05-21 11:11:00,배송완료,영남HUB
1100002042,2026-05-30 01:09:00,집화처리,영남HUB
1100002042,2026-05-30 14:09:00,간선상차,영남HUB
1100002042,2026-05-30 21:09:00,간선하차,영남HUB
1100002042,2026-05-31 15:09:00,배송출발,영남HUB
1100002042,2026-06-01 06:09:00,배송완료,영남HUB
2100002043,2026-07-28 22:30:00,집화처리,수도권HUB
2100002043,2026-07-29 06:30:00,간선상차,수도권HUB
2100002043,2026-07-29 18:30:00,간선하차,수도권HUB
2100002043,2026-07-30 02:30:00,배송출발,수도권HUB
2100002043,2026-07-30 20:30:00,배송완료,수도권HUB
2100002044,2026-06-30 02:12:00,집화처리,수도권HUB
2100002044,2026-06-30 05:12:00,간선상차,수도권HUB
2100002044,2026-06-30 13:12:00,간선하차,수도권HUB
2100002044,2026-06-30 22:12:00,배송출발,수도권HUB
2100002044,2026-07-01 14:12:00,배송완료,수도권HUB
4100002045,2026-07-15 01:19:00,집화처리,중부HUB
4100002045,2026-07-15 08:19:00,간선상차,중부HUB
4100002045,2026-07-15 11:19:00,간선하차,중부HUB
4100002045,2026-07-15 16:19:00,배송출발,중부HUB
4100002045,2026-07-16 04:19:00,배송완료,중부HUB
1200002046,2026-05-07 06:47:00,집화처리,영남HUB
1200002046,2026-05-07 20:47:00,간선상차,영남HUB
1200002046,2026-05-08 09:47:00,간선하차,영남HUB
1200002046,2026-05-08 12:47:00,배송출발,영남HUB
1200002046,2026-05-08 19:47:00,배송완료,영남HUB
2100002047,2026-07-25 03:47:00,집화처리,수도권HUB
2100002047,2026-07-25 22:47:00,간선상차,수도권HUB
2100002047,2026-07-26 05:47:00,간선하차,수도권HUB
2100002047,2026-07-26 19:47:00,배송출발,수도권HUB
2100002047,2026-07-27 08:47:00,배송완료,수도권HUB
1200002048,2026-05-04 13:01:00,집화처리,영남HUB
1200002048,2026-05-05 07:01:00,간선상차,영남HUB
1200002048,2026-05-05 11:01:00,간선하차,영남HUB
1200002048,2026-05-06 06:01:00,배송출발,영남HUB
1200002048,2026-05-06 12:01:00,배송완료,영남HUB
1200002049,2026-06-02 03:42:00,집화처리,중부HUB
1200002049,2026-06-02 18:42:00,간선상차,중부HUB
1200002049,2026-06-03 04:42:00,간선하차,중부HUB
1200002049,2026-06-03 21:42:00,배송출발,중부HUB
1200002049,2026-06-04 10:42:00,배송완료,중부HUB
2100002050,2026-05-26 11:00:00,집화처리,영남HUB
2100002050,2026-05-27 02:00:00,간선상차,영남HUB
2100002050,2026-05-27 08:00:00,간선하차,영남HUB
2100002050,2026-05-27 21:00:00,배송출발,영남HUB
2100002050,2026-05-28 17:00:00,배송완료,영남HUB
1200002051,2026-06-09 08:03:00,집화처리,중부HUB
1200002051,2026-06-10 00:03:00,간선상차,중부HUB
1200002051,2026-06-10 09:03:00,간선하차,중부HUB
1200002051,2026-06-10 23:03:00,배송출발,중부HUB
1200002051,2026-06-11 04:03:00,배송완료,중부HUB
1100002052,2026-07-08 13:34:00,집화처리,중부HUB
1100002052,2026-07-09 06:34:00,간선상차,중부HUB
1100002052,2026-07-09 18:34:00,간선하차,중부HUB
1100002052,2026-07-10 10:34:00,배송출발,중부HUB
1100002052,2026-07-11 00:34:00,배송완료,중부HUB
2100002053,2026-07-16 05:24:00,집화처리,영남HUB
2100002053,2026-07-16 23:24:00,간선상차,영남HUB
2100002053,2026-07-17 06:24:00,간선하차,영남HUB
2100002053,2026-07-18 01:24:00,배송출발,영남HUB
2100002053,2026-07-18 12:24:00,배송완료,영남HUB
1200002054,2026-06-01 18:49:00,집화처리,중부HUB
1200002054,2026-06-02 14:49:00,간선상차,중부HUB
1200002054,2026-06-03 10:49:00,간선하차,중부HUB
1200002054,2026-06-03 22:49:00,배송출발,중부HUB
1200002054,2026-06-04 12:49:00,배송완료,중부HUB
1100002055,2026-06-11 19:26:00,집화처리,영남HUB
1100002055,2026-06-12 13:26:00,간선상차,영남HUB
1100002055,2026-06-13 07:26:00,간선하차,영남HUB
1100002055,2026-06-13 21:26:00,배송출발,영남HUB
1100002055,2026-06-14 10:26:00,배송완료,영남HUB
3100002056,2026-07-07 10:05:00,집화처리,영남HUB
3100002056,2026-07-07 17:05:00,간선상차,영남HUB
3100002056,2026-07-08 13:05:00,간선하차,영남HUB
3100002056,2026-07-09 04:05:00,배송출발,영남HUB
3100002056,2026-07-09 17:05:00,배송완료,영남HUB
4100002057,2026-05-20 01:23:00,집화처리,영남HUB
4100002057,2026-05-20 19:23:00,간선상차,영남HUB
4100002057,2026-05-21 11:23:00,간선하차,영남HUB
4100002057,2026-05-21 22:23:00,배송출발,영남HUB
4100002057,2026-05-22 08:23:00,배송완료,영남HUB
4100002058,2026-05-26 05:58:00,집화처리,중부HUB
4100002058,2026-05-26 09:58:00,간선상차,중부HUB
4100002058,2026-05-27 03:58:00,간선하차,중부HUB
4100002058,2026-05-27 07:58:00,배송출발,중부HUB
4100002058,2026-05-28 00:58:00,배송완료,중부HUB
4100002059,2026-05-25 00:08:00,집화처리,수도권HUB
4100002059,2026-05-25 17:08:00,간선상차,수도권HUB
4100002059,2026-05-25 21:08:00,간선하차,수도권HUB
4100002059,2026-05-26 17:08:00,배송출발,수도권HUB
4100002059,2026-05-27 11:08:00,배송완료,수도권HUB
1100002060,2026-05-18 19:27:00,집화처리,영남HUB
1100002060,2026-05-18 22:27:00,간선상차,영남HUB
1100002060,2026-05-19 18:27:00,간선하차,영남HUB
1100002060,2026-05-20 10:27:00,배송출발,영남HUB
1100002060,2026-05-21 04:27:00,배송완료,영남HUB
1200002061,2026-07-07 13:44:00,집화처리,영남HUB
1200002061,2026-07-08 07:44:00,간선상차,영남HUB
1200002061,2026-07-08 22:44:00,간선하차,영남HUB
1200002061,2026-07-09 02:44:00,배송출발,영남HUB
1200002061,2026-07-09 10:44:00,배송완료,영남HUB
1100002062,2026-05-26 10:08:00,집화처리,수도권HUB
1100002062,2026-05-27 03:08:00,간선상차,수도권HUB
1100002062,2026-05-27 14:08:00,간선하차,수도권HUB
1100002062,2026-05-28 05:08:00,배송출발,수도권HUB
1100002062,2026-05-28 23:08:00,배송완료,수도권HUB
1200002063,2026-05-05 09:53:00,집화처리,영남HUB
1200002063,2026-05-06 04:53:00,간선상차,영남HUB
1200002063,2026-05-06 09:53:00,간선하차,영남HUB
1200002063,2026-05-06 17:53:00,배송출발,영남HUB
1200002063,2026-05-07 04:53:00,배송완료,영남HUB
2100002064,2026-05-07 20:56:00,집화처리,영남HUB
2100002064,2026-05-08 08:56:00,간선상차,영남HUB
2100002064,2026-05-08 11:56:00,간선하차,영남HUB
2100002064,2026-05-09 06:56:00,배송출발,영남HUB
2100002064,2026-05-09 23:56:00,배송완료,영남HUB
2100002065,2026-07-31 19:27:00,집화처리,영남HUB
2100002065,2026-08-01 12:27:00,간선상차,영남HUB
2100002065,2026-08-01 16:27:00,간선하차,영남HUB
2100002065,2026-08-02 00:27:00,배송출발,영남HUB
2100002065,2026-08-02 13:27:00,배송완료,영남HUB
1200002066,2026-07-04 01:57:00,집화처리,영남HUB
1200002066,2026-07-04 21:57:00,간선상차,영남HUB
1200002066,2026-07-05 01:57:00,간선하차,영남HUB
1200002066,2026-07-05 07:57:00,배송출발,영남HUB
1200002066,2026-07-05 14:57:00,배송완료,영남HUB
3200002067,2026-06-12 22:28:00,집화처리,수도권HUB
3200002067,2026-06-13 18:28:00,간선상차,수도권HUB
3200002067,2026-06-14 07:28:00,간선하차,수도권HUB
3200002067,2026-06-14 17:28:00,배송출발,수도권HUB
3200002067,2026-06-14 21:28:00,배송완료,수도권HUB
4100002068,2026-08-04 13:19:00,집화처리,수도권HUB
4100002068,2026-08-05 09:19:00,간선상차,수도권HUB
4100002068,2026-08-05 23:19:00,간선하차,수도권HUB
4100002068,2026-08-06 08:19:00,배송출발,수도권HUB
4100002068,2026-08-06 22:19:00,배송완료,수도권HUB
2100002069,2026-05-05 11:52:00,집화처리,영남HUB
2100002069,2026-05-05 22:52:00,간선상차,영남HUB
2100002069,2026-05-06 11:52:00,간선하차,영남HUB
2100002069,2026-05-06 16:52:00,배송출발,영남HUB
2100002069,2026-05-07 01:52:00,배송완료,영남HUB
4100002070,2026-05-22 09:53:00,집화처리,영남HUB
4100002070,2026-05-23 03:53:00,간선상차,영남HUB
4100002070,2026-05-23 15:53:00,간선하차,영남HUB
4100002070,2026-05-24 04:53:00,배송출발,영남HUB
4100002070,2026-05-24 14:53:00,배송완료,영남HUB
1100002071,2026-05-26 21:43:00,집화처리,수도권HUB
1100002071,2026-05-27 01:43:00,간선상차,수도권HUB
1100002071,2026-05-27 04:43:00,간선하차,수도권HUB
1100002071,2026-05-27 17:43:00,배송출발,수도권HUB
1100002071,2026-05-28 05:43:00,배송완료,수도권HUB
3100002072,2026-07-14 01:38:00,집화처리,영남HUB
3100002072,2026-07-14 10:38:00,간선상차,영남HUB
3100002072,2026-07-14 18:38:00,간선하차,영남HUB
3100002072,2026-07-15 01:38:00,배송출발,영남HUB
3100002072,2026-07-15 14:38:00,배송완료,영남HUB
2100002073,2026-06-02 22:28:00,집화처리,수도권HUB
2100002073,2026-06-03 06:28:00,간선상차,수도권HUB
2100002073,2026-06-03 09:28:00,간선하차,수도권HUB
2100002073,2026-06-03 15:28:00,배송출발,수도권HUB
2100002073,2026-06-04 06:28:00,배송완료,수도권HUB
1100002074,2026-07-22 06:44:00,집화처리,수도권HUB
1100002074,2026-07-22 09:44:00,간선상차,수도권HUB
1100002074,2026-07-23 05:44:00,간선하차,수도권HUB
1100002074,2026-07-23 10:44:00,배송출발,수도권HUB
1100002074,2026-07-24 06:44:00,배송완료,수도권HUB
1100002075,2026-07-10 09:37:00,집화처리,영남HUB
1100002075,2026-07-10 17:37:00,간선상차,영남HUB
1100002075,2026-07-11 10:37:00,간선하차,영남HUB
1100002075,2026-07-12 05:37:00,배송출발,영남HUB
1100002075,2026-07-12 08:37:00,배송완료,영남HUB
4100002076,2026-05-26 13:35:00,집화처리,수도권HUB
4100002076,2026-05-26 17:35:00,간선상차,수도권HUB
4100002076,2026-05-27 03:35:00,간선하차,수도권HUB
4100002076,2026-05-27 16:35:00,배송출발,수도권HUB
4100002076,2026-05-27 23:35:00,배송완료,수도권HUB
1100002077,2026-06-08 21:59:00,집화처리,중부HUB
1100002077,2026-06-09 05:59:00,간선상차,중부HUB
1100002077,2026-06-09 11:59:00,간선하차,중부HUB
1100002077,2026-06-09 23:59:00,배송출발,중부HUB
1100002077,2026-06-10 19:59:00,배송완료,중부HUB
4100002078,2026-06-04 22:33:00,집화처리,영남HUB
4100002078,2026-06-05 06:33:00,간선상차,영남HUB
4100002078,2026-06-05 22:33:00,간선하차,영남HUB
4100002078,2026-06-06 17:33:00,배송출발,영남HUB
4100002078,2026-06-07 06:33:00,배송완료,영남HUB
4100002079,2026-06-29 20:04:00,집화처리,중부HUB
4100002079,2026-06-30 15:04:00,간선상차,중부HUB
4100002079,2026-07-01 11:04:00,간선하차,중부HUB
4100002079,2026-07-02 03:04:00,배송출발,중부HUB
4100002079,2026-07-02 08:04:00,배송완료,중부HUB
1100002080,2026-05-07 10:06:00,집화처리,수도권HUB
1100002080,2026-05-07 19:06:00,간선상차,수도권HUB
1100002080,2026-05-07 23:06:00,간선하차,수도권HUB
1100002080,2026-05-08 06:06:00,배송출발,수도권HUB
1100002080,2026-05-08 16:06:00,배송완료,수도권HUB
1200002081,2026-06-02 22:27:00,집화처리,수도권HUB
1200002081,2026-06-03 02:27:00,간선상차,수도권HUB
1200002081,2026-06-03 08:27:00,간선하차,수도권HUB
1200002081,2026-06-03 23:27:00,배송출발,수도권HUB
1200002081,2026-06-04 12:27:00,배송완료,수도권HUB
1100002082,2026-05-05 12:20:00,집화처리,중부HUB
1100002082,2026-05-05 18:20:00,간선상차,중부HUB
1100002082,2026-05-06 07:20:00,간선하차,중부HUB
1100002082,2026-05-06 15:20:00,배송출발,중부HUB
1100002082,2026-05-06 18:20:00,배송완료,중부HUB
4100002083,2026-05-06 07:17:00,집화처리,영남HUB
4100002083,2026-05-06 14:17:00,간선상차,영남HUB
4100002083,2026-05-06 18:17:00,간선하차,영남HUB
4100002083,2026-05-07 05:17:00,배송출발,영남HUB
4100002083,2026-05-07 14:17:00,배송완료,영남HUB
1200002084,2026-06-29 13:56:00,집화처리,수도권HUB
1200002084,2026-06-29 19:56:00,간선상차,수도권HUB
1200002084,2026-06-30 07:56:00,간선하차,수도권HUB
1200002084,2026-07-01 03:56:00,배송출발,수도권HUB
1200002084,2026-07-01 23:56:00,배송완료,수도권HUB
4100002085,2026-06-16 07:41:00,집화처리,영남HUB
4100002085,2026-06-16 18:41:00,간선상차,영남HUB
4100002085,2026-06-17 10:41:00,간선하차,영남HUB
4100002085,2026-06-18 03:41:00,배송출발,영남HUB
4100002085,2026-06-18 08:41:00,배송완료,영남HUB
1100002086,2026-05-26 10:06:00,집화처리,중부HUB
1100002086,2026-05-27 06:06:00,간선상차,중부HUB
1100002086,2026-05-27 23:06:00,간선하차,중부HUB
1100002086,2026-05-28 04:06:00,배송출발,중부HUB
1100002086,2026-05-28 13:06:00,배송완료,중부HUB
1100002087,2026-06-18 10:40:00,집화처리,영남HUB
1100002087,2026-06-19 03:40:00,간선상차,영남HUB
1100002087,2026-06-19 23:40:00,간선하차,영남HUB
1100002087,2026-06-20 16:40:00,배송출발,영남HUB
1100002087,2026-06-21 10:40:00,배송완료,영남HUB
1100002088,2026-06-24 07:37:00,집화처리,중부HUB
1100002088,2026-06-24 18:37:00,간선상차,중부HUB
1100002088,2026-06-25 14:37:00,간선하차,중부HUB
1100002088,2026-06-26 00:37:00,배송출발,중부HUB
1100002088,2026-06-26 13:37:00,배송완료,중부HUB
2100002089,2026-07-21 01:52:00,집화처리,중부HUB
2100002089,2026-07-21 16:52:00,간선상차,중부HUB
2100002089,2026-07-21 19:52:00,간선하차,중부HUB
2100002089,2026-07-22 10:52:00,배송출발,중부HUB
2100002089,2026-07-22 22:52:00,배송완료,중부HUB
2100002090,2026-05-28 18:58:00,집화처리,중부HUB
2100002090,2026-05-29 11:58:00,간선상차,중부HUB
2100002090,2026-05-29 17:58:00,간선하차,중부HUB
2100002090,2026-05-30 01:58:00,배송출발,중부HUB
2100002090,2026-05-30 13:58:00,배송완료,중부HUB
1100002091,2026-06-03 15:07:00,집화처리,영남HUB
1100002091,2026-06-03 19:07:00,간선상차,영남HUB
1100002091,2026-06-04 03:07:00,간선하차,영남HUB
1100002091,2026-06-04 18:07:00,배송출발,영남HUB
1100002091,2026-06-05 06:07:00,배송완료,영남HUB
1200002092,2026-05-19 20:11:00,집화처리,영남HUB
1200002092,2026-05-20 13:11:00,간선상차,영남HUB
1200002092,2026-05-20 19:11:00,간선하차,영남HUB
1200002092,2026-05-20 23:11:00,배송출발,영남HUB
1200002092,2026-05-21 04:11:00,배송완료,영남HUB
1100002093,2026-08-05 21:08:00,집화처리,수도권HUB
1100002093,2026-08-06 14:08:00,간선상차,수도권HUB
1100002093,2026-08-07 07:08:00,간선하차,수도권HUB
1100002093,2026-08-07 23:08:00,배송출발,수도권HUB
2100002094,2026-07-14 21:46:00,집화처리,영남HUB
2100002094,2026-07-15 07:46:00,간선상차,영남HUB
2100002094,2026-07-16 03:46:00,간선하차,영남HUB
2100002094,2026-07-16 22:46:00,배송출발,영남HUB
2100002094,2026-07-17 04:46:00,배송완료,영남HUB
1200002095,2026-07-21 04:15:00,집화처리,영남HUB
1200002095,2026-07-21 18:15:00,간선상차,영남HUB
1200002095,2026-07-22 02:15:00,간선하차,영남HUB
1200002095,2026-07-22 13:15:00,배송출발,영남HUB
1200002095,2026-07-22 19:15:00,배송완료,영남HUB
4100002096,2026-05-19 06:20:00,집화처리,수도권HUB
4100002096,2026-05-19 20:20:00,간선상차,수도권HUB
4100002096,2026-05-19 23:20:00,간선하차,수도권HUB
4100002096,2026-05-20 15:20:00,배송출발,수도권HUB
4100002096,2026-05-20 18:20:00,배송완료,수도권HUB
1100002097,2026-05-07 21:36:00,집화처리,영남HUB
1100002097,2026-05-08 02:36:00,간선상차,영남HUB
1100002097,2026-05-08 09:36:00,간선하차,영남HUB
1100002097,2026-05-08 15:36:00,배송출발,영남HUB
1100002097,2026-05-09 11:36:00,배송완료,영남HUB
3100002098,2026-05-18 19:36:00,집화처리,영남HUB
3100002098,2026-05-19 08:36:00,간선상차,영남HUB
3100002098,2026-05-19 19:36:00,간선하차,영남HUB
3100002098,2026-05-20 03:36:00,배송출발,영남HUB
3100002098,2026-05-20 16:36:00,배송완료,영남HUB
1200002099,2026-08-01 14:44:00,집화처리,제주HUB
1200002099,2026-08-02 06:44:00,간선상차,제주HUB
1200002099,2026-08-02 19:44:00,간선하차,제주HUB
1200002099,2026-08-03 00:44:00,배송출발,제주HUB
1200002099,2026-08-03 20:44:00,배송완료,제주HUB
2100002100,2026-05-15 03:59:00,집화처리,수도권HUB
2100002100,2026-05-15 18:59:00,간선상차,수도권HUB
2100002100,2026-05-16 01:59:00,간선하차,수도권HUB
2100002100,2026-05-16 17:59:00,배송출발,수도권HUB
2100002100,2026-05-16 22:59:00,배송완료,수도권HUB
2100002101,2026-05-21 11:49:00,집화처리,영남HUB
2100002101,2026-05-22 07:49:00,간선상차,영남HUB
2100002101,2026-05-22 10:49:00,간선하차,영남HUB
2100002101,2026-05-23 03:49:00,배송출발,영남HUB
2100002101,2026-05-23 19:49:00,배송완료,영남HUB
1100002102,2026-05-30 04:56:00,집화처리,영남HUB
1100002102,2026-05-30 19:56:00,간선상차,영남HUB
1100002102,2026-05-30 23:56:00,간선하차,영남HUB
1100002102,2026-05-31 08:56:00,배송출발,영남HUB
1100002102,2026-06-01 02:56:00,배송완료,영남HUB
2100002103,2026-07-11 11:30:00,집화처리,영남HUB
2100002103,2026-07-12 01:30:00,간선상차,영남HUB
2100002103,2026-07-12 06:30:00,간선하차,영남HUB
2100002103,2026-07-12 09:30:00,배송출발,영남HUB
2100002103,2026-07-13 05:30:00,배송완료,영남HUB
2100002104,2026-06-03 08:50:00,집화처리,영남HUB
2100002104,2026-06-04 04:50:00,간선상차,영남HUB
2100002104,2026-06-04 17:50:00,간선하차,영남HUB
2100002104,2026-06-04 23:50:00,배송출발,영남HUB
2100002104,2026-06-05 18:50:00,배송완료,영남HUB
3100002105,2026-07-10 01:37:00,집화처리,영남HUB
3100002105,2026-07-10 13:37:00,간선상차,영남HUB
3100002105,2026-07-10 17:37:00,간선하차,영남HUB
3100002105,2026-07-11 12:37:00,배송출발,영남HUB
3100002105,2026-07-12 08:37:00,배송완료,영남HUB
3200002106,2026-06-30 07:56:00,집화처리,중부HUB
3200002106,2026-06-30 15:56:00,간선상차,중부HUB
3200002106,2026-07-01 05:56:00,간선하차,중부HUB
3200002106,2026-07-01 17:56:00,배송출발,중부HUB
3200002106,2026-07-01 22:56:00,배송완료,중부HUB
1100002107,2026-06-17 03:16:00,집화처리,영남HUB
1100002107,2026-06-17 10:16:00,간선상차,영남HUB
1100002107,2026-06-18 06:16:00,간선하차,영남HUB
1100002107,2026-06-18 11:16:00,배송출발,영남HUB
1100002107,2026-06-18 17:16:00,배송완료,영남HUB
4100002108,2026-06-09 07:54:00,집화처리,중부HUB
4100002108,2026-06-09 12:54:00,간선상차,중부HUB
4100002108,2026-06-10 08:54:00,간선하차,중부HUB
4100002108,2026-06-10 16:54:00,배송출발,중부HUB
4100002108,2026-06-11 03:54:00,배송완료,중부HUB
3100002109,2026-05-20 22:03:00,집화처리,중부HUB
3100002109,2026-05-21 10:03:00,간선상차,중부HUB
3100002109,2026-05-21 21:03:00,간선하차,중부HUB
3100002109,2026-05-22 11:03:00,배송출발,중부HUB
3100002109,2026-05-22 16:03:00,배송완료,중부HUB
1200002110,2026-05-24 10:49:00,집화처리,수도권HUB
1200002110,2026-05-24 23:49:00,간선상차,수도권HUB
1200002110,2026-05-25 02:49:00,간선하차,수도권HUB
1200002110,2026-05-25 16:49:00,배송출발,수도권HUB
1200002110,2026-05-25 21:49:00,배송완료,수도권HUB
2100002111,2026-05-05 06:27:00,집화처리,중부HUB
2100002111,2026-05-05 16:27:00,간선상차,중부HUB
2100002111,2026-05-06 07:27:00,간선하차,중부HUB
2100002111,2026-05-06 20:27:00,배송출발,중부HUB
2100002111,2026-05-07 15:27:00,배송완료,중부HUB
2100002112,2026-06-24 03:44:00,집화처리,수도권HUB
2100002112,2026-06-24 20:44:00,간선상차,수도권HUB
2100002112,2026-06-24 23:44:00,간선하차,수도권HUB
2100002112,2026-06-25 09:44:00,배송출발,수도권HUB
2100002112,2026-06-25 23:44:00,배송완료,수도권HUB
1100002113,2026-07-13 17:08:00,집화처리,수도권HUB
1100002113,2026-07-14 11:08:00,간선상차,수도권HUB
1100002113,2026-07-15 02:08:00,간선하차,수도권HUB
1100002113,2026-07-15 06:08:00,배송출발,수도권HUB
1100002113,2026-07-15 16:08:00,배송완료,수도권HUB
1100002114,2026-06-22 16:34:00,집화처리,수도권HUB
1100002114,2026-06-23 08:34:00,간선상차,수도권HUB
1100002114,2026-06-23 20:34:00,간선하차,수도권HUB
1100002114,2026-06-24 08:34:00,배송출발,수도권HUB
1100002114,2026-06-24 21:34:00,배송완료,수도권HUB
4100002115,2026-06-30 06:30:00,집화처리,영남HUB
4100002115,2026-06-30 19:30:00,간선상차,영남HUB
4100002115,2026-07-01 09:30:00,간선하차,영남HUB
4100002115,2026-07-01 14:30:00,배송출발,영남HUB
4100002115,2026-07-02 06:30:00,배송완료,영남HUB
2100002116,2026-06-14 05:17:00,집화처리,중부HUB
2100002116,2026-06-14 09:17:00,간선상차,중부HUB
2100002116,2026-06-14 12:17:00,간선하차,중부HUB
2100002116,2026-06-14 19:17:00,배송출발,중부HUB
2100002116,2026-06-15 06:17:00,배송완료,중부HUB
2100002117,2026-06-20 16:57:00,집화처리,영남HUB
2100002117,2026-06-21 08:57:00,간선상차,영남HUB
2100002117,2026-06-22 00:57:00,간선하차,영남HUB
2100002117,2026-06-22 12:57:00,배송출발,영남HUB
2100002117,2026-06-23 05:57:00,배송완료,영남HUB
1100002118,2026-07-31 04:13:00,집화처리,중부HUB
1100002118,2026-07-31 08:13:00,간선상차,중부HUB
1100002118,2026-07-31 23:13:00,간선하차,중부HUB
1100002118,2026-08-01 05:13:00,배송출발,중부HUB
1100002118,2026-08-01 22:13:00,배송완료,중부HUB
1100002119,2026-06-26 05:07:00,집화처리,영남HUB
1100002119,2026-06-26 18:07:00,간선상차,영남HUB
1100002119,2026-06-27 06:07:00,간선하차,영남HUB
1100002119,2026-06-28 02:07:00,배송출발,영남HUB
1100002119,2026-06-28 19:07:00,배송완료,영남HUB
1200002120,2026-06-02 09:06:00,집화처리,영남HUB
1200002120,2026-06-02 18:06:00,간선상차,영남HUB
1200002120,2026-06-03 04:06:00,간선하차,영남HUB
1200002120,2026-06-03 14:06:00,배송출발,영남HUB
1200002120,2026-06-04 02:06:00,배송완료,영남HUB
3200002121,2026-05-08 04:44:00,집화처리,영남HUB
3200002121,2026-05-08 21:44:00,간선상차,영남HUB
3200002121,2026-05-09 14:44:00,간선하차,영남HUB
3200002121,2026-05-10 05:44:00,배송출발,영남HUB
3200002121,2026-05-10 11:44:00,배송완료,영남HUB
4100002122,2026-06-21 22:59:00,집화처리,중부HUB
4100002122,2026-06-22 13:59:00,간선상차,중부HUB
4100002122,2026-06-22 23:59:00,간선하차,중부HUB
4100002122,2026-06-23 07:59:00,배송출발,중부HUB
4100002122,2026-06-23 17:59:00,배송완료,중부HUB
2100002123,2026-07-10 22:50:00,집화처리,영남HUB
2100002123,2026-07-11 14:50:00,간선상차,영남HUB
2100002123,2026-07-11 21:50:00,간선하차,영남HUB
2100002123,2026-07-12 01:50:00,배송출발,영남HUB
2100002123,2026-07-12 04:50:00,배송완료,영남HUB
2100002124,2026-07-29 20:54:00,집화처리,중부HUB
2100002124,2026-07-30 03:54:00,간선상차,중부HUB
2100002124,2026-07-30 15:54:00,간선하차,중부HUB
2100002124,2026-07-31 00:54:00,배송출발,중부HUB
2100002124,2026-07-31 18:54:00,배송완료,중부HUB
1100002125,2026-06-09 07:13:00,집화처리,영남HUB
1100002125,2026-06-10 03:13:00,간선상차,영남HUB
1100002125,2026-06-10 14:13:00,간선하차,영남HUB
1100002125,2026-06-11 01:13:00,배송출발,영남HUB
1100002125,2026-06-11 15:13:00,배송완료,영남HUB
1100002126,2026-06-02 03:30:00,집화처리,중부HUB
1100002126,2026-06-02 13:30:00,간선상차,중부HUB
1100002126,2026-06-03 01:30:00,간선하차,중부HUB
1100002126,2026-06-03 06:30:00,배송출발,중부HUB
1100002126,2026-06-04 00:30:00,배송완료,중부HUB
1100002127,2026-08-03 15:08:00,집화처리,수도권HUB
1100002127,2026-08-04 08:08:00,간선상차,수도권HUB
1100002127,2026-08-05 00:08:00,간선하차,수도권HUB
1100002127,2026-08-05 18:08:00,배송출발,수도권HUB
1100002127,2026-08-05 21:08:00,배송완료,수도권HUB
1100002128,2026-07-13 22:17:00,집화처리,수도권HUB
1100002128,2026-07-14 08:17:00,간선상차,수도권HUB
1100002128,2026-07-14 20:17:00,간선하차,수도권HUB
1100002128,2026-07-15 06:17:00,배송출발,수도권HUB
1100002128,2026-07-15 19:17:00,배송완료,수도권HUB
1100002129,2026-06-04 10:56:00,집화처리,수도권HUB
1100002129,2026-06-05 04:56:00,간선상차,수도권HUB
1100002129,2026-06-05 23:56:00,간선하차,수도권HUB
1100002129,2026-06-06 15:56:00,배송출발,수도권HUB
1100002129,2026-06-06 20:56:00,배송완료,수도권HUB
1100002130,2026-07-24 20:40:00,집화처리,중부HUB
1100002130,2026-07-25 07:40:00,간선상차,중부HUB
1100002130,2026-07-25 17:40:00,간선하차,중부HUB
1100002130,2026-07-26 01:40:00,배송출발,중부HUB
1100002130,2026-07-26 05:40:00,배송완료,중부HUB
3200002131,2026-06-12 22:48:00,집화처리,수도권HUB
3200002131,2026-06-13 01:48:00,간선상차,수도권HUB
3200002131,2026-06-13 18:48:00,간선하차,수도권HUB
3200002131,2026-06-14 07:48:00,배송출발,수도권HUB
3200002131,2026-06-14 13:48:00,배송완료,수도권HUB
1200002132,2026-05-09 09:43:00,집화처리,수도권HUB
1200002132,2026-05-09 21:43:00,간선상차,수도권HUB
1200002132,2026-05-10 13:43:00,간선하차,수도권HUB
1200002132,2026-05-11 06:43:00,배송출발,수도권HUB
1200002132,2026-05-11 17:43:00,배송완료,수도권HUB
4100002133,2026-06-11 09:32:00,집화처리,제주HUB
4100002133,2026-06-12 01:32:00,간선상차,제주HUB
4100002133,2026-06-12 05:32:00,간선하차,제주HUB
4100002133,2026-06-13 00:32:00,배송출발,제주HUB
4100002133,2026-06-13 06:32:00,배송완료,제주HUB
4100002134,2026-06-16 20:35:00,집화처리,제주HUB
4100002134,2026-06-17 15:35:00,간선상차,제주HUB
4100002134,2026-06-17 23:35:00,간선하차,제주HUB
4100002134,2026-06-18 14:35:00,배송출발,제주HUB
4100002134,2026-06-19 08:35:00,배송완료,제주HUB
3100002135,2026-06-07 05:13:00,집화처리,영남HUB
3100002135,2026-06-07 08:13:00,간선상차,영남HUB
3100002135,2026-06-08 00:13:00,간선하차,영남HUB
3100002135,2026-06-08 11:13:00,배송출발,영남HUB
3100002135,2026-06-09 04:13:00,배송완료,영남HUB
2100002136,2026-06-15 10:27:00,집화처리,호남HUB
2100002136,2026-06-15 22:27:00,간선상차,호남HUB
2100002136,2026-06-16 17:27:00,간선하차,호남HUB
2100002136,2026-06-17 00:27:00,배송출발,호남HUB
2100002136,2026-06-17 10:27:00,배송완료,호남HUB
3100002137,2026-07-14 02:45:00,집화처리,수도권HUB
3100002137,2026-07-14 20:45:00,간선상차,수도권HUB
3100002137,2026-07-15 10:45:00,간선하차,수도권HUB
3100002137,2026-07-15 23:45:00,배송출발,수도권HUB
3100002137,2026-07-16 02:45:00,배송완료,수도권HUB
4100002138,2026-06-23 22:21:00,집화처리,영남HUB
4100002138,2026-06-24 11:21:00,간선상차,영남HUB
4100002138,2026-06-25 07:21:00,간선하차,영남HUB
4100002138,2026-06-25 13:21:00,배송출발,영남HUB
4100002138,2026-06-26 06:21:00,배송완료,영남HUB
1100002139,2026-07-14 19:59:00,집화처리,수도권HUB
1100002139,2026-07-15 06:59:00,간선상차,수도권HUB
1100002139,2026-07-15 20:59:00,간선하차,수도권HUB
1100002139,2026-07-16 14:59:00,배송출발,수도권HUB
1100002139,2026-07-17 00:59:00,배송완료,수도권HUB
3100002140,2026-06-05 04:14:00,집화처리,수도권HUB
3100002140,2026-06-05 14:14:00,간선상차,수도권HUB
3100002140,2026-06-05 19:14:00,간선하차,수도권HUB
3100002140,2026-06-06 00:14:00,배송출발,수도권HUB
3100002140,2026-06-06 07:14:00,배송완료,수도권HUB
1100002141,2026-05-01 19:57:00,집화처리,영남HUB
1100002141,2026-05-02 07:57:00,간선상차,영남HUB
1100002141,2026-05-02 19:57:00,간선하차,영남HUB
1100002141,2026-05-03 11:57:00,배송출발,영남HUB
1100002141,2026-05-04 05:57:00,배송완료,영남HUB
4100002142,2026-06-06 06:55:00,집화처리,제주HUB
4100002142,2026-06-06 17:55:00,간선상차,제주HUB
4100002142,2026-06-07 03:55:00,간선하차,제주HUB
4100002142,2026-06-07 10:55:00,배송출발,제주HUB
4100002142,2026-06-07 15:55:00,배송완료,제주HUB
1100002143,2026-05-19 07:27:00,집화처리,수도권HUB
1100002143,2026-05-19 12:27:00,간선상차,수도권HUB
1100002143,2026-05-20 00:27:00,간선하차,수도권HUB
1100002143,2026-05-20 08:27:00,배송출발,수도권HUB
1100002143,2026-05-20 15:27:00,배송완료,수도권HUB
1200002144,2026-05-25 17:22:00,집화처리,중부HUB
1200002144,2026-05-26 04:22:00,간선상차,중부HUB
1200002144,2026-05-27 00:22:00,간선하차,중부HUB
1200002144,2026-05-27 19:22:00,배송출발,중부HUB
1200002144,2026-05-28 13:22:00,배송완료,중부HUB
4100002145,2026-08-05 22:16:00,집화처리,영남HUB
4100002145,2026-08-06 14:16:00,간선상차,영남HUB
4100002145,2026-08-06 19:16:00,간선하차,영남HUB
4100002145,2026-08-07 01:16:00,배송출발,영남HUB
3200002146,2026-07-30 04:22:00,집화처리,중부HUB
3200002146,2026-07-30 14:22:00,간선상차,중부HUB
3200002146,2026-07-31 02:22:00,간선하차,중부HUB
3200002146,2026-07-31 07:22:00,배송출발,중부HUB
3200002146,2026-07-31 11:22:00,배송완료,중부HUB
4100002147,2026-07-07 13:51:00,집화처리,영남HUB
4100002147,2026-07-07 19:51:00,간선상차,영남HUB
4100002147,2026-07-08 05:51:00,간선하차,영남HUB
4100002147,2026-07-09 00:51:00,배송출발,영남HUB
4100002147,2026-07-09 12:51:00,배송완료,영남HUB
1100002148,2026-05-30 03:19:00,집화처리,수도권HUB
1100002148,2026-05-30 18:19:00,간선상차,수도권HUB
1100002148,2026-05-31 01:19:00,간선하차,수도권HUB
1100002148,2026-05-31 19:19:00,배송출발,수도권HUB
1100002148,2026-06-01 15:19:00,배송완료,수도권HUB
3100002149,2026-07-24 09:21:00,집화처리,호남HUB
3100002149,2026-07-24 20:21:00,간선상차,호남HUB
3100002149,2026-07-25 11:21:00,간선하차,호남HUB
3100002149,2026-07-26 07:21:00,배송출발,호남HUB
3100002149,2026-07-27 03:21:00,배송완료,호남HUB
1100002150,2026-06-21 04:32:00,집화처리,중부HUB
1100002150,2026-06-21 16:32:00,간선상차,중부HUB
1100002150,2026-06-22 04:32:00,간선하차,중부HUB
1100002150,2026-06-22 22:32:00,배송출발,중부HUB
1100002150,2026-06-23 07:32:00,배송완료,중부HUB
2100002151,2026-05-28 10:00:00,집화처리,수도권HUB
2100002151,2026-05-28 13:00:00,간선상차,수도권HUB
2100002151,2026-05-29 03:00:00,간선하차,수도권HUB
2100002151,2026-05-29 17:00:00,배송출발,수도권HUB
2100002151,2026-05-30 08:00:00,배송완료,수도권HUB
1200002152,2026-08-01 20:16:00,집화처리,영남HUB
1200002152,2026-08-02 10:16:00,간선상차,영남HUB
1200002152,2026-08-02 17:16:00,간선하차,영남HUB
1200002152,2026-08-03 06:16:00,배송출발,영남HUB
1200002152,2026-08-03 16:16:00,배송완료,영남HUB
1100002153,2026-05-22 20:04:00,집화처리,제주HUB
1100002153,2026-05-23 09:04:00,간선상차,제주HUB
1100002153,2026-05-23 20:04:00,간선하차,제주HUB
1100002153,2026-05-24 16:04:00,배송출발,제주HUB
1100002153,2026-05-25 02:04:00,배송완료,제주HUB
1100002154,2026-06-24 08:00:00,집화처리,영남HUB
1100002154,2026-06-24 20:00:00,간선상차,영남HUB
1100002154,2026-06-25 11:00:00,간선하차,영남HUB
1100002154,2026-06-25 16:00:00,배송출발,영남HUB
1100002154,2026-06-26 03:00:00,배송완료,영남HUB
1100002155,2026-05-11 20:11:00,집화처리,중부HUB
1100002155,2026-05-12 05:11:00,간선상차,중부HUB
1100002155,2026-05-12 09:11:00,간선하차,중부HUB
1100002155,2026-05-13 01:11:00,배송출발,중부HUB
1100002155,2026-05-13 06:11:00,배송완료,중부HUB
4100002156,2026-07-13 22:58:00,집화처리,수도권HUB
4100002156,2026-07-14 01:58:00,간선상차,수도권HUB
4100002156,2026-07-14 07:58:00,간선하차,수도권HUB
4100002156,2026-07-15 02:58:00,배송출발,수도권HUB
4100002156,2026-07-15 21:58:00,배송완료,수도권HUB
3100002157,2026-06-01 20:19:00,집화처리,중부HUB
3100002157,2026-06-02 02:19:00,간선상차,중부HUB
3100002157,2026-06-02 18:19:00,간선하차,중부HUB
3100002157,2026-06-02 23:19:00,배송출발,중부HUB
3100002157,2026-06-03 16:19:00,배송완료,중부HUB
2100002158,2026-05-19 05:03:00,집화처리,중부HUB
2100002158,2026-05-19 18:03:00,간선상차,중부HUB
2100002158,2026-05-19 22:03:00,간선하차,중부HUB
2100002158,2026-05-20 01:03:00,배송출발,중부HUB
2100002158,2026-05-20 14:03:00,배송완료,중부HUB
1100002159,2026-07-14 03:57:00,집화처리,수도권HUB
1100002159,2026-07-14 23:57:00,간선상차,수도권HUB
1100002159,2026-07-15 12:57:00,간선하차,수도권HUB
1100002159,2026-07-15 17:57:00,배송출발,수도권HUB
1100002159,2026-07-15 21:57:00,배송완료,수도권HUB
1200002160,2026-06-17 17:27:00,집화처리,중부HUB
1200002160,2026-06-18 13:27:00,간선상차,중부HUB
1200002160,2026-06-19 09:27:00,간선하차,중부HUB
1200002160,2026-06-19 18:27:00,배송출발,중부HUB
1200002160,2026-06-20 00:27:00,배송완료,중부HUB
4100002161,2026-07-21 10:51:00,집화처리,중부HUB
4100002161,2026-07-21 21:51:00,간선상차,중부HUB
4100002161,2026-07-22 02:51:00,간선하차,중부HUB
4100002161,2026-07-22 18:51:00,배송출발,중부HUB
4100002161,2026-07-23 01:51:00,배송완료,중부HUB
1200002162,2026-06-08 20:35:00,집화처리,수도권HUB
1200002162,2026-06-09 14:35:00,간선상차,수도권HUB
1200002162,2026-06-09 23:35:00,간선하차,수도권HUB
1200002162,2026-06-10 06:35:00,배송출발,수도권HUB
1200002162,2026-06-10 09:35:00,배송완료,수도권HUB
3200002163,2026-05-30 01:52:00,집화처리,영남HUB
3200002163,2026-05-30 13:52:00,간선상차,영남HUB
3200002163,2026-05-31 07:52:00,간선하차,영남HUB
3200002163,2026-05-31 15:52:00,배송출발,영남HUB
3200002163,2026-05-31 21:52:00,배송완료,영남HUB
4100002164,2026-07-07 21:48:00,집화처리,수도권HUB
4100002164,2026-07-08 02:48:00,간선상차,수도권HUB
4100002164,2026-07-08 07:48:00,간선하차,수도권HUB
4100002164,2026-07-08 15:48:00,배송출발,수도권HUB
4100002164,2026-07-08 19:48:00,배송완료,수도권HUB
1100002165,2026-06-29 14:30:00,집화처리,중부HUB
1100002165,2026-06-30 02:30:00,간선상차,중부HUB
1100002165,2026-06-30 06:30:00,간선하차,중부HUB
1100002165,2026-06-30 13:30:00,배송출발,중부HUB
1100002165,2026-07-01 00:30:00,배송완료,중부HUB
4100002166,2026-05-13 19:38:00,집화처리,중부HUB
4100002166,2026-05-14 14:38:00,간선상차,중부HUB
4100002166,2026-05-15 00:38:00,간선하차,중부HUB
4100002166,2026-05-15 06:38:00,배송출발,중부HUB
4100002166,2026-05-15 17:38:00,배송완료,중부HUB
1200002167,2026-06-04 23:17:00,집화처리,중부HUB
1200002167,2026-06-05 13:17:00,간선상차,중부HUB
1200002167,2026-06-06 08:17:00,간선하차,중부HUB
1200002167,2026-06-07 03:17:00,배송출발,중부HUB
1200002167,2026-06-07 13:17:00,배송완료,중부HUB
3200002168,2026-07-03 02:07:00,집화처리,영남HUB
3200002168,2026-07-03 09:07:00,간선상차,영남HUB
3200002168,2026-07-04 03:07:00,간선하차,영남HUB
3200002168,2026-07-04 09:07:00,배송출발,영남HUB
3200002168,2026-07-04 15:07:00,배송완료,영남HUB
1200002169,2026-05-11 18:43:00,집화처리,수도권HUB
1200002169,2026-05-12 11:43:00,간선상차,수도권HUB
1200002169,2026-05-12 18:43:00,간선하차,수도권HUB
1200002169,2026-05-13 10:43:00,배송출발,수도권HUB
1200002169,2026-05-13 23:43:00,배송완료,수도권HUB
1100002170,2026-07-14 07:51:00,집화처리,수도권HUB
1100002170,2026-07-14 16:51:00,간선상차,수도권HUB
1100002170,2026-07-15 05:51:00,간선하차,수도권HUB
1100002170,2026-07-15 20:51:00,배송출발,수도권HUB
1100002170,2026-07-16 01:51:00,배송완료,수도권HUB
3100002171,2026-05-20 06:15:00,집화처리,영남HUB
3100002171,2026-05-20 10:15:00,간선상차,영남HUB
3100002171,2026-05-21 02:15:00,간선하차,영남HUB
3100002171,2026-05-21 17:15:00,배송출발,영남HUB
3100002171,2026-05-22 12:15:00,배송완료,영남HUB
2100002172,2026-06-01 13:44:00,집화처리,수도권HUB
2100002172,2026-06-02 00:44:00,간선상차,수도권HUB
2100002172,2026-06-02 18:44:00,간선하차,수도권HUB
2100002172,2026-06-03 13:44:00,배송출발,수도권HUB
2100002172,2026-06-04 03:44:00,배송완료,수도권HUB
1100002173,2026-06-29 20:20:00,집화처리,영남HUB
1100002173,2026-06-30 04:20:00,간선상차,영남HUB
1100002173,2026-06-30 14:20:00,간선하차,영남HUB
1100002173,2026-07-01 04:20:00,배송출발,영남HUB
1100002173,2026-07-01 20:20:00,배송완료,영남HUB
4100002174,2026-06-03 10:27:00,집화처리,중부HUB
4100002174,2026-06-03 19:27:00,간선상차,중부HUB
4100002174,2026-06-04 04:27:00,간선하차,중부HUB
4100002174,2026-06-04 08:27:00,배송출발,중부HUB
4100002174,2026-06-04 15:27:00,배송완료,중부HUB
1100002175,2026-07-04 06:08:00,집화처리,수도권HUB
1100002175,2026-07-04 17:08:00,간선상차,수도권HUB
1100002175,2026-07-05 02:08:00,간선하차,수도권HUB
1100002175,2026-07-05 11:08:00,배송출발,수도권HUB
1100002175,2026-07-05 17:08:00,배송완료,수도권HUB
3200002176,2026-06-23 10:54:00,집화처리,영남HUB
3200002176,2026-06-24 02:54:00,간선상차,영남HUB
3200002176,2026-06-24 13:54:00,간선하차,영남HUB
3200002176,2026-06-24 23:54:00,배송출발,영남HUB
3200002176,2026-06-25 04:54:00,배송완료,영남HUB
3200002177,2026-06-17 20:50:00,집화처리,영남HUB
3200002177,2026-06-18 11:50:00,간선상차,영남HUB
3200002177,2026-06-19 05:50:00,간선하차,영남HUB
3200002177,2026-06-19 11:50:00,배송출발,영남HUB
3200002177,2026-06-19 14:50:00,배송완료,영남HUB
1100002178,2026-05-01 19:46:00,집화처리,중부HUB
1100002178,2026-05-02 11:46:00,간선상차,중부HUB
1100002178,2026-05-03 06:46:00,간선하차,중부HUB
1100002178,2026-05-03 22:46:00,배송출발,중부HUB
1100002178,2026-05-04 01:46:00,배송완료,중부HUB
1100002179,2026-07-28 04:38:00,집화처리,수도권HUB
1100002179,2026-07-28 18:38:00,간선상차,수도권HUB
1100002179,2026-07-29 13:38:00,간선하차,수도권HUB
1100002179,2026-07-29 23:38:00,배송출발,수도권HUB
1100002179,2026-07-30 13:38:00,배송완료,수도권HUB
1200002180,2026-07-10 15:06:00,집화처리,영남HUB
1200002180,2026-07-11 00:06:00,간선상차,영남HUB
1200002180,2026-07-11 08:06:00,간선하차,영남HUB
1200002180,2026-07-11 22:06:00,배송출발,영남HUB
1200002180,2026-07-12 13:06:00,배송완료,영남HUB
1100002181,2026-06-26 18:25:00,집화처리,영남HUB
1100002181,2026-06-27 04:25:00,간선상차,영남HUB
1100002181,2026-06-27 11:25:00,간선하차,영남HUB
1100002181,2026-06-28 02:25:00,배송출발,영남HUB
1100002181,2026-06-28 11:25:00,배송완료,영남HUB
4100002182,2026-07-14 23:20:00,집화처리,수도권HUB
4100002182,2026-07-15 02:20:00,간선상차,수도권HUB
4100002182,2026-07-15 09:20:00,간선하차,수도권HUB
4100002182,2026-07-15 22:20:00,배송출발,수도권HUB
4100002182,2026-07-16 06:20:00,배송완료,수도권HUB
1100002183,2026-07-09 18:01:00,집화처리,중부HUB
1100002183,2026-07-10 08:01:00,간선상차,중부HUB
1100002183,2026-07-11 00:01:00,간선하차,중부HUB
1100002183,2026-07-11 18:01:00,배송출발,중부HUB
1100002183,2026-07-12 05:01:00,배송완료,중부HUB
4100002184,2026-07-14 05:24:00,집화처리,호남HUB
4100002184,2026-07-14 16:24:00,간선상차,호남HUB
4100002184,2026-07-15 05:24:00,간선하차,호남HUB
4100002184,2026-07-15 16:24:00,배송출발,호남HUB
4100002184,2026-07-16 09:24:00,배송완료,호남HUB
3200002185,2026-07-21 06:54:00,집화처리,수도권HUB
3200002185,2026-07-21 21:54:00,간선상차,수도권HUB
3200002185,2026-07-22 06:54:00,간선하차,수도권HUB
3200002185,2026-07-22 22:54:00,배송출발,수도권HUB
3200002185,2026-07-23 04:54:00,배송완료,수도권HUB
3200002186,2026-07-17 19:53:00,집화처리,중부HUB
3200002186,2026-07-18 10:53:00,간선상차,중부HUB
3200002186,2026-07-19 06:53:00,간선하차,중부HUB
3200002186,2026-07-19 17:53:00,배송출발,중부HUB
3200002186,2026-07-20 10:53:00,배송완료,중부HUB
3200002187,2026-06-15 19:10:00,집화처리,중부HUB
3200002187,2026-06-16 00:10:00,간선상차,중부HUB
3200002187,2026-06-16 07:10:00,간선하차,중부HUB
3200002187,2026-06-16 15:10:00,배송출발,중부HUB
3200002187,2026-06-17 08:10:00,배송완료,중부HUB
3100002188,2026-07-29 08:52:00,집화처리,수도권HUB
3100002188,2026-07-29 11:52:00,간선상차,수도권HUB
3100002188,2026-07-29 23:52:00,간선하차,수도권HUB
3100002188,2026-07-30 08:52:00,배송출발,수도권HUB
3100002188,2026-07-31 03:52:00,배송완료,수도권HUB
3200002189,2026-06-05 22:28:00,집화처리,호남HUB
3200002189,2026-06-06 05:28:00,간선상차,호남HUB
3200002189,2026-06-07 01:28:00,간선하차,호남HUB
3200002189,2026-06-07 06:28:00,배송출발,호남HUB
3200002189,2026-06-07 11:28:00,배송완료,호남HUB
1200002190,2026-05-29 05:54:00,집화처리,수도권HUB
1200002190,2026-05-29 23:54:00,간선상차,수도권HUB
1200002190,2026-05-30 05:54:00,간선하차,수도권HUB
1200002190,2026-05-30 11:54:00,배송출발,수도권HUB
1200002190,2026-05-30 14:54:00,배송완료,수도권HUB
1100002191,2026-05-12 13:46:00,집화처리,수도권HUB
1100002191,2026-05-12 20:46:00,간선상차,수도권HUB
1100002191,2026-05-13 09:46:00,간선하차,수도권HUB
1100002191,2026-05-14 00:46:00,배송출발,수도권HUB
1100002191,2026-05-14 03:46:00,배송완료,수도권HUB
2100002192,2026-06-30 21:39:00,집화처리,중부HUB
2100002192,2026-07-01 01:39:00,간선상차,중부HUB
2100002192,2026-07-01 06:39:00,간선하차,중부HUB
2100002192,2026-07-01 18:39:00,배송출발,중부HUB
2100002192,2026-07-02 02:39:00,배송완료,중부HUB
3200002193,2026-07-27 22:37:00,집화처리,영남HUB
3200002193,2026-07-28 12:37:00,간선상차,영남HUB
3200002193,2026-07-29 00:37:00,간선하차,영남HUB
3200002193,2026-07-29 03:37:00,배송출발,영남HUB
3200002193,2026-07-29 08:37:00,배송완료,영남HUB
1200002194,2026-07-09 23:52:00,집화처리,제주HUB
1200002194,2026-07-10 03:52:00,간선상차,제주HUB
1200002194,2026-07-10 13:52:00,간선하차,제주HUB
1200002194,2026-07-11 03:52:00,배송출발,제주HUB
1200002194,2026-07-11 20:52:00,배송완료,제주HUB
4100002195,2026-05-15 16:30:00,집화처리,영남HUB
4100002195,2026-05-16 08:30:00,간선상차,영남HUB
4100002195,2026-05-16 14:30:00,간선하차,영남HUB
4100002195,2026-05-17 04:30:00,배송출발,영남HUB
4100002195,2026-05-17 10:30:00,배송완료,영남HUB
3100002196,2026-07-21 21:18:00,집화처리,중부HUB
3100002196,2026-07-22 06:18:00,간선상차,중부HUB
3100002196,2026-07-22 11:18:00,간선하차,중부HUB
3100002196,2026-07-23 07:18:00,배송출발,중부HUB
3100002196,2026-07-23 10:18:00,배송완료,중부HUB
3200002197,2026-07-18 00:57:00,집화처리,수도권HUB
3200002197,2026-07-18 16:57:00,간선상차,수도권HUB
3200002197,2026-07-19 09:57:00,간선하차,수도권HUB
3200002197,2026-07-19 13:57:00,배송출발,수도권HUB
3200002197,2026-07-19 18:57:00,배송완료,수도권HUB
2100002198,2026-05-18 22:44:00,집화처리,중부HUB
2100002198,2026-05-19 04:44:00,간선상차,중부HUB
2100002198,2026-05-19 11:44:00,간선하차,중부HUB
2100002198,2026-05-19 18:44:00,배송출발,중부HUB
2100002198,2026-05-20 06:44:00,배송완료,중부HUB
1100002199,2026-06-17 00:09:00,집화처리,수도권HUB
1100002199,2026-06-17 18:09:00,간선상차,수도권HUB
1100002199,2026-06-18 13:09:00,간선하차,수도권HUB
1100002199,2026-06-18 21:09:00,배송출발,수도권HUB
1100002199,2026-06-19 16:09:00,배송완료,수도권HUB
3100002200,2026-05-19 02:22:00,집화처리,중부HUB
3100002200,2026-05-19 06:22:00,간선상차,중부HUB
3100002200,2026-05-19 11:22:00,간선하차,중부HUB
3100002200,2026-05-20 07:22:00,배송출발,중부HUB
3100002200,2026-05-20 23:22:00,배송완료,중부HUB
1100002201,2026-07-03 22:11:00,집화처리,중부HUB
1100002201,2026-07-04 03:11:00,간선상차,중부HUB
1100002201,2026-07-04 09:11:00,간선하차,중부HUB
1100002201,2026-07-04 16:11:00,배송출발,중부HUB
1100002201,2026-07-04 19:11:00,배송완료,중부HUB
1100002202,2026-05-30 04:16:00,집화처리,영남HUB
1100002202,2026-05-30 15:16:00,간선상차,영남HUB
1100002202,2026-05-31 04:16:00,간선하차,영남HUB
1100002202,2026-05-31 20:16:00,배송출발,영남HUB
1100002202,2026-06-01 01:16:00,배송완료,영남HUB
1100002203,2026-06-09 06:12:00,집화처리,수도권HUB
1100002203,2026-06-09 12:12:00,간선상차,수도권HUB
1100002203,2026-06-09 20:12:00,간선하차,수도권HUB
1100002203,2026-06-10 13:12:00,배송출발,수도권HUB
1100002203,2026-06-10 20:12:00,배송완료,수도권HUB
1100002204,2026-05-12 11:26:00,집화처리,영남HUB
1100002204,2026-05-12 23:26:00,간선상차,영남HUB
1100002204,2026-05-13 14:26:00,간선하차,영남HUB
1100002204,2026-05-14 10:26:00,배송출발,영남HUB
1100002204,2026-05-14 21:26:00,배송완료,영남HUB
4100002205,2026-06-06 06:41:00,집화처리,중부HUB
4100002205,2026-06-06 12:41:00,간선상차,중부HUB
4100002205,2026-06-06 18:41:00,간선하차,중부HUB
4100002205,2026-06-07 08:41:00,배송출발,중부HUB
4100002205,2026-06-08 02:41:00,배송완료,중부HUB
1200002206,2026-05-26 11:26:00,집화처리,영남HUB
1200002206,2026-05-27 00:26:00,간선상차,영남HUB
1200002206,2026-05-27 19:26:00,간선하차,영남HUB
1200002206,2026-05-28 10:26:00,배송출발,영남HUB
1200002206,2026-05-28 21:26:00,배송완료,영남HUB
2100002207,2026-07-14 09:53:00,집화처리,영남HUB
2100002207,2026-07-15 00:53:00,간선상차,영남HUB
2100002207,2026-07-15 11:53:00,간선하차,영남HUB
2100002207,2026-07-15 17:53:00,배송출발,영남HUB
2100002207,2026-07-15 22:53:00,배송완료,영남HUB
4100002208,2026-06-23 05:57:00,집화처리,수도권HUB
4100002208,2026-06-23 11:57:00,간선상차,수도권HUB
4100002208,2026-06-23 21:57:00,간선하차,수도권HUB
4100002208,2026-06-24 02:57:00,배송출발,수도권HUB
4100002208,2026-06-24 16:57:00,배송완료,수도권HUB
4100002209,2026-06-02 09:58:00,집화처리,중부HUB
4100002209,2026-06-02 12:58:00,간선상차,중부HUB
4100002209,2026-06-03 02:58:00,간선하차,중부HUB
4100002209,2026-06-03 08:58:00,배송출발,중부HUB
4100002209,2026-06-04 03:58:00,배송완료,중부HUB
1200002210,2026-07-19 16:15:00,집화처리,수도권HUB
1200002210,2026-07-20 10:15:00,간선상차,수도권HUB
1200002210,2026-07-21 02:15:00,간선하차,수도권HUB
1200002210,2026-07-21 16:15:00,배송출발,수도권HUB
1200002210,2026-07-22 05:15:00,배송완료,수도권HUB
1200002211,2026-05-04 21:57:00,집화처리,영남HUB
1200002211,2026-05-05 12:57:00,간선상차,영남HUB
1200002211,2026-05-06 00:57:00,간선하차,영남HUB
1200002211,2026-05-06 04:57:00,배송출발,영남HUB
1200002211,2026-05-06 13:57:00,배송완료,영남HUB
2100002212,2026-06-27 07:41:00,집화처리,중부HUB
2100002212,2026-06-28 03:41:00,간선상차,중부HUB
2100002212,2026-06-28 18:41:00,간선하차,중부HUB
2100002212,2026-06-28 23:41:00,배송출발,중부HUB
2100002212,2026-06-29 08:41:00,배송완료,중부HUB
3100002213,2026-08-01 05:51:00,집화처리,중부HUB
3100002213,2026-08-02 01:51:00,간선상차,중부HUB
3100002213,2026-08-02 17:51:00,간선하차,중부HUB
3100002213,2026-08-03 12:51:00,배송출발,중부HUB
3100002213,2026-08-03 19:51:00,배송완료,중부HUB
1100002214,2026-06-10 00:10:00,집화처리,수도권HUB
1100002214,2026-06-10 05:10:00,간선상차,수도권HUB
1100002214,2026-06-11 00:10:00,간선하차,수도권HUB
1100002214,2026-06-11 10:10:00,배송출발,수도권HUB
1100002214,2026-06-11 17:10:00,배송완료,수도권HUB
1100002215,2026-06-04 13:36:00,집화처리,영남HUB
1100002215,2026-06-04 18:36:00,간선상차,영남HUB
1100002215,2026-06-05 02:36:00,간선하차,영남HUB
1100002215,2026-06-05 05:36:00,배송출발,영남HUB
1100002215,2026-06-05 23:36:00,배송완료,영남HUB
1200002216,2026-08-04 23:12:00,집화처리,영남HUB
3100002217,2026-05-21 02:13:00,집화처리,영남HUB
3100002217,2026-05-21 09:13:00,간선상차,영남HUB
3100002217,2026-05-21 15:13:00,간선하차,영남HUB
3100002217,2026-05-21 21:13:00,배송출발,영남HUB
3100002217,2026-05-22 07:13:00,배송완료,영남HUB
1100002218,2026-06-29 22:19:00,집화처리,수도권HUB
1100002218,2026-06-30 18:19:00,간선상차,수도권HUB
1100002218,2026-07-01 12:19:00,간선하차,수도권HUB
1100002218,2026-07-01 20:19:00,배송출발,수도권HUB
1100002218,2026-07-02 14:19:00,배송완료,수도권HUB
4100002219,2026-06-02 16:11:00,집화처리,영남HUB
4100002219,2026-06-03 09:11:00,간선상차,영남HUB
4100002219,2026-06-04 00:11:00,간선하차,영남HUB
4100002219,2026-06-04 06:11:00,배송출발,영남HUB
4100002219,2026-06-04 18:11:00,배송완료,영남HUB
3100002220,2026-06-16 02:01:00,집화처리,수도권HUB
3100002220,2026-06-16 18:01:00,간선상차,수도권HUB
3100002220,2026-06-17 03:01:00,간선하차,수도권HUB
3100002220,2026-06-17 22:01:00,배송출발,수도권HUB
3100002220,2026-06-18 14:01:00,배송완료,수도권HUB
1200002221,2026-06-23 06:50:00,집화처리,중부HUB
1200002221,2026-06-23 17:50:00,간선상차,중부HUB
1200002221,2026-06-23 22:50:00,간선하차,중부HUB
1200002221,2026-06-24 06:50:00,배송출발,중부HUB
1200002221,2026-06-24 22:50:00,배송완료,중부HUB
3200002222,2026-06-30 14:34:00,집화처리,제주HUB
3200002222,2026-06-30 20:34:00,간선상차,제주HUB
3200002222,2026-07-01 08:34:00,간선하차,제주HUB
3200002222,2026-07-01 20:34:00,배송출발,제주HUB
3200002222,2026-07-02 03:34:00,배송완료,제주HUB
2100002223,2026-07-11 10:05:00,집화처리,영남HUB
2100002223,2026-07-12 04:05:00,간선상차,영남HUB
2100002223,2026-07-12 23:05:00,간선하차,영남HUB
2100002223,2026-07-13 19:05:00,배송출발,영남HUB
2100002223,2026-07-14 02:05:00,배송완료,영남HUB
1200002224,2026-07-11 01:56:00,집화처리,영남HUB
1200002224,2026-07-11 16:56:00,간선상차,영남HUB
1200002224,2026-07-12 01:56:00,간선하차,영남HUB
1200002224,2026-07-12 06:56:00,배송출발,영남HUB
1200002224,2026-07-12 18:56:00,배송완료,영남HUB
1100002225,2026-05-19 05:25:00,집화처리,제주HUB
1100002225,2026-05-19 22:25:00,간선상차,제주HUB
1100002225,2026-05-20 14:25:00,간선하차,제주HUB
1100002225,2026-05-21 00:25:00,배송출발,제주HUB
1100002225,2026-05-21 12:25:00,배송완료,제주HUB
4100002226,2026-07-25 03:35:00,집화처리,영남HUB
4100002226,2026-07-25 14:35:00,간선상차,영남HUB
4100002226,2026-07-26 09:35:00,간선하차,영남HUB
4100002226,2026-07-26 22:35:00,배송출발,영남HUB
4100002226,2026-07-27 13:35:00,배송완료,영남HUB
1100002227,2026-07-22 23:39:00,집화처리,호남HUB
1100002227,2026-07-23 19:39:00,간선상차,호남HUB
1100002227,2026-07-24 09:39:00,간선하차,호남HUB
1100002227,2026-07-24 13:39:00,배송출발,호남HUB
1100002227,2026-07-24 18:39:00,배송완료,호남HUB
2100002228,2026-07-23 12:35:00,집화처리,영남HUB
2100002228,2026-07-23 22:35:00,간선상차,영남HUB
2100002228,2026-07-24 17:35:00,간선하차,영남HUB
2100002228,2026-07-25 05:35:00,배송출발,영남HUB
2100002228,2026-07-25 20:35:00,배송완료,영남HUB
1200002229,2026-05-12 05:07:00,집화처리,중부HUB
1200002229,2026-05-12 22:07:00,간선상차,중부HUB
1200002229,2026-05-13 12:07:00,간선하차,중부HUB
1200002229,2026-05-14 08:07:00,배송출발,중부HUB
1200002229,2026-05-14 20:07:00,배송완료,중부HUB
1200002230,2026-05-04 16:36:00,집화처리,제주HUB
1200002230,2026-05-04 22:36:00,간선상차,제주HUB
1200002230,2026-05-05 01:36:00,간선하차,제주HUB
1200002230,2026-05-05 10:36:00,배송출발,제주HUB
1200002230,2026-05-06 05:36:00,배송완료,제주HUB
2100002231,2026-05-27 13:07:00,집화처리,수도권HUB
2100002231,2026-05-27 19:07:00,간선상차,수도권HUB
2100002231,2026-05-28 03:07:00,간선하차,수도권HUB
2100002231,2026-05-28 19:07:00,배송출발,수도권HUB
2100002231,2026-05-29 02:07:00,배송완료,수도권HUB
1200002232,2026-05-13 05:55:00,집화처리,수도권HUB
1200002232,2026-05-13 18:55:00,간선상차,수도권HUB
1200002232,2026-05-14 11:55:00,간선하차,수도권HUB
1200002232,2026-05-15 04:55:00,배송출발,수도권HUB
1200002232,2026-05-15 12:55:00,배송완료,수도권HUB
1200002233,2026-05-16 05:36:00,집화처리,영남HUB
1200002233,2026-05-16 11:36:00,간선상차,영남HUB
1200002233,2026-05-17 04:36:00,간선하차,영남HUB
1200002233,2026-05-17 10:36:00,배송출발,영남HUB
1200002233,2026-05-17 17:36:00,배송완료,영남HUB
1200002234,2026-07-21 02:55:00,집화처리,수도권HUB
1200002234,2026-07-21 08:55:00,간선상차,수도권HUB
1200002234,2026-07-21 18:55:00,간선하차,수도권HUB
1200002234,2026-07-22 02:55:00,배송출발,수도권HUB
1200002234,2026-07-22 19:55:00,배송완료,수도권HUB
3200002235,2026-05-19 18:04:00,집화처리,호남HUB
3200002235,2026-05-20 04:04:00,간선상차,호남HUB
3200002235,2026-05-20 17:04:00,간선하차,호남HUB
3200002235,2026-05-21 09:04:00,배송출발,호남HUB
3200002235,2026-05-21 16:04:00,배송완료,호남HUB
1100002236,2026-07-06 18:51:00,집화처리,영남HUB
1100002236,2026-07-07 00:51:00,간선상차,영남HUB
1100002236,2026-07-07 13:51:00,간선하차,영남HUB
1100002236,2026-07-08 05:51:00,배송출발,영남HUB
1100002236,2026-07-08 13:51:00,배송완료,영남HUB
3100002237,2026-05-09 08:47:00,집화처리,중부HUB
3100002237,2026-05-09 16:47:00,간선상차,중부HUB
3100002237,2026-05-09 20:47:00,간선하차,중부HUB
3100002237,2026-05-10 15:47:00,배송출발,중부HUB
3100002237,2026-05-10 20:47:00,배송완료,중부HUB
1200002238,2026-06-23 11:38:00,집화처리,중부HUB
1200002238,2026-06-23 20:38:00,간선상차,중부HUB
1200002238,2026-06-24 09:38:00,간선하차,중부HUB
1200002238,2026-06-24 17:38:00,배송출발,중부HUB
1200002238,2026-06-25 11:38:00,배송완료,중부HUB
2100002239,2026-06-09 03:42:00,집화처리,수도권HUB
2100002239,2026-06-09 16:42:00,간선상차,수도권HUB
2100002239,2026-06-10 00:42:00,간선하차,수도권HUB
2100002239,2026-06-10 04:42:00,배송출발,수도권HUB
2100002239,2026-06-10 17:42:00,배송완료,수도권HUB
1100002240,2026-06-09 02:02:00,집화처리,호남HUB
1100002240,2026-06-09 13:02:00,간선상차,호남HUB
1100002240,2026-06-10 02:02:00,간선하차,호남HUB
1100002240,2026-06-10 07:02:00,배송출발,호남HUB
1100002240,2026-06-10 22:02:00,배송완료,호남HUB
1100002241,2026-07-14 06:54:00,집화처리,호남HUB
1100002241,2026-07-14 18:54:00,간선상차,호남HUB
1100002241,2026-07-15 13:54:00,간선하차,호남HUB
1100002241,2026-07-15 22:54:00,배송출발,호남HUB
1100002241,2026-07-16 14:54:00,배송완료,호남HUB
4100002242,2026-06-04 07:02:00,집화처리,호남HUB
4100002242,2026-06-04 20:02:00,간선상차,호남HUB
4100002242,2026-06-05 06:02:00,간선하차,호남HUB
4100002242,2026-06-05 19:02:00,배송출발,호남HUB
4100002242,2026-06-06 14:02:00,배송완료,호남HUB
1100002243,2026-07-20 18:48:00,집화처리,영남HUB
1100002243,2026-07-21 10:48:00,간선상차,영남HUB
1100002243,2026-07-21 20:48:00,간선하차,영남HUB
1100002243,2026-07-22 00:48:00,배송출발,영남HUB
1100002243,2026-07-22 16:48:00,배송완료,영남HUB
4100002244,2026-06-12 01:41:00,집화처리,중부HUB
4100002244,2026-06-12 21:41:00,간선상차,중부HUB
4100002244,2026-06-13 02:41:00,간선하차,중부HUB
4100002244,2026-06-13 22:41:00,배송출발,중부HUB
4100002244,2026-06-14 05:41:00,배송완료,중부HUB
1100002245,2026-05-24 10:11:00,집화처리,영남HUB
1100002245,2026-05-24 17:11:00,간선상차,영남HUB
1100002245,2026-05-25 07:11:00,간선하차,영남HUB
1100002245,2026-05-25 20:11:00,배송출발,영남HUB
1100002245,2026-05-26 07:11:00,배송완료,영남HUB
2100002246,2026-05-04 08:08:00,집화처리,영남HUB
2100002246,2026-05-05 03:08:00,간선상차,영남HUB
2100002246,2026-05-05 15:08:00,간선하차,영남HUB
2100002246,2026-05-06 03:08:00,배송출발,영남HUB
2100002246,2026-05-06 10:08:00,배송완료,영남HUB
1100002247,2026-06-21 23:06:00,집화처리,수도권HUB
1100002247,2026-06-22 09:06:00,간선상차,수도권HUB
1100002247,2026-06-23 04:06:00,간선하차,수도권HUB
1100002247,2026-06-23 21:06:00,배송출발,수도권HUB
1100002247,2026-06-24 06:06:00,배송완료,수도권HUB
1100002248,2026-07-29 06:50:00,집화처리,수도권HUB
1100002248,2026-07-30 00:50:00,간선상차,수도권HUB
1100002248,2026-07-30 17:50:00,간선하차,수도권HUB
1100002248,2026-07-31 11:50:00,배송출발,수도권HUB
1100002248,2026-07-31 14:50:00,배송완료,수도권HUB
3100002249,2026-06-25 18:09:00,집화처리,수도권HUB
3100002249,2026-06-26 03:09:00,간선상차,수도권HUB
3100002249,2026-06-26 17:09:00,간선하차,수도권HUB
3100002249,2026-06-27 03:09:00,배송출발,수도권HUB
3100002249,2026-06-27 12:09:00,배송완료,수도권HUB
1200002250,2026-07-02 05:46:00,집화처리,호남HUB
1200002250,2026-07-02 22:46:00,간선상차,호남HUB
1200002250,2026-07-03 16:46:00,간선하차,호남HUB
1200002250,2026-07-03 21:46:00,배송출발,호남HUB
1200002250,2026-07-04 01:46:00,배송완료,호남HUB
3100002251,2026-07-06 18:19:00,집화처리,수도권HUB
3100002251,2026-07-07 06:19:00,간선상차,수도권HUB
3100002251,2026-07-08 02:19:00,간선하차,수도권HUB
3100002251,2026-07-08 07:19:00,배송출발,수도권HUB
3100002251,2026-07-09 01:19:00,배송완료,수도권HUB
4100002252,2026-05-04 23:44:00,집화처리,중부HUB
4100002252,2026-05-05 17:44:00,간선상차,중부HUB
4100002252,2026-05-06 00:44:00,간선하차,중부HUB
4100002252,2026-05-06 08:44:00,배송출발,중부HUB
4100002252,2026-05-06 20:44:00,배송완료,중부HUB
3100002253,2026-07-16 05:14:00,집화처리,영남HUB
3100002253,2026-07-16 14:14:00,간선상차,영남HUB
3100002253,2026-07-17 04:14:00,간선하차,영남HUB
3100002253,2026-07-17 08:14:00,배송출발,영남HUB
3100002253,2026-07-17 18:14:00,배송완료,영남HUB
3100002254,2026-07-07 06:09:00,집화처리,호남HUB
3100002254,2026-07-07 20:09:00,간선상차,호남HUB
3100002254,2026-07-08 13:09:00,간선하차,호남HUB
3100002254,2026-07-09 04:09:00,배송출발,호남HUB
3100002254,2026-07-09 09:09:00,배송완료,호남HUB
3200002255,2026-05-06 19:04:00,집화처리,중부HUB
3200002255,2026-05-07 10:04:00,간선상차,중부HUB
3200002255,2026-05-08 05:04:00,간선하차,중부HUB
3200002255,2026-05-08 23:04:00,배송출발,중부HUB
3200002255,2026-05-09 16:04:00,배송완료,중부HUB
4100002256,2026-07-15 07:33:00,집화처리,수도권HUB
4100002256,2026-07-16 02:33:00,간선상차,수도권HUB
4100002256,2026-07-16 19:33:00,간선하차,수도권HUB
4100002256,2026-07-16 23:33:00,배송출발,수도권HUB
4100002256,2026-07-17 11:33:00,배송완료,수도권HUB
4100002257,2026-07-10 04:40:00,집화처리,영남HUB
4100002257,2026-07-10 20:40:00,간선상차,영남HUB
4100002257,2026-07-11 07:40:00,간선하차,영남HUB
4100002257,2026-07-11 10:40:00,배송출발,영남HUB
4100002257,2026-07-11 23:40:00,배송완료,영남HUB
1100002258,2026-06-29 21:34:00,집화처리,영남HUB
1100002258,2026-06-30 00:34:00,간선상차,영남HUB
1100002258,2026-06-30 15:34:00,간선하차,영남HUB
1100002258,2026-06-30 21:34:00,배송출발,영남HUB
1100002258,2026-07-01 10:34:00,배송완료,영남HUB
1100002259,2026-06-16 05:45:00,집화처리,영남HUB
1100002259,2026-06-16 19:45:00,간선상차,영남HUB
1100002259,2026-06-17 09:45:00,간선하차,영남HUB
1100002259,2026-06-17 20:45:00,배송출발,영남HUB
1100002259,2026-06-18 10:45:00,배송완료,영남HUB
4100002260,2026-06-04 07:11:00,집화처리,수도권HUB
4100002260,2026-06-04 18:11:00,간선상차,수도권HUB
4100002260,2026-06-05 00:11:00,간선하차,수도권HUB
4100002260,2026-06-05 12:11:00,배송출발,수도권HUB
4100002260,2026-06-06 01:11:00,배송완료,수도권HUB
1100002261,2026-05-26 09:52:00,집화처리,제주HUB
1100002261,2026-05-26 16:52:00,간선상차,제주HUB
1100002261,2026-05-27 07:52:00,간선하차,제주HUB
1100002261,2026-05-27 23:52:00,배송출발,제주HUB
1100002261,2026-05-28 11:52:00,배송완료,제주HUB
4100002262,2026-06-24 03:06:00,집화처리,호남HUB
4100002262,2026-06-24 19:06:00,간선상차,호남HUB
4100002262,2026-06-24 23:06:00,간선하차,호남HUB
4100002262,2026-06-25 06:06:00,배송출발,호남HUB
4100002262,2026-06-25 12:06:00,배송완료,호남HUB
4100002263,2026-05-31 17:21:00,집화처리,수도권HUB
4100002263,2026-06-01 01:21:00,간선상차,수도권HUB
4100002263,2026-06-01 08:21:00,간선하차,수도권HUB
4100002263,2026-06-02 00:21:00,배송출발,수도권HUB
4100002263,2026-06-02 20:21:00,배송완료,수도권HUB
4100002264,2026-06-09 11:02:00,집화처리,수도권HUB
4100002264,2026-06-10 02:02:00,간선상차,수도권HUB
4100002264,2026-06-10 05:02:00,간선하차,수도권HUB
4100002264,2026-06-11 00:02:00,배송출발,수도권HUB
4100002264,2026-06-11 18:02:00,배송완료,수도권HUB
1100002265,2026-07-29 10:31:00,집화처리,영남HUB
1100002265,2026-07-29 23:31:00,간선상차,영남HUB
1100002265,2026-07-30 09:31:00,간선하차,영남HUB
1100002265,2026-07-31 04:31:00,배송출발,영남HUB
1100002265,2026-07-31 16:31:00,배송완료,영남HUB
1200002266,2026-05-05 02:11:00,집화처리,수도권HUB
1200002266,2026-05-05 17:11:00,간선상차,수도권HUB
1200002266,2026-05-06 02:11:00,간선하차,수도권HUB
1200002266,2026-05-06 19:11:00,배송출발,수도권HUB
1200002266,2026-05-07 10:11:00,배송완료,수도권HUB
1200002267,2026-07-18 12:11:00,집화처리,수도권HUB
1200002267,2026-07-19 04:11:00,간선상차,수도권HUB
1200002267,2026-07-19 20:11:00,간선하차,수도권HUB
1200002267,2026-07-20 08:11:00,배송출발,수도권HUB
1200002267,2026-07-20 23:11:00,배송완료,수도권HUB
4100002268,2026-05-30 01:37:00,집화처리,영남HUB
4100002268,2026-05-30 13:37:00,간선상차,영남HUB
4100002268,2026-05-31 00:37:00,간선하차,영남HUB
4100002268,2026-05-31 17:37:00,배송출발,영남HUB
4100002268,2026-06-01 06:37:00,배송완료,영남HUB
2100002269,2026-06-18 22:13:00,집화처리,중부HUB
2100002269,2026-06-19 08:13:00,간선상차,중부HUB
2100002269,2026-06-19 17:13:00,간선하차,중부HUB
2100002269,2026-06-20 01:13:00,배송출발,중부HUB
2100002269,2026-06-20 08:13:00,배송완료,중부HUB
3100002270,2026-05-05 16:21:00,집화처리,수도권HUB
3100002270,2026-05-06 05:21:00,간선상차,수도권HUB
3100002270,2026-05-06 16:21:00,간선하차,수도권HUB
3100002270,2026-05-06 19:21:00,배송출발,수도권HUB
3100002270,2026-05-07 14:21:00,배송완료,수도권HUB
2100002271,2026-06-11 11:35:00,집화처리,영남HUB
2100002271,2026-06-12 00:35:00,간선상차,영남HUB
2100002271,2026-06-12 18:35:00,간선하차,영남HUB
2100002271,2026-06-13 01:35:00,배송출발,영남HUB
2100002271,2026-06-13 18:35:00,배송완료,영남HUB
1100002272,2026-07-06 19:26:00,집화처리,수도권HUB
1100002272,2026-07-07 07:26:00,간선상차,수도권HUB
1100002272,2026-07-07 19:26:00,간선하차,수도권HUB
1100002272,2026-07-08 06:26:00,배송출발,수도권HUB
1100002272,2026-07-08 19:26:00,배송완료,수도권HUB
1100002273,2026-05-16 10:31:00,집화처리,수도권HUB
1100002273,2026-05-17 05:31:00,간선상차,수도권HUB
1100002273,2026-05-17 21:31:00,간선하차,수도권HUB
1100002273,2026-05-18 03:31:00,배송출발,수도권HUB
1100002273,2026-05-18 21:31:00,배송완료,수도권HUB
3100002274,2026-06-19 11:08:00,집화처리,수도권HUB
3100002274,2026-06-20 02:08:00,간선상차,수도권HUB
3100002274,2026-06-20 10:08:00,간선하차,수도권HUB
3100002274,2026-06-21 04:08:00,배송출발,수도권HUB
3100002274,2026-06-21 22:08:00,배송완료,수도권HUB
1100002275,2026-07-10 04:53:00,집화처리,수도권HUB
1100002275,2026-07-10 20:53:00,간선상차,수도권HUB
1100002275,2026-07-11 05:53:00,간선하차,수도권HUB
1100002275,2026-07-11 15:53:00,배송출발,수도권HUB
1100002275,2026-07-12 10:53:00,배송완료,수도권HUB
3200002276,2026-05-06 15:48:00,집화처리,호남HUB
3200002276,2026-05-07 08:48:00,간선상차,호남HUB
3200002276,2026-05-07 19:48:00,간선하차,호남HUB
3200002276,2026-05-08 07:48:00,배송출발,호남HUB
3200002276,2026-05-08 13:48:00,배송완료,호남HUB
2100002277,2026-05-21 00:30:00,집화처리,수도권HUB
2100002277,2026-05-21 18:30:00,간선상차,수도권HUB
2100002277,2026-05-22 09:30:00,간선하차,수도권HUB
2100002277,2026-05-23 04:30:00,배송출발,수도권HUB
2100002277,2026-05-23 18:30:00,배송완료,수도권HUB
1100002278,2026-05-27 05:33:00,집화처리,영남HUB
1100002278,2026-05-27 11:33:00,간선상차,영남HUB
1100002278,2026-05-28 03:33:00,간선하차,영남HUB
1100002278,2026-05-28 14:33:00,배송출발,영남HUB
1100002278,2026-05-28 17:33:00,배송완료,영남HUB
1100002279,2026-07-21 14:16:00,집화처리,영남HUB
1100002279,2026-07-22 08:16:00,간선상차,영남HUB
1100002279,2026-07-22 17:16:00,간선하차,영남HUB
1100002279,2026-07-23 04:16:00,배송출발,영남HUB
1100002279,2026-07-23 09:16:00,배송완료,영남HUB
1200002280,2026-05-05 04:20:00,집화처리,수도권HUB
1200002280,2026-05-05 12:20:00,간선상차,수도권HUB
1200002280,2026-05-06 00:20:00,간선하차,수도권HUB
1200002280,2026-05-06 03:20:00,배송출발,수도권HUB
1200002280,2026-05-06 20:20:00,배송완료,수도권HUB
2100002281,2026-06-11 09:04:00,집화처리,수도권HUB
2100002281,2026-06-11 23:04:00,간선상차,수도권HUB
2100002281,2026-06-12 02:04:00,간선하차,수도권HUB
2100002281,2026-06-12 16:04:00,배송출발,수도권HUB
2100002281,2026-06-13 08:04:00,배송완료,수도권HUB
1100002282,2026-06-23 22:13:00,집화처리,영남HUB
1100002282,2026-06-24 01:13:00,간선상차,영남HUB
1100002282,2026-06-24 08:13:00,간선하차,영남HUB
1100002282,2026-06-24 14:13:00,배송출발,영남HUB
1100002282,2026-06-25 01:13:00,배송완료,영남HUB
2100002283,2026-07-24 23:38:00,집화처리,영남HUB
2100002283,2026-07-25 03:38:00,간선상차,영남HUB
2100002283,2026-07-25 21:38:00,간선하차,영남HUB
2100002283,2026-07-26 09:38:00,배송출발,영남HUB
2100002283,2026-07-27 04:38:00,배송완료,영남HUB
1200002284,2026-06-09 13:07:00,집화처리,중부HUB
1200002284,2026-06-09 18:07:00,간선상차,중부HUB
1200002284,2026-06-10 00:07:00,간선하차,중부HUB
1200002284,2026-06-10 11:07:00,배송출발,중부HUB
1200002284,2026-06-11 03:07:00,배송완료,중부HUB
1100002285,2026-07-29 02:32:00,집화처리,영남HUB
1100002285,2026-07-29 17:32:00,간선상차,영남HUB
1100002285,2026-07-30 00:32:00,간선하차,영남HUB
1100002285,2026-07-30 04:32:00,배송출발,영남HUB
1100002285,2026-07-30 18:32:00,배송완료,영남HUB
3100002286,2026-07-16 08:52:00,집화처리,수도권HUB
3100002286,2026-07-16 21:52:00,간선상차,수도권HUB
3100002286,2026-07-17 08:52:00,간선하차,수도권HUB
3100002286,2026-07-18 03:52:00,배송출발,수도권HUB
3100002286,2026-07-18 13:52:00,배송완료,수도권HUB
2100002287,2026-07-11 05:55:00,집화처리,영남HUB
2100002287,2026-07-12 00:55:00,간선상차,영남HUB
2100002287,2026-07-12 12:55:00,간선하차,영남HUB
2100002287,2026-07-12 16:55:00,배송출발,영남HUB
2100002287,2026-07-13 00:55:00,배송완료,영남HUB
2100002288,2026-05-04 18:40:00,집화처리,중부HUB
2100002288,2026-05-04 23:40:00,간선상차,중부HUB
2100002288,2026-05-05 07:40:00,간선하차,중부HUB
2100002288,2026-05-06 02:40:00,배송출발,중부HUB
2100002288,2026-05-06 13:40:00,배송완료,중부HUB
2100002289,2026-06-30 06:43:00,집화처리,수도권HUB
2100002289,2026-06-30 09:43:00,간선상차,수도권HUB
2100002289,2026-07-01 00:43:00,간선하차,수도권HUB
2100002289,2026-07-01 04:43:00,배송출발,수도권HUB
2100002289,2026-07-01 15:43:00,배송완료,수도권HUB
1200002290,2026-05-12 02:20:00,집화처리,중부HUB
1200002290,2026-05-12 06:20:00,간선상차,중부HUB
1200002290,2026-05-12 23:20:00,간선하차,중부HUB
1200002290,2026-05-13 17:20:00,배송출발,중부HUB
1200002290,2026-05-14 05:20:00,배송완료,중부HUB
3200002291,2026-06-10 23:01:00,집화처리,영남HUB
3200002291,2026-06-11 17:01:00,간선상차,영남HUB
3200002291,2026-06-12 05:01:00,간선하차,영남HUB
3200002291,2026-06-12 16:01:00,배송출발,영남HUB
3200002291,2026-06-12 21:01:00,배송완료,영남HUB
1200002292,2026-07-23 13:02:00,집화처리,호남HUB
1200002292,2026-07-24 07:02:00,간선상차,호남HUB
1200002292,2026-07-24 17:02:00,간선하차,호남HUB
1200002292,2026-07-24 22:02:00,배송출발,호남HUB
1200002292,2026-07-25 08:02:00,배송완료,호남HUB
1100002293,2026-06-13 10:21:00,집화처리,중부HUB
1100002293,2026-06-13 21:21:00,간선상차,중부HUB
1100002293,2026-06-14 10:21:00,간선하차,중부HUB
1100002293,2026-06-14 14:21:00,배송출발,중부HUB
1100002293,2026-06-15 05:21:00,배송완료,중부HUB
4100002294,2026-05-02 05:54:00,집화처리,수도권HUB
4100002294,2026-05-02 09:54:00,간선상차,수도권HUB
4100002294,2026-05-02 20:54:00,간선하차,수도권HUB
4100002294,2026-05-03 14:54:00,배송출발,수도권HUB
4100002294,2026-05-04 09:54:00,배송완료,수도권HUB
2100002295,2026-06-27 10:49:00,집화처리,호남HUB
2100002295,2026-06-27 21:49:00,간선상차,호남HUB
2100002295,2026-06-28 16:49:00,간선하차,호남HUB
2100002295,2026-06-29 09:49:00,배송출발,호남HUB
2100002295,2026-06-29 22:49:00,배송완료,호남HUB
4100002296,2026-05-14 03:09:00,집화처리,중부HUB
4100002296,2026-05-14 11:09:00,간선상차,중부HUB
4100002296,2026-05-15 04:09:00,간선하차,중부HUB
4100002296,2026-05-15 20:09:00,배송출발,중부HUB
4100002296,2026-05-15 23:09:00,배송완료,중부HUB
4100002297,2026-06-25 06:23:00,집화처리,영남HUB
4100002297,2026-06-26 01:23:00,간선상차,영남HUB
4100002297,2026-06-26 21:23:00,간선하차,영남HUB
4100002297,2026-06-27 02:23:00,배송출발,영남HUB
4100002297,2026-06-27 21:23:00,배송완료,영남HUB
1100002298,2026-07-28 02:39:00,집화처리,중부HUB
1100002298,2026-07-28 21:39:00,간선상차,중부HUB
1100002298,2026-07-29 12:39:00,간선하차,중부HUB
1100002298,2026-07-29 21:39:00,배송출발,중부HUB
1100002298,2026-07-30 05:39:00,배송완료,중부HUB
1100002299,2026-05-12 03:30:00,집화처리,수도권HUB
1100002299,2026-05-12 16:30:00,간선상차,수도권HUB
1100002299,2026-05-13 09:30:00,간선하차,수도권HUB
1100002299,2026-05-13 18:30:00,배송출발,수도권HUB
1100002299,2026-05-13 23:30:00,배송완료,수도권HUB
2100002300,2026-06-02 06:23:00,집화처리,영남HUB
2100002300,2026-06-02 20:23:00,간선상차,영남HUB
2100002300,2026-06-03 15:23:00,간선하차,영남HUB
2100002300,2026-06-04 06:23:00,배송출발,영남HUB
2100002300,2026-06-04 09:23:00,배송완료,영남HUB
4100002301,2026-05-11 19:58:00,집화처리,영남HUB
4100002301,2026-05-12 15:58:00,간선상차,영남HUB
4100002301,2026-05-12 22:58:00,간선하차,영남HUB
4100002301,2026-05-13 15:58:00,배송출발,영남HUB
4100002301,2026-05-14 08:58:00,배송완료,영남HUB
4100002302,2026-07-23 06:40:00,집화처리,수도권HUB
4100002302,2026-07-23 14:40:00,간선상차,수도권HUB
4100002302,2026-07-23 23:40:00,간선하차,수도권HUB
4100002302,2026-07-24 06:40:00,배송출발,수도권HUB
4100002302,2026-07-24 15:40:00,배송완료,수도권HUB
1100002303,2026-07-07 11:46:00,집화처리,영남HUB
1100002303,2026-07-07 17:46:00,간선상차,영남HUB
1100002303,2026-07-08 00:46:00,간선하차,영남HUB
1100002303,2026-07-08 08:46:00,배송출발,영남HUB
1100002303,2026-07-08 23:46:00,배송완료,영남HUB
2100002304,2026-06-18 10:16:00,집화처리,중부HUB
2100002304,2026-06-18 22:16:00,간선상차,중부HUB
2100002304,2026-06-19 01:16:00,간선하차,중부HUB
2100002304,2026-06-19 17:16:00,배송출발,중부HUB
2100002304,2026-06-20 05:16:00,배송완료,중부HUB
3100002305,2026-07-15 00:25:00,집화처리,영남HUB
3100002305,2026-07-15 03:25:00,간선상차,영남HUB
3100002305,2026-07-15 07:25:00,간선하차,영남HUB
3100002305,2026-07-15 12:25:00,배송출발,영남HUB
3100002305,2026-07-15 17:25:00,배송완료,영남HUB
2100002306,2026-06-30 22:24:00,집화처리,수도권HUB
2100002306,2026-07-01 06:24:00,간선상차,수도권HUB
2100002306,2026-07-02 02:24:00,간선하차,수도권HUB
2100002306,2026-07-02 14:24:00,배송출발,수도권HUB
2100002306,2026-07-03 09:24:00,배송완료,수도권HUB
1100002307,2026-05-20 07:07:00,집화처리,영남HUB
1100002307,2026-05-20 20:07:00,간선상차,영남HUB
1100002307,2026-05-21 15:07:00,간선하차,영남HUB
1100002307,2026-05-22 00:07:00,배송출발,영남HUB
1100002307,2026-05-22 09:07:00,배송완료,영남HUB
1100002308,2026-05-05 19:46:00,집화처리,영남HUB
1100002308,2026-05-06 11:46:00,간선상차,영남HUB
1100002308,2026-05-06 19:46:00,간선하차,영남HUB
1100002308,2026-05-07 01:46:00,배송출발,영남HUB
1100002308,2026-05-07 08:46:00,배송완료,영남HUB
1100002309,2026-07-29 04:23:00,집화처리,중부HUB
1100002309,2026-07-29 22:23:00,간선상차,중부HUB
1100002309,2026-07-30 13:23:00,간선하차,중부HUB
1100002309,2026-07-31 03:23:00,배송출발,중부HUB
1100002309,2026-07-31 17:23:00,배송완료,중부HUB
4100002310,2026-06-18 00:29:00,집화처리,수도권HUB
4100002310,2026-06-18 04:29:00,간선상차,수도권HUB
4100002310,2026-06-18 22:29:00,간선하차,수도권HUB
4100002310,2026-06-19 03:29:00,배송출발,수도권HUB
4100002310,2026-06-19 13:29:00,배송완료,수도권HUB
2100002311,2026-05-27 12:05:00,집화처리,수도권HUB
2100002311,2026-05-28 08:05:00,간선상차,수도권HUB
2100002311,2026-05-28 22:05:00,간선하차,수도권HUB
2100002311,2026-05-29 10:05:00,배송출발,수도권HUB
2100002311,2026-05-29 14:05:00,배송완료,수도권HUB
1200002312,2026-07-14 00:35:00,집화처리,영남HUB
1200002312,2026-07-14 20:35:00,간선상차,영남HUB
1200002312,2026-07-15 01:35:00,간선하차,영남HUB
1200002312,2026-07-15 12:35:00,배송출발,영남HUB
1200002312,2026-07-16 01:35:00,배송완료,영남HUB
3100002313,2026-07-07 08:09:00,집화처리,수도권HUB
3100002313,2026-07-08 04:09:00,간선상차,수도권HUB
3100002313,2026-07-08 17:09:00,간선하차,수도권HUB
3100002313,2026-07-08 20:09:00,배송출발,수도권HUB
3100002313,2026-07-09 13:09:00,배송완료,수도권HUB
3200002314,2026-07-08 10:19:00,집화처리,영남HUB
3200002314,2026-07-08 21:19:00,간선상차,영남HUB
3200002314,2026-07-09 00:19:00,간선하차,영남HUB
3200002314,2026-07-09 09:19:00,배송출발,영남HUB
3200002314,2026-07-10 04:19:00,배송완료,영남HUB
4100002315,2026-05-26 21:04:00,집화처리,영남HUB
4100002315,2026-05-27 06:04:00,간선상차,영남HUB
4100002315,2026-05-27 22:04:00,간선하차,영남HUB
4100002315,2026-05-28 15:04:00,배송출발,영남HUB
4100002315,2026-05-28 18:04:00,배송완료,영남HUB
1200002316,2026-05-12 02:04:00,집화처리,영남HUB
1200002316,2026-05-12 05:04:00,간선상차,영남HUB
1200002316,2026-05-12 13:04:00,간선하차,영남HUB
1200002316,2026-05-13 00:04:00,배송출발,영남HUB
1200002316,2026-05-13 10:04:00,배송완료,영남HUB
2100002317,2026-07-13 18:10:00,집화처리,수도권HUB
2100002317,2026-07-14 01:10:00,간선상차,수도권HUB
2100002317,2026-07-14 08:10:00,간선하차,수도권HUB
2100002317,2026-07-15 01:10:00,배송출발,수도권HUB
2100002317,2026-07-15 09:10:00,배송완료,수도권HUB
2100002318,2026-07-17 22:57:00,집화처리,영남HUB
2100002318,2026-07-18 04:57:00,간선상차,영남HUB
2100002318,2026-07-19 00:57:00,간선하차,영남HUB
2100002318,2026-07-19 07:57:00,배송출발,영남HUB
2100002318,2026-07-19 10:57:00,배송완료,영남HUB
4100002319,2026-05-25 20:41:00,집화처리,수도권HUB
4100002319,2026-05-26 02:41:00,간선상차,수도권HUB
4100002319,2026-05-26 14:41:00,간선하차,수도권HUB
4100002319,2026-05-27 06:41:00,배송출발,수도권HUB
4100002319,2026-05-27 16:41:00,배송완료,수도권HUB
1100002320,2026-07-16 23:01:00,집화처리,수도권HUB
1100002320,2026-07-17 11:01:00,간선상차,수도권HUB
1100002320,2026-07-17 18:01:00,간선하차,수도권HUB
1100002320,2026-07-18 04:01:00,배송출발,수도권HUB
1100002320,2026-07-18 10:01:00,배송완료,수도권HUB
3100002321,2026-05-29 13:07:00,집화처리,영남HUB
3100002321,2026-05-30 01:07:00,간선상차,영남HUB
3100002321,2026-05-30 07:07:00,간선하차,영남HUB
3100002321,2026-05-30 22:07:00,배송출발,영남HUB
3100002321,2026-05-31 06:07:00,배송완료,영남HUB
1200002322,2026-06-02 00:27:00,집화처리,영남HUB
1200002322,2026-06-02 19:27:00,간선상차,영남HUB
1200002322,2026-06-03 14:27:00,간선하차,영남HUB
1200002322,2026-06-04 06:27:00,배송출발,영남HUB
1200002322,2026-06-04 23:27:00,배송완료,영남HUB
4100002323,2026-07-07 00:28:00,집화처리,수도권HUB
4100002323,2026-07-07 11:28:00,간선상차,수도권HUB
4100002323,2026-07-07 14:28:00,간선하차,수도권HUB
4100002323,2026-07-07 22:28:00,배송출발,수도권HUB
4100002323,2026-07-08 08:28:00,배송완료,수도권HUB
4100002324,2026-07-07 12:43:00,집화처리,수도권HUB
4100002324,2026-07-07 16:43:00,간선상차,수도권HUB
4100002324,2026-07-08 02:43:00,간선하차,수도권HUB
4100002324,2026-07-08 08:43:00,배송출발,수도권HUB
4100002324,2026-07-08 17:43:00,배송완료,수도권HUB
2100002325,2026-07-29 02:18:00,집화처리,수도권HUB
2100002325,2026-07-29 17:18:00,간선상차,수도권HUB
2100002325,2026-07-30 11:18:00,간선하차,수도권HUB
2100002325,2026-07-30 19:18:00,배송출발,수도권HUB
2100002325,2026-07-31 12:18:00,배송완료,수도권HUB
1100002326,2026-05-22 04:43:00,집화처리,영남HUB
1100002326,2026-05-22 14:43:00,간선상차,영남HUB
1100002326,2026-05-23 01:43:00,간선하차,영남HUB
1100002326,2026-05-23 05:43:00,배송출발,영남HUB
1100002326,2026-05-23 09:43:00,배송완료,영남HUB
2100002327,2026-05-07 06:27:00,집화처리,수도권HUB
2100002327,2026-05-08 01:27:00,간선상차,수도권HUB
2100002327,2026-05-08 15:27:00,간선하차,수도권HUB
2100002327,2026-05-09 06:27:00,배송출발,수도권HUB
2100002327,2026-05-10 00:27:00,배송완료,수도권HUB
4100002328,2026-06-23 05:54:00,집화처리,수도권HUB
4100002328,2026-06-24 01:54:00,간선상차,수도권HUB
4100002328,2026-06-24 17:54:00,간선하차,수도권HUB
4100002328,2026-06-25 10:54:00,배송출발,수도권HUB
4100002328,2026-06-25 20:54:00,배송완료,수도권HUB
4100002329,2026-08-04 02:24:00,집화처리,수도권HUB
4100002329,2026-08-04 12:24:00,간선상차,수도권HUB
4100002329,2026-08-04 22:24:00,간선하차,수도권HUB
4100002329,2026-08-05 11:24:00,배송출발,수도권HUB
4100002329,2026-08-05 18:24:00,배송완료,수도권HUB
2100002330,2026-08-01 21:50:00,집화처리,중부HUB
2100002330,2026-08-02 04:50:00,간선상차,중부HUB
2100002330,2026-08-02 09:50:00,간선하차,중부HUB
2100002330,2026-08-03 02:50:00,배송출발,중부HUB
1100002331,2026-08-05 05:44:00,집화처리,호남HUB
1200002332,2026-06-12 20:32:00,집화처리,영남HUB
1200002332,2026-06-13 03:32:00,간선상차,영남HUB
1200002332,2026-06-13 10:32:00,간선하차,영남HUB
1200002332,2026-06-13 16:32:00,배송출발,영남HUB
1200002332,2026-06-14 06:32:00,배송완료,영남HUB
3100002333,2026-05-13 22:15:00,집화처리,수도권HUB
3100002333,2026-05-14 06:15:00,간선상차,수도권HUB
3100002333,2026-05-14 20:15:00,간선하차,수도권HUB
3100002333,2026-05-15 03:15:00,배송출발,수도권HUB
3100002333,2026-05-15 08:15:00,배송완료,수도권HUB
1100002334,2026-08-05 05:55:00,집화처리,영남HUB
1100002334,2026-08-05 08:55:00,간선상차,영남HUB
1100002335,2026-05-29 02:39:00,집화처리,호남HUB
1100002335,2026-05-29 11:39:00,간선상차,호남HUB
1100002335,2026-05-29 20:39:00,간선하차,호남HUB
1100002335,2026-05-30 09:39:00,배송출발,호남HUB
1100002335,2026-05-30 16:39:00,배송완료,호남HUB
1200002336,2026-06-09 09:26:00,집화처리,영남HUB
1200002336,2026-06-09 16:26:00,간선상차,영남HUB
1200002336,2026-06-10 09:26:00,간선하차,영남HUB
1200002336,2026-06-11 02:26:00,배송출발,영남HUB
1200002336,2026-06-11 21:26:00,배송완료,영남HUB
4100002337,2026-05-11 23:05:00,집화처리,제주HUB
4100002337,2026-05-12 10:05:00,간선상차,제주HUB
4100002337,2026-05-12 21:05:00,간선하차,제주HUB
4100002337,2026-05-13 05:05:00,배송출발,제주HUB
4100002337,2026-05-13 10:05:00,배송완료,제주HUB
1100002338,2026-05-11 20:06:00,집화처리,수도권HUB
1100002338,2026-05-12 08:06:00,간선상차,수도권HUB
1100002338,2026-05-12 11:06:00,간선하차,수도권HUB
1100002338,2026-05-13 03:06:00,배송출발,수도권HUB
1100002338,2026-05-13 18:06:00,배송완료,수도권HUB
1100002339,2026-05-18 23:54:00,집화처리,수도권HUB
1100002339,2026-05-19 15:54:00,간선상차,수도권HUB
1100002339,2026-05-20 10:54:00,간선하차,수도권HUB
1100002339,2026-05-20 23:54:00,배송출발,수도권HUB
1100002339,2026-05-21 12:54:00,배송완료,수도권HUB
1200002340,2026-07-25 10:02:00,집화처리,수도권HUB
1200002340,2026-07-25 20:02:00,간선상차,수도권HUB
1200002340,2026-07-26 00:02:00,간선하차,수도권HUB
1200002340,2026-07-26 03:02:00,배송출발,수도권HUB
1200002340,2026-07-26 16:02:00,배송완료,수도권HUB
1200002341,2026-07-13 23:47:00,집화처리,영남HUB
1200002341,2026-07-14 13:47:00,간선상차,영남HUB
1200002341,2026-07-14 23:47:00,간선하차,영남HUB
1200002341,2026-07-15 08:47:00,배송출발,영남HUB
1200002341,2026-07-16 03:47:00,배송완료,영남HUB
1100002342,2026-05-05 00:21:00,집화처리,호남HUB
1100002342,2026-05-05 19:21:00,간선상차,호남HUB
1100002342,2026-05-06 02:21:00,간선하차,호남HUB
1100002342,2026-05-06 12:21:00,배송출발,호남HUB
1100002342,2026-05-06 20:21:00,배송완료,호남HUB
2100002343,2026-07-21 01:18:00,집화처리,영남HUB
2100002343,2026-07-21 21:18:00,간선상차,영남HUB
2100002343,2026-07-22 14:18:00,간선하차,영남HUB
2100002343,2026-07-22 20:18:00,배송출발,영남HUB
2100002343,2026-07-23 11:18:00,배송완료,영남HUB
4100002344,2026-05-08 22:58:00,집화처리,수도권HUB
4100002344,2026-05-09 13:58:00,간선상차,수도권HUB
4100002344,2026-05-10 08:58:00,간선하차,수도권HUB
4100002344,2026-05-10 14:58:00,배송출발,수도권HUB
4100002344,2026-05-11 09:58:00,배송완료,수도권HUB
4100002345,2026-06-30 16:58:00,집화처리,수도권HUB
4100002345,2026-07-01 02:58:00,간선상차,수도권HUB
4100002345,2026-07-01 15:58:00,간선하차,수도권HUB
4100002345,2026-07-02 00:58:00,배송출발,수도권HUB
4100002345,2026-07-02 05:58:00,배송완료,수도권HUB
1100002346,2026-06-25 22:25:00,집화처리,수도권HUB
1100002346,2026-06-26 06:25:00,간선상차,수도권HUB
1100002346,2026-06-27 01:25:00,간선하차,수도권HUB
1100002346,2026-06-27 19:25:00,배송출발,수도권HUB
1100002346,2026-06-28 14:25:00,배송완료,수도권HUB
3200002347,2026-05-15 06:33:00,집화처리,수도권HUB
3200002347,2026-05-15 13:33:00,간선상차,수도권HUB
3200002347,2026-05-15 23:33:00,간선하차,수도권HUB
3200002347,2026-05-16 18:33:00,배송출발,수도권HUB
3200002347,2026-05-17 09:33:00,배송완료,수도권HUB
3200002348,2026-07-09 20:29:00,집화처리,호남HUB
3200002348,2026-07-10 12:29:00,간선상차,호남HUB
3200002348,2026-07-10 21:29:00,간선하차,호남HUB
3200002348,2026-07-11 06:29:00,배송출발,호남HUB
3200002348,2026-07-11 22:29:00,배송완료,호남HUB
3100002349,2026-07-14 20:30:00,집화처리,영남HUB
3100002349,2026-07-15 04:30:00,간선상차,영남HUB
3100002349,2026-07-15 07:30:00,간선하차,영남HUB
3100002349,2026-07-15 23:30:00,배송출발,영남HUB
3100002349,2026-07-16 19:30:00,배송완료,영남HUB
2100002350,2026-05-07 20:06:00,집화처리,수도권HUB
2100002350,2026-05-08 05:06:00,간선상차,수도권HUB
2100002350,2026-05-09 01:06:00,간선하차,수도권HUB
2100002350,2026-05-09 13:06:00,배송출발,수도권HUB
2100002350,2026-05-10 00:06:00,배송완료,수도권HUB
3100002351,2026-08-06 05:54:00,집화처리,영남HUB
3100002351,2026-08-06 19:54:00,간선상차,영남HUB
3100002351,2026-08-07 03:54:00,간선하차,영남HUB
3100002351,2026-08-07 15:54:00,배송출발,영남HUB
1100002352,2026-07-21 05:19:00,집화처리,영남HUB
1100002352,2026-07-21 17:19:00,간선상차,영남HUB
1100002352,2026-07-22 12:19:00,간선하차,영남HUB
1100002352,2026-07-23 05:19:00,배송출발,영남HUB
1100002352,2026-07-23 23:19:00,배송완료,영남HUB
1100002353,2026-06-11 18:46:00,집화처리,수도권HUB
1100002353,2026-06-12 05:46:00,간선상차,수도권HUB
1100002353,2026-06-12 13:46:00,간선하차,수도권HUB
1100002353,2026-06-13 07:46:00,배송출발,수도권HUB
1100002353,2026-06-13 12:46:00,배송완료,수도권HUB
2100002354,2026-06-08 20:50:00,집화처리,영남HUB
2100002354,2026-06-09 10:50:00,간선상차,영남HUB
2100002354,2026-06-10 06:50:00,간선하차,영남HUB
2100002354,2026-06-10 13:50:00,배송출발,영남HUB
2100002354,2026-06-11 06:50:00,배송완료,영남HUB
2100002355,2026-05-05 08:30:00,집화처리,수도권HUB
2100002355,2026-05-05 12:30:00,간선상차,수도권HUB
2100002355,2026-05-06 08:30:00,간선하차,수도권HUB
2100002355,2026-05-06 11:30:00,배송출발,수도권HUB
2100002355,2026-05-07 06:30:00,배송완료,수도권HUB
4100002356,2026-05-14 07:10:00,집화처리,중부HUB
4100002356,2026-05-14 19:10:00,간선상차,중부HUB
4100002356,2026-05-15 10:10:00,간선하차,중부HUB
4100002356,2026-05-16 06:10:00,배송출발,중부HUB
4100002356,2026-05-17 00:10:00,배송완료,중부HUB
4100002357,2026-08-02 15:40:00,집화처리,영남HUB
4100002357,2026-08-02 20:40:00,간선상차,영남HUB
4100002357,2026-08-03 03:40:00,간선하차,영남HUB
4100002357,2026-08-03 09:40:00,배송출발,영남HUB
4100002357,2026-08-04 02:40:00,배송완료,영남HUB
1100002358,2026-06-28 08:27:00,집화처리,중부HUB
1100002358,2026-06-29 02:27:00,간선상차,중부HUB
1100002358,2026-06-29 18:27:00,간선하차,중부HUB
1100002358,2026-06-30 10:27:00,배송출발,중부HUB
1100002358,2026-06-30 20:27:00,배송완료,중부HUB
1100002359,2026-05-21 03:36:00,집화처리,수도권HUB
1100002359,2026-05-21 07:36:00,간선상차,수도권HUB
1100002359,2026-05-21 18:36:00,간선하차,수도권HUB
1100002359,2026-05-22 00:36:00,배송출발,수도권HUB
1100002359,2026-05-22 19:36:00,배송완료,수도권HUB
1200002360,2026-07-18 10:24:00,집화처리,중부HUB
1200002360,2026-07-19 00:24:00,간선상차,중부HUB
1200002360,2026-07-19 04:24:00,간선하차,중부HUB
1200002360,2026-07-19 13:24:00,배송출발,중부HUB
1200002360,2026-07-19 18:24:00,배송완료,중부HUB
4100002361,2026-07-25 05:02:00,집화처리,영남HUB
4100002361,2026-07-25 16:02:00,간선상차,영남HUB
4100002361,2026-07-26 02:02:00,간선하차,영남HUB
4100002361,2026-07-26 21:02:00,배송출발,영남HUB
4100002361,2026-07-27 11:02:00,배송완료,영남HUB
1100002362,2026-06-23 03:25:00,집화처리,제주HUB
1100002362,2026-06-23 21:25:00,간선상차,제주HUB
1100002362,2026-06-24 04:25:00,간선하차,제주HUB
1100002362,2026-06-24 10:25:00,배송출발,제주HUB
1100002362,2026-06-24 19:25:00,배송완료,제주HUB
2100002363,2026-07-27 18:30:00,집화처리,영남HUB
2100002363,2026-07-28 02:30:00,간선상차,영남HUB
2100002363,2026-07-28 19:30:00,간선하차,영남HUB
2100002363,2026-07-28 23:30:00,배송출발,영남HUB
2100002363,2026-07-29 12:30:00,배송완료,영남HUB
4100002364,2026-07-24 09:06:00,집화처리,영남HUB
4100002364,2026-07-24 19:06:00,간선상차,영남HUB
4100002364,2026-07-25 11:06:00,간선하차,영남HUB
4100002364,2026-07-25 21:06:00,배송출발,영남HUB
4100002364,2026-07-26 14:06:00,배송완료,영남HUB
4100002365,2026-05-29 08:46:00,집화처리,수도권HUB
4100002365,2026-05-29 11:46:00,간선상차,수도권HUB
4100002365,2026-05-30 04:46:00,간선하차,수도권HUB
4100002365,2026-05-30 19:46:00,배송출발,수도권HUB
4100002365,2026-05-31 04:46:00,배송완료,수도권HUB
2100002366,2026-06-18 12:26:00,집화처리,수도권HUB
2100002366,2026-06-19 03:26:00,간선상차,수도권HUB
2100002366,2026-06-19 21:26:00,간선하차,수도권HUB
2100002366,2026-06-20 15:26:00,배송출발,수도권HUB
2100002366,2026-06-20 21:26:00,배송완료,수도권HUB
2100002367,2026-08-05 04:44:00,집화처리,중부HUB
2100002367,2026-08-05 08:44:00,간선상차,중부HUB
2100002367,2026-08-05 14:44:00,간선하차,중부HUB
1100002368,2026-06-02 00:18:00,집화처리,영남HUB
1100002368,2026-06-02 16:18:00,간선상차,영남HUB
1100002368,2026-06-03 01:18:00,간선하차,영남HUB
1100002368,2026-06-03 05:18:00,배송출발,영남HUB
1100002368,2026-06-03 10:18:00,배송완료,영남HUB
4100002369,2026-06-23 09:33:00,집화처리,영남HUB
4100002369,2026-06-23 21:33:00,간선상차,영남HUB
4100002369,2026-06-24 02:33:00,간선하차,영남HUB
4100002369,2026-06-24 12:33:00,배송출발,영남HUB
4100002369,2026-06-24 16:33:00,배송완료,영남HUB
1100002370,2026-07-02 11:54:00,집화처리,수도권HUB
1100002370,2026-07-03 06:54:00,간선상차,수도권HUB
1100002370,2026-07-03 22:54:00,간선하차,수도권HUB
1100002370,2026-07-04 04:54:00,배송출발,수도권HUB
1100002370,2026-07-04 20:54:00,배송완료,수도권HUB
1200002371,2026-06-13 02:14:00,집화처리,영남HUB
1200002371,2026-06-13 09:14:00,간선상차,영남HUB
1200002371,2026-06-13 22:14:00,간선하차,영남HUB
1200002371,2026-06-14 04:14:00,배송출발,영남HUB
1200002371,2026-06-14 19:14:00,배송완료,영남HUB
4100002372,2026-05-15 22:31:00,집화처리,중부HUB
4100002372,2026-05-16 17:31:00,간선상차,중부HUB
4100002372,2026-05-17 09:31:00,간선하차,중부HUB
4100002372,2026-05-17 13:31:00,배송출발,중부HUB
4100002372,2026-05-18 04:31:00,배송완료,중부HUB
1100002373,2026-05-26 07:01:00,집화처리,영남HUB
1100002373,2026-05-26 16:01:00,간선상차,영남HUB
1100002373,2026-05-27 02:01:00,간선하차,영남HUB
1100002373,2026-05-27 16:01:00,배송출발,영남HUB
1100002373,2026-05-27 20:01:00,배송완료,영남HUB
1200002374,2026-07-29 14:10:00,집화처리,수도권HUB
1200002374,2026-07-30 05:10:00,간선상차,수도권HUB
1200002374,2026-07-30 23:10:00,간선하차,수도권HUB
1200002374,2026-07-31 07:10:00,배송출발,수도권HUB
1200002374,2026-08-01 00:10:00,배송완료,수도권HUB
2100002375,2026-07-28 11:12:00,집화처리,수도권HUB
2100002375,2026-07-29 02:12:00,간선상차,수도권HUB
2100002375,2026-07-29 06:12:00,간선하차,수도권HUB
2100002375,2026-07-29 11:12:00,배송출발,수도권HUB
2100002375,2026-07-29 15:12:00,배송완료,수도권HUB
1100002376,2026-06-10 23:34:00,집화처리,수도권HUB
1100002376,2026-06-11 16:34:00,간선상차,수도권HUB
1100002376,2026-06-12 12:34:00,간선하차,수도권HUB
1100002376,2026-06-12 17:34:00,배송출발,수도권HUB
1100002376,2026-06-13 11:34:00,배송완료,수도권HUB
1200002377,2026-05-06 04:35:00,집화처리,수도권HUB
1200002377,2026-05-06 10:35:00,간선상차,수도권HUB
1200002377,2026-05-06 16:35:00,간선하차,수도권HUB
1200002377,2026-05-07 08:35:00,배송출발,수도권HUB
1200002377,2026-05-08 00:35:00,배송완료,수도권HUB
1100002378,2026-05-30 07:02:00,집화처리,중부HUB
1100002378,2026-05-30 16:02:00,간선상차,중부HUB
1100002378,2026-05-31 04:02:00,간선하차,중부HUB
1100002378,2026-05-31 13:02:00,배송출발,중부HUB
1100002378,2026-05-31 19:02:00,배송완료,중부HUB
2100002379,2026-06-03 18:29:00,집화처리,제주HUB
2100002379,2026-06-04 12:29:00,간선상차,제주HUB
2100002379,2026-06-05 03:29:00,간선하차,제주HUB
2100002379,2026-06-05 11:29:00,배송출발,제주HUB
2100002379,2026-06-05 22:29:00,배송완료,제주HUB
1100002380,2026-07-27 10:44:00,집화처리,수도권HUB
1100002380,2026-07-28 01:44:00,간선상차,수도권HUB
1100002380,2026-07-28 18:44:00,간선하차,수도권HUB
1100002380,2026-07-29 02:44:00,배송출발,수도권HUB
1100002380,2026-07-29 19:44:00,배송완료,수도권HUB
4100002381,2026-07-14 00:36:00,집화처리,호남HUB
4100002381,2026-07-14 11:36:00,간선상차,호남HUB
4100002381,2026-07-15 05:36:00,간선하차,호남HUB
4100002381,2026-07-16 01:36:00,배송출발,호남HUB
4100002381,2026-07-16 11:36:00,배송완료,호남HUB
1100002382,2026-07-02 20:20:00,집화처리,중부HUB
1100002382,2026-07-03 03:20:00,간선상차,중부HUB
1100002382,2026-07-03 18:20:00,간선하차,중부HUB
1100002382,2026-07-03 22:20:00,배송출발,중부HUB
1100002382,2026-07-04 06:20:00,배송완료,중부HUB
3100002383,2026-05-25 02:52:00,집화처리,수도권HUB
3100002383,2026-05-25 16:52:00,간선상차,수도권HUB
3100002383,2026-05-26 10:52:00,간선하차,수도권HUB
3100002383,2026-05-26 17:52:00,배송출발,수도권HUB
3100002383,2026-05-27 04:52:00,배송완료,수도권HUB
1200002384,2026-05-30 02:07:00,집화처리,영남HUB
1200002384,2026-05-30 06:07:00,간선상차,영남HUB
1200002384,2026-05-30 21:07:00,간선하차,영남HUB
1200002384,2026-05-31 13:07:00,배송출발,영남HUB
1200002384,2026-06-01 08:07:00,배송완료,영남HUB
2100002385,2026-08-04 09:05:00,집화처리,중부HUB
2100002385,2026-08-04 23:05:00,간선상차,중부HUB
2100002385,2026-08-05 12:05:00,간선하차,중부HUB
2100002385,2026-08-06 08:05:00,배송출발,중부HUB
2100002385,2026-08-07 04:05:00,배송완료,중부HUB
4100002386,2026-05-19 05:22:00,집화처리,영남HUB
4100002386,2026-05-19 09:22:00,간선상차,영남HUB
4100002386,2026-05-19 17:22:00,간선하차,영남HUB
4100002386,2026-05-20 10:22:00,배송출발,영남HUB
4100002386,2026-05-20 22:22:00,배송완료,영남HUB
1100002387,2026-07-30 08:51:00,집화처리,수도권HUB
1100002387,2026-07-30 18:51:00,간선상차,수도권HUB
1100002387,2026-07-31 09:51:00,간선하차,수도권HUB
1100002387,2026-07-31 20:51:00,배송출발,수도권HUB
1100002387,2026-08-01 13:51:00,배송완료,수도권HUB
2100002388,2026-06-18 15:44:00,집화처리,영남HUB
2100002388,2026-06-19 11:44:00,간선상차,영남HUB
2100002388,2026-06-20 06:44:00,간선하차,영남HUB
2100002388,2026-06-20 12:44:00,배송출발,영남HUB
2100002388,2026-06-21 01:44:00,배송완료,영남HUB
1100002389,2026-06-20 09:56:00,집화처리,영남HUB
1100002389,2026-06-20 18:56:00,간선상차,영남HUB
1100002389,2026-06-21 12:56:00,간선하차,영남HUB
1100002389,2026-06-22 05:56:00,배송출발,영남HUB
1100002389,2026-06-22 10:56:00,배송완료,영남HUB
3100002390,2026-05-28 23:23:00,집화처리,중부HUB
3100002390,2026-05-29 09:23:00,간선상차,중부HUB
3100002390,2026-05-29 15:23:00,간선하차,중부HUB
3100002390,2026-05-30 09:23:00,배송출발,중부HUB
3100002390,2026-05-31 05:23:00,배송완료,중부HUB
1100002391,2026-07-23 21:20:00,집화처리,수도권HUB
1100002391,2026-07-24 09:20:00,간선상차,수도권HUB
1100002391,2026-07-25 04:20:00,간선하차,수도권HUB
1100002391,2026-07-25 18:20:00,배송출발,수도권HUB
1100002391,2026-07-26 12:20:00,배송완료,수도권HUB
4100002392,2026-07-14 19:19:00,집화처리,영남HUB
4100002392,2026-07-14 23:19:00,간선상차,영남HUB
4100002392,2026-07-15 07:19:00,간선하차,영남HUB
4100002392,2026-07-15 16:19:00,배송출발,영남HUB
4100002392,2026-07-16 00:19:00,배송완료,영남HUB
2100002393,2026-07-17 21:15:00,집화처리,수도권HUB
2100002393,2026-07-18 08:15:00,간선상차,수도권HUB
2100002393,2026-07-18 12:15:00,간선하차,수도권HUB
2100002393,2026-07-18 23:15:00,배송출발,수도권HUB
2100002393,2026-07-19 10:15:00,배송완료,수도권HUB
4100002394,2026-07-13 19:37:00,집화처리,중부HUB
4100002394,2026-07-14 09:37:00,간선상차,중부HUB
4100002394,2026-07-14 14:37:00,간선하차,중부HUB
4100002394,2026-07-14 20:37:00,배송출발,중부HUB
4100002394,2026-07-15 11:37:00,배송완료,중부HUB
1100002395,2026-06-02 14:14:00,집화처리,수도권HUB
1100002395,2026-06-02 23:14:00,간선상차,수도권HUB
1100002395,2026-06-03 16:14:00,간선하차,수도권HUB
1100002395,2026-06-03 22:14:00,배송출발,수도권HUB
1100002395,2026-06-04 16:14:00,배송완료,수도권HUB
3200002396,2026-07-13 19:06:00,집화처리,영남HUB
3200002396,2026-07-13 23:06:00,간선상차,영남HUB
3200002396,2026-07-14 04:06:00,간선하차,영남HUB
3200002396,2026-07-14 09:06:00,배송출발,영남HUB
3200002396,2026-07-15 00:06:00,배송완료,영남HUB
2100002397,2026-05-26 14:14:00,집화처리,수도권HUB
2100002397,2026-05-26 19:14:00,간선상차,수도권HUB
2100002397,2026-05-26 22:14:00,간선하차,수도권HUB
2100002397,2026-05-27 09:14:00,배송출발,수도권HUB
2100002397,2026-05-27 22:14:00,배송완료,수도권HUB
1100002398,2026-07-04 02:19:00,집화처리,영남HUB
1100002398,2026-07-04 05:19:00,간선상차,영남HUB
1100002398,2026-07-04 21:19:00,간선하차,영남HUB
1100002398,2026-07-05 16:19:00,배송출발,영남HUB
1100002398,2026-07-06 09:19:00,배송완료,영남HUB
1100002399,2026-05-06 20:29:00,집화처리,영남HUB
1100002399,2026-05-07 01:29:00,간선상차,영남HUB
1100002399,2026-05-07 15:29:00,간선하차,영남HUB
1100002399,2026-05-07 18:29:00,배송출발,영남HUB
1100002399,2026-05-08 14:29:00,배송완료,영남HUB
1100002400,2026-06-11 05:36:00,집화처리,중부HUB
1100002400,2026-06-11 12:36:00,간선상차,중부HUB
1100002400,2026-06-12 03:36:00,간선하차,중부HUB
1100002400,2026-06-12 07:36:00,배송출발,중부HUB
1100002400,2026-06-12 13:36:00,배송완료,중부HUB
1100002401,2026-07-02 03:53:00,집화처리,영남HUB
1100002401,2026-07-02 11:53:00,간선상차,영남HUB
1100002401,2026-07-02 23:53:00,간선하차,영남HUB
1100002401,2026-07-03 17:53:00,배송출발,영남HUB
1100002401,2026-07-03 23:53:00,배송완료,영남HUB
1100002402,2026-07-24 01:54:00,집화처리,호남HUB
1100002402,2026-07-24 19:54:00,간선상차,호남HUB
1100002402,2026-07-25 08:54:00,간선하차,호남HUB
1100002402,2026-07-25 17:54:00,배송출발,호남HUB
1100002402,2026-07-26 08:54:00,배송완료,호남HUB
1100002403,2026-06-02 02:29:00,집화처리,수도권HUB
1100002403,2026-06-02 11:29:00,간선상차,수도권HUB
1100002403,2026-06-03 02:29:00,간선하차,수도권HUB
1100002403,2026-06-03 08:29:00,배송출발,수도권HUB
1100002403,2026-06-03 15:29:00,배송완료,수도권HUB
2100002404,2026-06-01 22:32:00,집화처리,수도권HUB
2100002404,2026-06-02 01:32:00,간선상차,수도권HUB
2100002404,2026-06-02 05:32:00,간선하차,수도권HUB
2100002404,2026-06-02 11:32:00,배송출발,수도권HUB
2100002404,2026-06-03 03:32:00,배송완료,수도권HUB
1100002405,2026-08-03 22:27:00,집화처리,수도권HUB
1100002405,2026-08-04 11:27:00,간선상차,수도권HUB
1100002405,2026-08-05 04:27:00,간선하차,수도권HUB
1100002405,2026-08-05 11:27:00,배송출발,수도권HUB
1100002405,2026-08-06 07:27:00,배송완료,수도권HUB
3100002406,2026-05-28 06:37:00,집화처리,중부HUB
3100002406,2026-05-29 01:37:00,간선상차,중부HUB
3100002406,2026-05-29 11:37:00,간선하차,중부HUB
3100002406,2026-05-29 16:37:00,배송출발,중부HUB
3100002406,2026-05-30 04:37:00,배송완료,중부HUB
1100002407,2026-06-04 01:07:00,집화처리,영남HUB
1100002407,2026-06-04 08:07:00,간선상차,영남HUB
1100002407,2026-06-04 14:07:00,간선하차,영남HUB
1100002407,2026-06-05 01:07:00,배송출발,영남HUB
1100002407,2026-06-05 05:07:00,배송완료,영남HUB
4100002408,2026-05-12 05:53:00,집화처리,중부HUB
4100002408,2026-05-12 08:53:00,간선상차,중부HUB
4100002408,2026-05-13 03:53:00,간선하차,중부HUB
4100002408,2026-05-13 08:53:00,배송출발,중부HUB
4100002408,2026-05-13 23:53:00,배송완료,중부HUB
1200002409,2026-05-14 00:04:00,집화처리,영남HUB
1200002409,2026-05-14 07:04:00,간선상차,영남HUB
1200002409,2026-05-14 23:04:00,간선하차,영남HUB
1200002409,2026-05-15 06:04:00,배송출발,영남HUB
1200002409,2026-05-15 17:04:00,배송완료,영남HUB
1200002410,2026-05-25 17:26:00,집화처리,영남HUB
1200002410,2026-05-26 00:26:00,간선상차,영남HUB
1200002410,2026-05-26 15:26:00,간선하차,영남HUB
1200002410,2026-05-27 07:26:00,배송출발,영남HUB
1200002410,2026-05-27 13:26:00,배송완료,영남HUB
2100002411,2026-05-15 01:02:00,집화처리,제주HUB
2100002411,2026-05-15 16:02:00,간선상차,제주HUB
2100002411,2026-05-16 02:02:00,간선하차,제주HUB
2100002411,2026-05-16 11:02:00,배송출발,제주HUB
2100002411,2026-05-16 23:02:00,배송완료,제주HUB
1100002412,2026-05-14 03:57:00,집화처리,영남HUB
1100002412,2026-05-14 19:57:00,간선상차,영남HUB
1100002412,2026-05-15 09:57:00,간선하차,영남HUB
1100002412,2026-05-16 00:57:00,배송출발,영남HUB
1100002412,2026-05-16 15:57:00,배송완료,영남HUB
2100002413,2026-05-25 17:32:00,집화처리,수도권HUB
2100002413,2026-05-25 20:32:00,간선상차,수도권HUB
2100002413,2026-05-26 12:32:00,간선하차,수도권HUB
2100002413,2026-05-26 19:32:00,배송출발,수도권HUB
2100002413,2026-05-27 10:32:00,배송완료,수도권HUB
1100002414,2026-06-15 18:56:00,집화처리,호남HUB
1100002414,2026-06-15 21:56:00,간선상차,호남HUB
1100002414,2026-06-16 01:56:00,간선하차,호남HUB
1100002414,2026-06-16 07:56:00,배송출발,호남HUB
1100002414,2026-06-16 22:56:00,배송완료,호남HUB
2100002415,2026-05-29 04:55:00,집화처리,중부HUB
2100002415,2026-05-29 11:55:00,간선상차,중부HUB
2100002415,2026-05-30 02:55:00,간선하차,중부HUB
2100002415,2026-05-30 16:55:00,배송출발,중부HUB
2100002415,2026-05-31 07:55:00,배송완료,중부HUB
3200002416,2026-08-03 20:49:00,집화처리,수도권HUB
3200002416,2026-08-04 16:49:00,간선상차,수도권HUB
3200002416,2026-08-05 09:49:00,간선하차,수도권HUB
3200002416,2026-08-05 16:49:00,배송출발,수도권HUB
3200002416,2026-08-05 23:49:00,배송완료,수도권HUB
4100002417,2026-06-11 10:03:00,집화처리,영남HUB
4100002417,2026-06-12 03:03:00,간선상차,영남HUB
4100002417,2026-06-12 10:03:00,간선하차,영남HUB
4100002417,2026-06-12 22:03:00,배송출발,영남HUB
4100002417,2026-06-13 16:03:00,배송완료,영남HUB
1100002418,2026-08-01 06:33:00,집화처리,중부HUB
1100002418,2026-08-01 23:33:00,간선상차,중부HUB
1100002418,2026-08-02 07:33:00,간선하차,중부HUB
1100002418,2026-08-02 18:33:00,배송출발,중부HUB
1100002418,2026-08-02 23:33:00,배송완료,중부HUB
1100002419,2026-06-30 10:45:00,집화처리,영남HUB
1100002419,2026-06-30 17:45:00,간선상차,영남HUB
1100002419,2026-07-01 12:45:00,간선하차,영남HUB
1100002419,2026-07-01 23:45:00,배송출발,영남HUB
1100002419,2026-07-02 06:45:00,배송완료,영남HUB
1100002420,2026-05-19 21:28:00,집화처리,수도권HUB
1100002420,2026-05-20 12:28:00,간선상차,수도권HUB
1100002420,2026-05-20 23:28:00,간선하차,수도권HUB
1100002420,2026-05-21 13:28:00,배송출발,수도권HUB
1100002420,2026-05-21 19:28:00,배송완료,수도권HUB
2100002421,2026-07-22 07:27:00,집화처리,영남HUB
2100002421,2026-07-23 02:27:00,간선상차,영남HUB
2100002421,2026-07-23 18:27:00,간선하차,영남HUB
2100002421,2026-07-24 03:27:00,배송출발,영남HUB
2100002421,2026-07-24 19:27:00,배송완료,영남HUB
3100002422,2026-07-13 19:59:00,집화처리,호남HUB
3100002422,2026-07-14 12:59:00,간선상차,호남HUB
3100002422,2026-07-15 01:59:00,간선하차,호남HUB
3100002422,2026-07-15 12:59:00,배송출발,호남HUB
3100002422,2026-07-16 08:59:00,배송완료,호남HUB
3100002423,2026-07-23 02:44:00,집화처리,중부HUB
3100002423,2026-07-23 17:44:00,간선상차,중부HUB
3100002423,2026-07-23 20:44:00,간선하차,중부HUB
3100002423,2026-07-24 01:44:00,배송출발,중부HUB
3100002423,2026-07-24 08:44:00,배송완료,중부HUB
2100002424,2026-06-27 14:18:00,집화처리,수도권HUB
2100002424,2026-06-28 02:18:00,간선상차,수도권HUB
2100002424,2026-06-28 05:18:00,간선하차,수도권HUB
2100002424,2026-06-28 23:18:00,배송출발,수도권HUB
2100002424,2026-06-29 18:18:00,배송완료,수도권HUB
2100002425,2026-07-30 09:40:00,집화처리,수도권HUB
2100002425,2026-07-30 23:40:00,간선상차,수도권HUB
2100002425,2026-07-31 14:40:00,간선하차,수도권HUB
2100002425,2026-08-01 04:40:00,배송출발,수도권HUB
2100002425,2026-08-01 12:40:00,배송완료,수도권HUB
4100002426,2026-07-28 06:17:00,집화처리,중부HUB
4100002426,2026-07-28 16:17:00,간선상차,중부HUB
4100002426,2026-07-28 22:17:00,간선하차,중부HUB
4100002426,2026-07-29 10:17:00,배송출발,중부HUB
4100002426,2026-07-30 04:17:00,배송완료,중부HUB
1100002427,2026-05-07 13:24:00,집화처리,중부HUB
1100002427,2026-05-07 23:24:00,간선상차,중부HUB
1100002427,2026-05-08 19:24:00,간선하차,중부HUB
1100002427,2026-05-09 04:24:00,배송출발,중부HUB
1100002427,2026-05-09 11:24:00,배송완료,중부HUB
2100002428,2026-06-01 22:33:00,집화처리,수도권HUB
2100002428,2026-06-02 14:33:00,간선상차,수도권HUB
2100002428,2026-06-02 18:33:00,간선하차,수도권HUB
2100002428,2026-06-02 22:33:00,배송출발,수도권HUB
2100002428,2026-06-03 14:33:00,배송완료,수도권HUB
4100002429,2026-06-04 20:47:00,집화처리,영남HUB
4100002429,2026-06-05 11:47:00,간선상차,영남HUB
4100002429,2026-06-05 23:47:00,간선하차,영남HUB
4100002429,2026-06-06 17:47:00,배송출발,영남HUB
4100002429,2026-06-07 09:47:00,배송완료,영남HUB
1200002430,2026-06-17 11:05:00,집화처리,영남HUB
1200002430,2026-06-18 07:05:00,간선상차,영남HUB
1200002430,2026-06-18 11:05:00,간선하차,영남HUB
1200002430,2026-06-18 16:05:00,배송출발,영남HUB
1200002430,2026-06-19 09:05:00,배송완료,영남HUB
3200002431,2026-07-06 09:00:00,집화처리,수도권HUB
3200002431,2026-07-07 00:00:00,간선상차,수도권HUB
3200002431,2026-07-07 04:00:00,간선하차,수도권HUB
3200002431,2026-07-07 12:00:00,배송출발,수도권HUB
3200002431,2026-07-07 20:00:00,배송완료,수도권HUB
1100002432,2026-06-19 12:03:00,집화처리,제주HUB
1100002432,2026-06-20 08:03:00,간선상차,제주HUB
1100002432,2026-06-20 15:03:00,간선하차,제주HUB
1100002432,2026-06-20 18:03:00,배송출발,제주HUB
1100002432,2026-06-21 13:03:00,배송완료,제주HUB
2100002433,2026-07-21 22:43:00,집화처리,중부HUB
2100002433,2026-07-22 16:43:00,간선상차,중부HUB
2100002433,2026-07-23 00:43:00,간선하차,중부HUB
2100002433,2026-07-23 12:43:00,배송출발,중부HUB
2100002433,2026-07-23 22:43:00,배송완료,중부HUB
1200002434,2026-07-07 04:56:00,집화처리,영남HUB
1200002434,2026-07-07 13:56:00,간선상차,영남HUB
1200002434,2026-07-07 19:56:00,간선하차,영남HUB
1200002434,2026-07-08 03:56:00,배송출발,영남HUB
1200002434,2026-07-08 09:56:00,배송완료,영남HUB
2100002435,2026-06-25 14:56:00,집화처리,수도권HUB
2100002435,2026-06-25 19:56:00,간선상차,수도권HUB
2100002435,2026-06-26 11:56:00,간선하차,수도권HUB
2100002435,2026-06-27 01:56:00,배송출발,수도권HUB
2100002435,2026-06-27 08:56:00,배송완료,수도권HUB
3100002436,2026-05-20 04:37:00,집화처리,영남HUB
3100002436,2026-05-20 07:37:00,간선상차,영남HUB
3100002436,2026-05-20 20:37:00,간선하차,영남HUB
3100002436,2026-05-21 03:37:00,배송출발,영남HUB
3100002436,2026-05-21 23:37:00,배송완료,영남HUB
3200002437,2026-06-12 08:49:00,집화처리,영남HUB
3200002437,2026-06-13 02:49:00,간선상차,영남HUB
3200002437,2026-06-13 09:49:00,간선하차,영남HUB
3200002437,2026-06-13 14:49:00,배송출발,영남HUB
3200002437,2026-06-14 00:49:00,배송완료,영남HUB
1100002438,2026-05-21 21:59:00,집화처리,수도권HUB
1100002438,2026-05-22 07:59:00,간선상차,수도권HUB
1100002438,2026-05-22 22:59:00,간선하차,수도권HUB
1100002438,2026-05-23 12:59:00,배송출발,수도권HUB
1100002438,2026-05-24 01:59:00,배송완료,수도권HUB
1100002439,2026-06-16 06:53:00,집화처리,수도권HUB
1100002439,2026-06-16 10:53:00,간선상차,수도권HUB
1100002439,2026-06-17 01:53:00,간선하차,수도권HUB
1100002439,2026-06-17 09:53:00,배송출발,수도권HUB
1100002439,2026-06-18 01:53:00,배송완료,수도권HUB
1200002440,2026-08-03 21:45:00,집화처리,영남HUB
1200002440,2026-08-04 07:45:00,간선상차,영남HUB
1200002440,2026-08-05 02:45:00,간선하차,영남HUB
1200002440,2026-08-05 16:45:00,배송출발,영남HUB
1200002440,2026-08-06 12:45:00,배송완료,영남HUB
3100002441,2026-08-03 03:41:00,집화처리,호남HUB
3100002441,2026-08-03 21:41:00,간선상차,호남HUB
3100002441,2026-08-04 17:41:00,간선하차,호남HUB
3100002441,2026-08-05 09:41:00,배송출발,호남HUB
3100002441,2026-08-05 21:41:00,배송완료,호남HUB
1100002442,2026-07-28 22:35:00,집화처리,영남HUB
1100002442,2026-07-29 01:35:00,간선상차,영남HUB
1100002442,2026-07-29 12:35:00,간선하차,영남HUB
1100002442,2026-07-29 18:35:00,배송출발,영남HUB
1100002442,2026-07-30 07:35:00,배송완료,영남HUB
1100002443,2026-05-15 02:46:00,집화처리,수도권HUB
1100002443,2026-05-15 19:46:00,간선상차,수도권HUB
1100002443,2026-05-16 10:46:00,간선하차,수도권HUB
1100002443,2026-05-16 22:46:00,배송출발,수도권HUB
1100002443,2026-05-17 17:46:00,배송완료,수도권HUB
1100002444,2026-05-19 07:18:00,집화처리,수도권HUB
1100002444,2026-05-19 10:18:00,간선상차,수도권HUB
1100002444,2026-05-19 13:18:00,간선하차,수도권HUB
1100002444,2026-05-19 17:18:00,배송출발,수도권HUB
1100002444,2026-05-20 02:18:00,배송완료,수도권HUB
3100002445,2026-07-14 11:40:00,집화처리,영남HUB
3100002445,2026-07-15 05:40:00,간선상차,영남HUB
3100002445,2026-07-15 20:40:00,간선하차,영남HUB
3100002445,2026-07-16 15:40:00,배송출발,영남HUB
3100002445,2026-07-16 19:40:00,배송완료,영남HUB
2100002446,2026-07-30 10:41:00,집화처리,제주HUB
2100002446,2026-07-30 17:41:00,간선상차,제주HUB
2100002446,2026-07-31 09:41:00,간선하차,제주HUB
2100002446,2026-07-31 20:41:00,배송출발,제주HUB
2100002446,2026-08-01 15:41:00,배송완료,제주HUB
4100002447,2026-05-12 09:01:00,집화처리,영남HUB
4100002447,2026-05-13 02:01:00,간선상차,영남HUB
4100002447,2026-05-13 11:01:00,간선하차,영남HUB
4100002447,2026-05-14 03:01:00,배송출발,영남HUB
4100002447,2026-05-14 11:01:00,배송완료,영남HUB
1200002448,2026-07-01 06:49:00,집화처리,호남HUB
1200002448,2026-07-01 16:49:00,간선상차,호남HUB
1200002448,2026-07-02 08:49:00,간선하차,호남HUB
1200002448,2026-07-02 15:49:00,배송출발,호남HUB
1200002448,2026-07-03 00:49:00,배송완료,호남HUB
1200002449,2026-05-19 13:08:00,집화처리,수도권HUB
1200002449,2026-05-20 00:08:00,간선상차,수도권HUB
1200002449,2026-05-20 17:08:00,간선하차,수도권HUB
1200002449,2026-05-20 21:08:00,배송출발,수도권HUB
1200002449,2026-05-21 11:08:00,배송완료,수도권HUB
3100002450,2026-05-11 20:13:00,집화처리,제주HUB
3100002450,2026-05-12 10:13:00,간선상차,제주HUB
3100002450,2026-05-13 02:13:00,간선하차,제주HUB
3100002450,2026-05-13 07:13:00,배송출발,제주HUB
3100002450,2026-05-13 15:13:00,배송완료,제주HUB
1100002451,2026-06-09 13:43:00,집화처리,수도권HUB
1100002451,2026-06-10 05:43:00,간선상차,수도권HUB
1100002451,2026-06-10 19:43:00,간선하차,수도권HUB
1100002451,2026-06-11 14:43:00,배송출발,수도권HUB
1100002451,2026-06-12 09:43:00,배송완료,수도권HUB
4100002452,2026-07-23 10:16:00,집화처리,영남HUB
4100002452,2026-07-23 18:16:00,간선상차,영남HUB
4100002452,2026-07-24 07:16:00,간선하차,영남HUB
4100002452,2026-07-24 20:16:00,배송출발,영남HUB
4100002452,2026-07-25 06:16:00,배송완료,영남HUB
1100002453,2026-06-05 04:21:00,집화처리,영남HUB
1100002453,2026-06-06 00:21:00,간선상차,영남HUB
1100002453,2026-06-06 13:21:00,간선하차,영남HUB
1100002453,2026-06-06 17:21:00,배송출발,영남HUB
1100002453,2026-06-07 06:21:00,배송완료,영남HUB
2100002454,2026-06-04 17:53:00,집화처리,중부HUB
2100002454,2026-06-05 11:53:00,간선상차,중부HUB
2100002454,2026-06-06 06:53:00,간선하차,중부HUB
2100002454,2026-06-06 13:53:00,배송출발,중부HUB
2100002454,2026-06-06 18:53:00,배송완료,중부HUB
2100002455,2026-05-07 22:34:00,집화처리,수도권HUB
2100002455,2026-05-08 03:34:00,간선상차,수도권HUB
2100002455,2026-05-08 13:34:00,간선하차,수도권HUB
2100002455,2026-05-08 20:34:00,배송출발,수도권HUB
2100002455,2026-05-09 00:34:00,배송완료,수도권HUB
4100002456,2026-05-11 22:19:00,집화처리,영남HUB
4100002456,2026-05-12 16:19:00,간선상차,영남HUB
4100002456,2026-05-12 19:19:00,간선하차,영남HUB
4100002456,2026-05-13 07:19:00,배송출발,영남HUB
4100002456,2026-05-13 17:19:00,배송완료,영남HUB
1100002457,2026-05-05 23:39:00,집화처리,영남HUB
1100002457,2026-05-06 19:39:00,간선상차,영남HUB
1100002457,2026-05-07 10:39:00,간선하차,영남HUB
1100002457,2026-05-07 14:39:00,배송출발,영남HUB
1100002457,2026-05-07 23:39:00,배송완료,영남HUB
1100002458,2026-05-16 21:31:00,집화처리,수도권HUB
1100002458,2026-05-17 05:31:00,간선상차,수도권HUB
1100002458,2026-05-17 22:31:00,간선하차,수도권HUB
1100002458,2026-05-18 15:31:00,배송출발,수도권HUB
1100002458,2026-05-19 11:31:00,배송완료,수도권HUB
4100002459,2026-07-03 19:28:00,집화처리,수도권HUB
4100002459,2026-07-04 12:28:00,간선상차,수도권HUB
4100002459,2026-07-04 21:28:00,간선하차,수도권HUB
4100002459,2026-07-05 03:28:00,배송출발,수도권HUB
4100002459,2026-07-05 11:28:00,배송완료,수도권HUB
3200002460,2026-05-08 09:35:00,집화처리,호남HUB
3200002460,2026-05-08 19:35:00,간선상차,호남HUB
3200002460,2026-05-09 01:35:00,간선하차,호남HUB
3200002460,2026-05-09 20:35:00,배송출발,호남HUB
3200002460,2026-05-10 15:35:00,배송완료,호남HUB
1100002461,2026-06-22 18:59:00,집화처리,영남HUB
1100002461,2026-06-23 02:59:00,간선상차,영남HUB
1100002461,2026-06-23 08:59:00,간선하차,영남HUB
1100002461,2026-06-23 18:59:00,배송출발,영남HUB
1100002461,2026-06-24 06:59:00,배송완료,영남HUB
1100002462,2026-05-28 08:47:00,집화처리,영남HUB
1100002462,2026-05-28 20:47:00,간선상차,영남HUB
1100002462,2026-05-29 01:47:00,간선하차,영남HUB
1100002462,2026-05-29 09:47:00,배송출발,영남HUB
1100002462,2026-05-29 12:47:00,배송완료,영남HUB
1100002463,2026-05-09 11:43:00,집화처리,영남HUB
1100002463,2026-05-09 19:43:00,간선상차,영남HUB
1100002463,2026-05-10 10:43:00,간선하차,영남HUB
1100002463,2026-05-10 20:43:00,배송출발,영남HUB
1100002463,2026-05-11 13:43:00,배송완료,영남HUB
1100002464,2026-08-05 00:11:00,집화처리,중부HUB
1100002464,2026-08-05 12:11:00,간선상차,중부HUB
3200002465,2026-05-12 03:51:00,집화처리,영남HUB
3200002465,2026-05-12 19:51:00,간선상차,영남HUB
3200002465,2026-05-13 00:51:00,간선하차,영남HUB
3200002465,2026-05-13 18:51:00,배송출발,영남HUB
3200002465,2026-05-14 07:51:00,배송완료,영남HUB
4100002466,2026-06-30 10:05:00,집화처리,중부HUB
4100002466,2026-07-01 01:05:00,간선상차,중부HUB
4100002466,2026-07-01 19:05:00,간선하차,중부HUB
4100002466,2026-07-02 01:05:00,배송출발,중부HUB
4100002466,2026-07-02 17:05:00,배송완료,중부HUB
3100002467,2026-07-03 18:17:00,집화처리,영남HUB
3100002467,2026-07-04 02:17:00,간선상차,영남HUB
3100002467,2026-07-04 08:17:00,간선하차,영남HUB
3100002467,2026-07-05 00:17:00,배송출발,영남HUB
3100002467,2026-07-05 07:17:00,배송완료,영남HUB
1100002468,2026-07-31 12:51:00,집화처리,수도권HUB
1100002468,2026-08-01 04:51:00,간선상차,수도권HUB
1100002468,2026-08-01 14:51:00,간선하차,수도권HUB
1100002468,2026-08-02 03:51:00,배송출발,수도권HUB
1100002468,2026-08-02 09:51:00,배송완료,수도권HUB
1100002469,2026-06-03 19:14:00,집화처리,영남HUB
1100002469,2026-06-04 14:14:00,간선상차,영남HUB
1100002469,2026-06-05 03:14:00,간선하차,영남HUB
1100002469,2026-06-05 12:14:00,배송출발,영남HUB
1100002469,2026-06-05 16:14:00,배송완료,영남HUB
1100002470,2026-07-22 01:11:00,집화처리,중부HUB
1100002470,2026-07-22 04:11:00,간선상차,중부HUB
1100002470,2026-07-22 09:11:00,간선하차,중부HUB
1100002470,2026-07-22 16:11:00,배송출발,중부HUB
1100002470,2026-07-22 19:11:00,배송완료,중부HUB
2100002471,2026-05-09 07:20:00,집화처리,중부HUB
2100002471,2026-05-09 18:20:00,간선상차,중부HUB
2100002471,2026-05-10 05:20:00,간선하차,중부HUB
2100002471,2026-05-10 16:20:00,배송출발,중부HUB
2100002471,2026-05-11 12:20:00,배송완료,중부HUB
1200002472,2026-05-20 03:15:00,집화처리,영남HUB
1200002472,2026-05-20 07:15:00,간선상차,영남HUB
1200002472,2026-05-20 10:15:00,간선하차,영남HUB
1200002472,2026-05-20 19:15:00,배송출발,영남HUB
1200002472,2026-05-21 15:15:00,배송완료,영남HUB
1100002473,2026-06-08 18:04:00,집화처리,중부HUB
1100002473,2026-06-09 07:04:00,간선상차,중부HUB
1100002473,2026-06-09 22:04:00,간선하차,중부HUB
1100002473,2026-06-10 13:04:00,배송출발,중부HUB
1100002473,2026-06-10 17:04:00,배송완료,중부HUB
1200002474,2026-07-01 09:04:00,집화처리,수도권HUB
1200002474,2026-07-02 05:04:00,간선상차,수도권HUB
1200002474,2026-07-02 11:04:00,간선하차,수도권HUB
1200002474,2026-07-02 21:04:00,배송출발,수도권HUB
1200002474,2026-07-03 08:04:00,배송완료,수도권HUB
4100002475,2026-07-03 06:44:00,집화처리,수도권HUB
4100002475,2026-07-03 09:44:00,간선상차,수도권HUB
4100002475,2026-07-04 02:44:00,간선하차,수도권HUB
4100002475,2026-07-04 13:44:00,배송출발,수도권HUB
4100002475,2026-07-05 09:44:00,배송완료,수도권HUB
2100002476,2026-07-09 05:14:00,집화처리,수도권HUB
2100002476,2026-07-09 18:14:00,간선상차,수도권HUB
2100002476,2026-07-10 10:14:00,간선하차,수도권HUB
2100002476,2026-07-10 19:14:00,배송출발,수도권HUB
2100002476,2026-07-11 09:14:00,배송완료,수도권HUB
3200002477,2026-07-15 11:11:00,집화처리,수도권HUB
3200002477,2026-07-16 03:11:00,간선상차,수도권HUB
3200002477,2026-07-16 14:11:00,간선하차,수도권HUB
3200002477,2026-07-17 02:11:00,배송출발,수도권HUB
3200002477,2026-07-17 15:11:00,배송완료,수도권HUB
2100002478,2026-07-10 05:58:00,집화처리,수도권HUB
2100002478,2026-07-10 08:58:00,간선상차,수도권HUB
2100002478,2026-07-10 18:58:00,간선하차,수도권HUB
2100002478,2026-07-11 11:58:00,배송출발,수도권HUB
2100002478,2026-07-11 14:58:00,배송완료,수도권HUB
1100002479,2026-06-06 01:49:00,집화처리,수도권HUB
1100002479,2026-06-06 20:49:00,간선상차,수도권HUB
1100002479,2026-06-07 15:49:00,간선하차,수도권HUB
1100002479,2026-06-07 23:49:00,배송출발,수도권HUB
1100002479,2026-06-08 17:49:00,배송완료,수도권HUB
1100002480,2026-05-05 09:25:00,집화처리,영남HUB
1100002480,2026-05-05 17:25:00,간선상차,영남HUB
1100002480,2026-05-06 08:25:00,간선하차,영남HUB
1100002480,2026-05-07 04:25:00,배송출발,영남HUB
1100002480,2026-05-07 23:25:00,배송완료,영남HUB
1100002481,2026-07-02 17:03:00,집화처리,수도권HUB
1100002481,2026-07-02 23:03:00,간선상차,수도권HUB
1100002481,2026-07-03 17:03:00,간선하차,수도권HUB
1100002481,2026-07-03 21:03:00,배송출발,수도권HUB
1100002481,2026-07-04 09:03:00,배송완료,수도권HUB
1100002482,2026-05-18 21:55:00,집화처리,수도권HUB
1100002482,2026-05-19 02:55:00,간선상차,수도권HUB
1100002482,2026-05-19 19:55:00,간선하차,수도권HUB
1100002482,2026-05-20 09:55:00,배송출발,수도권HUB
1100002482,2026-05-20 21:55:00,배송완료,수도권HUB
4100002483,2026-07-20 06:39:00,집화처리,영남HUB
4100002483,2026-07-20 17:39:00,간선상차,영남HUB
4100002483,2026-07-21 06:39:00,간선하차,영남HUB
4100002483,2026-07-21 15:39:00,배송출발,영남HUB
4100002483,2026-07-22 04:39:00,배송완료,영남HUB
1100002484,2026-05-16 09:16:00,집화처리,중부HUB
1100002484,2026-05-16 15:16:00,간선상차,중부HUB
1100002484,2026-05-17 05:16:00,간선하차,중부HUB
1100002484,2026-05-18 00:16:00,배송출발,중부HUB
1100002484,2026-05-18 03:16:00,배송완료,중부HUB
1200002485,2026-06-05 06:25:00,집화처리,영남HUB
1200002485,2026-06-05 10:25:00,간선상차,영남HUB
1200002485,2026-06-06 05:25:00,간선하차,영남HUB
1200002485,2026-06-06 18:25:00,배송출발,영남HUB
1200002485,2026-06-07 01:25:00,배송완료,영남HUB
2100002486,2026-05-09 21:54:00,집화처리,영남HUB
2100002486,2026-05-10 17:54:00,간선상차,영남HUB
2100002486,2026-05-10 20:54:00,간선하차,영남HUB
2100002486,2026-05-11 08:54:00,배송출발,영남HUB
2100002486,2026-05-12 01:54:00,배송완료,영남HUB
2100002487,2026-05-08 17:45:00,집화처리,호남HUB
2100002487,2026-05-09 07:45:00,간선상차,호남HUB
2100002487,2026-05-10 03:45:00,간선하차,호남HUB
2100002487,2026-05-10 08:45:00,배송출발,호남HUB
2100002487,2026-05-11 04:45:00,배송완료,호남HUB
1100002488,2026-06-24 07:09:00,집화처리,영남HUB
1100002488,2026-06-24 20:09:00,간선상차,영남HUB
1100002488,2026-06-25 06:09:00,간선하차,영남HUB
1100002488,2026-06-25 09:09:00,배송출발,영남HUB
1100002488,2026-06-26 03:09:00,배송완료,영남HUB
3200002489,2026-05-05 07:06:00,집화처리,영남HUB
3200002489,2026-05-05 21:06:00,간선상차,영남HUB
3200002489,2026-05-06 09:06:00,간선하차,영남HUB
3200002489,2026-05-07 02:06:00,배송출발,영남HUB
3200002489,2026-05-07 20:06:00,배송완료,영남HUB
1100002490,2026-05-14 05:06:00,집화처리,영남HUB
1100002490,2026-05-14 21:06:00,간선상차,영남HUB
1100002490,2026-05-15 06:06:00,간선하차,영남HUB
1100002490,2026-05-15 09:06:00,배송출발,영남HUB
1100002490,2026-05-15 18:06:00,배송완료,영남HUB
1100002491,2026-07-20 19:07:00,집화처리,수도권HUB
1100002491,2026-07-21 15:07:00,간선상차,수도권HUB
1100002491,2026-07-22 05:07:00,간선하차,수도권HUB
1100002491,2026-07-22 21:07:00,배송출발,수도권HUB
1100002491,2026-07-23 00:07:00,배송완료,수도권HUB
4100002492,2026-07-20 18:05:00,집화처리,영남HUB
4100002492,2026-07-21 00:05:00,간선상차,영남HUB
4100002492,2026-07-21 16:05:00,간선하차,영남HUB
4100002492,2026-07-22 07:05:00,배송출발,영남HUB
4100002492,2026-07-23 00:05:00,배송완료,영남HUB
1100002493,2026-06-16 07:19:00,집화처리,수도권HUB
1100002493,2026-06-16 15:19:00,간선상차,수도권HUB
1100002493,2026-06-17 11:19:00,간선하차,수도권HUB
1100002493,2026-06-17 17:19:00,배송출발,수도권HUB
1100002493,2026-06-18 04:19:00,배송완료,수도권HUB
3100002494,2026-07-28 06:01:00,집화처리,중부HUB
3100002494,2026-07-28 10:01:00,간선상차,중부HUB
3100002494,2026-07-28 17:01:00,간선하차,중부HUB
3100002494,2026-07-29 05:01:00,배송출발,중부HUB
3100002494,2026-07-29 08:01:00,배송완료,중부HUB
1200002495,2026-05-22 14:31:00,집화처리,영남HUB
1200002495,2026-05-22 17:31:00,간선상차,영남HUB
1200002495,2026-05-22 22:31:00,간선하차,영남HUB
1200002495,2026-05-23 02:31:00,배송출발,영남HUB
1200002495,2026-05-23 17:31:00,배송완료,영남HUB
2100002496,2026-06-01 19:45:00,집화처리,중부HUB
2100002496,2026-06-02 00:45:00,간선상차,중부HUB
2100002496,2026-06-02 07:45:00,간선하차,중부HUB
2100002496,2026-06-02 10:45:00,배송출발,중부HUB
2100002496,2026-06-02 22:45:00,배송완료,중부HUB
4100002497,2026-06-24 11:03:00,집화처리,중부HUB
4100002497,2026-06-24 21:03:00,간선상차,중부HUB
4100002497,2026-06-25 16:03:00,간선하차,중부HUB
4100002497,2026-06-26 05:03:00,배송출발,중부HUB
4100002497,2026-06-26 11:03:00,배송완료,중부HUB
1100002498,2026-06-02 22:06:00,집화처리,영남HUB
1100002498,2026-06-03 07:06:00,간선상차,영남HUB
1100002498,2026-06-03 22:06:00,간선하차,영남HUB
1100002498,2026-06-04 18:06:00,배송출발,영남HUB
1100002498,2026-06-05 03:06:00,배송완료,영남HUB
1200002499,2026-06-27 01:50:00,집화처리,수도권HUB
1200002499,2026-06-27 14:50:00,간선상차,수도권HUB
1200002499,2026-06-28 07:50:00,간선하차,수도권HUB
1200002499,2026-06-29 03:50:00,배송출발,수도권HUB
1200002499,2026-06-29 18:50:00,배송완료,수도권HUB
2100002500,2026-07-13 17:28:00,집화처리,영남HUB
2100002500,2026-07-14 09:28:00,간선상차,영남HUB
2100002500,2026-07-14 12:28:00,간선하차,영남HUB
2100002500,2026-07-15 02:28:00,배송출발,영남HUB
2100002500,2026-07-15 11:28:00,배송완료,영남HUB
2100002501,2026-06-09 09:05:00,집화처리,영남HUB
2100002501,2026-06-09 16:05:00,간선상차,영남HUB
2100002501,2026-06-10 04:05:00,간선하차,영남HUB
2100002501,2026-06-10 08:05:00,배송출발,영남HUB
2100002501,2026-06-11 04:05:00,배송완료,영남HUB
3100002502,2026-05-01 23:20:00,집화처리,수도권HUB
3100002502,2026-05-02 17:20:00,간선상차,수도권HUB
3100002502,2026-05-03 04:20:00,간선하차,수도권HUB
3100002502,2026-05-03 07:20:00,배송출발,수도권HUB
3100002502,2026-05-04 02:20:00,배송완료,수도권HUB
1100002503,2026-05-26 21:30:00,집화처리,제주HUB
1100002503,2026-05-27 11:30:00,간선상차,제주HUB
1100002503,2026-05-27 20:30:00,간선하차,제주HUB
1100002503,2026-05-28 08:30:00,배송출발,제주HUB
1100002503,2026-05-28 19:30:00,배송완료,제주HUB
2100002504,2026-05-05 22:49:00,집화처리,영남HUB
2100002504,2026-05-06 15:49:00,간선상차,영남HUB
2100002504,2026-05-07 04:49:00,간선하차,영남HUB
2100002504,2026-05-07 08:49:00,배송출발,영남HUB
2100002504,2026-05-08 03:49:00,배송완료,영남HUB
4100002505,2026-05-14 08:28:00,집화처리,영남HUB
4100002505,2026-05-15 00:28:00,간선상차,영남HUB
4100002505,2026-05-15 09:28:00,간선하차,영남HUB
4100002505,2026-05-15 12:28:00,배송출발,영남HUB
4100002505,2026-05-15 20:28:00,배송완료,영남HUB
1200002506,2026-07-07 01:26:00,집화처리,영남HUB
1200002506,2026-07-07 04:26:00,간선상차,영남HUB
1200002506,2026-07-07 08:26:00,간선하차,영남HUB
1200002506,2026-07-07 21:26:00,배송출발,영남HUB
1200002506,2026-07-08 10:26:00,배송완료,영남HUB
1100002507,2026-07-28 05:33:00,집화처리,수도권HUB
1100002507,2026-07-28 14:33:00,간선상차,수도권HUB
1100002507,2026-07-29 08:33:00,간선하차,수도권HUB
1100002507,2026-07-30 04:33:00,배송출발,수도권HUB
1100002507,2026-07-30 18:33:00,배송완료,수도권HUB
2100002508,2026-06-02 03:09:00,집화처리,수도권HUB
2100002508,2026-06-02 15:09:00,간선상차,수도권HUB
2100002508,2026-06-03 07:09:00,간선하차,수도권HUB
2100002508,2026-06-04 03:09:00,배송출발,수도권HUB
2100002508,2026-06-04 11:09:00,배송완료,수도권HUB
2100002509,2026-07-28 08:31:00,집화처리,영남HUB
2100002509,2026-07-29 03:31:00,간선상차,영남HUB
2100002509,2026-07-29 14:31:00,간선하차,영남HUB
2100002509,2026-07-30 01:31:00,배송출발,영남HUB
2100002509,2026-07-30 15:31:00,배송완료,영남HUB
3100002510,2026-07-15 22:07:00,집화처리,수도권HUB
3100002510,2026-07-16 11:07:00,간선상차,수도권HUB
3100002510,2026-07-16 16:07:00,간선하차,수도권HUB
3100002510,2026-07-17 02:07:00,배송출발,수도권HUB
3100002510,2026-07-17 15:07:00,배송완료,수도권HUB
3100002511,2026-05-30 10:14:00,집화처리,영남HUB
3100002511,2026-05-31 06:14:00,간선상차,영남HUB
3100002511,2026-05-31 12:14:00,간선하차,영남HUB
3100002511,2026-05-31 17:14:00,배송출발,영남HUB
3100002511,2026-06-01 06:14:00,배송완료,영남HUB
1100002512,2026-08-03 22:54:00,집화처리,영남HUB
1100002512,2026-08-04 01:54:00,간선상차,영남HUB
1100002512,2026-08-04 07:54:00,간선하차,영남HUB
1100002512,2026-08-04 19:54:00,배송출발,영남HUB
3100002513,2026-07-13 22:08:00,집화처리,수도권HUB
3100002513,2026-07-14 15:08:00,간선상차,수도권HUB
3100002513,2026-07-14 22:08:00,간선하차,수도권HUB
3100002513,2026-07-15 10:08:00,배송출발,수도권HUB
3100002513,2026-07-15 20:08:00,배송완료,수도권HUB
2100002514,2026-07-20 20:19:00,집화처리,수도권HUB
2100002514,2026-07-21 09:19:00,간선상차,수도권HUB
2100002514,2026-07-21 22:19:00,간선하차,수도권HUB
2100002514,2026-07-22 17:19:00,배송출발,수도권HUB
2100002514,2026-07-23 02:19:00,배송완료,수도권HUB
1100002515,2026-07-24 01:23:00,집화처리,영남HUB
1100002515,2026-07-24 14:23:00,간선상차,영남HUB
1100002515,2026-07-25 00:23:00,간선하차,영남HUB
1100002515,2026-07-25 03:23:00,배송출발,영남HUB
1100002515,2026-07-25 21:23:00,배송완료,영남HUB
1100002516,2026-05-22 16:39:00,집화처리,수도권HUB
1100002516,2026-05-23 02:39:00,간선상차,수도권HUB
1100002516,2026-05-23 08:39:00,간선하차,수도권HUB
1100002516,2026-05-24 00:39:00,배송출발,수도권HUB
1100002516,2026-05-24 08:39:00,배송완료,수도권HUB
2100002517,2026-05-22 21:29:00,집화처리,영남HUB
2100002517,2026-05-23 06:29:00,간선상차,영남HUB
2100002517,2026-05-23 13:29:00,간선하차,영남HUB
2100002517,2026-05-23 17:29:00,배송출발,영남HUB
2100002517,2026-05-24 11:29:00,배송완료,영남HUB
1100002518,2026-05-26 04:33:00,집화처리,수도권HUB
1100002518,2026-05-26 14:33:00,간선상차,수도권HUB
1100002518,2026-05-27 05:33:00,간선하차,수도권HUB
1100002518,2026-05-27 23:33:00,배송출발,수도권HUB
1100002518,2026-05-28 18:33:00,배송완료,수도권HUB
3100002519,2026-05-28 20:58:00,집화처리,수도권HUB
3100002519,2026-05-29 07:58:00,간선상차,수도권HUB
3100002519,2026-05-29 14:58:00,간선하차,수도권HUB
3100002519,2026-05-29 17:58:00,배송출발,수도권HUB
3100002519,2026-05-30 13:58:00,배송완료,수도권HUB
1200002520,2026-07-14 02:40:00,집화처리,영남HUB
1200002520,2026-07-14 14:40:00,간선상차,영남HUB
1200002520,2026-07-15 08:40:00,간선하차,영남HUB
1200002520,2026-07-15 18:40:00,배송출발,영남HUB
1200002520,2026-07-16 10:40:00,배송완료,영남HUB
1100002521,2026-05-22 23:15:00,집화처리,수도권HUB
1100002521,2026-05-23 10:15:00,간선상차,수도권HUB
1100002521,2026-05-23 17:15:00,간선하차,수도권HUB
1100002521,2026-05-24 10:15:00,배송출발,수도권HUB
1100002521,2026-05-24 19:15:00,배송완료,수도권HUB
1200002522,2026-07-15 22:04:00,집화처리,영남HUB
1200002522,2026-07-16 15:04:00,간선상차,영남HUB
1200002522,2026-07-17 05:04:00,간선하차,영남HUB
1200002522,2026-07-17 10:04:00,배송출발,영남HUB
1200002522,2026-07-17 19:04:00,배송완료,영남HUB
2100002523,2026-05-28 05:20:00,집화처리,영남HUB
2100002523,2026-05-28 15:20:00,간선상차,영남HUB
2100002523,2026-05-29 03:20:00,간선하차,영남HUB
2100002523,2026-05-29 13:20:00,배송출발,영남HUB
2100002523,2026-05-29 20:20:00,배송완료,영남HUB
3100002524,2026-05-25 17:53:00,집화처리,영남HUB
3100002524,2026-05-26 06:53:00,간선상차,영남HUB
3100002524,2026-05-26 11:53:00,간선하차,영남HUB
3100002524,2026-05-27 01:53:00,배송출발,영남HUB
3100002524,2026-05-27 21:53:00,배송완료,영남HUB
1100002525,2026-06-13 05:45:00,집화처리,제주HUB
1100002525,2026-06-13 14:45:00,간선상차,제주HUB
1100002525,2026-06-14 06:45:00,간선하차,제주HUB
1100002525,2026-06-14 23:45:00,배송출발,제주HUB
1100002525,2026-06-15 08:45:00,배송완료,제주HUB
4100002526,2026-07-28 08:42:00,집화처리,수도권HUB
4100002526,2026-07-28 21:42:00,간선상차,수도권HUB
4100002526,2026-07-29 14:42:00,간선하차,수도권HUB
4100002526,2026-07-30 08:42:00,배송출발,수도권HUB
4100002526,2026-07-30 22:42:00,배송완료,수도권HUB
1100002527,2026-06-16 08:22:00,집화처리,영남HUB
1100002527,2026-06-16 16:22:00,간선상차,영남HUB
1100002527,2026-06-17 00:22:00,간선하차,영남HUB
1100002527,2026-06-17 14:22:00,배송출발,영남HUB
1100002527,2026-06-18 00:22:00,배송완료,영남HUB
2100002528,2026-06-16 00:53:00,집화처리,수도권HUB
2100002528,2026-06-16 08:53:00,간선상차,수도권HUB
2100002528,2026-06-16 17:53:00,간선하차,수도권HUB
2100002528,2026-06-17 07:53:00,배송출발,수도권HUB
2100002528,2026-06-18 00:53:00,배송완료,수도권HUB
3100002529,2026-06-10 01:11:00,집화처리,호남HUB
3100002529,2026-06-10 13:11:00,간선상차,호남HUB
3100002529,2026-06-11 03:11:00,간선하차,호남HUB
3100002529,2026-06-11 08:11:00,배송출발,호남HUB
3100002529,2026-06-11 12:11:00,배송완료,호남HUB
2100002530,2026-05-14 13:59:00,집화처리,영남HUB
2100002530,2026-05-14 23:59:00,간선상차,영남HUB
2100002530,2026-05-15 18:59:00,간선하차,영남HUB
2100002530,2026-05-16 03:59:00,배송출발,영남HUB
2100002530,2026-05-16 19:59:00,배송완료,영남HUB
1100002531,2026-06-20 03:12:00,집화처리,중부HUB
1100002531,2026-06-20 22:12:00,간선상차,중부HUB
1100002531,2026-06-21 07:12:00,간선하차,중부HUB
1100002531,2026-06-21 23:12:00,배송출발,중부HUB
1100002531,2026-06-22 04:12:00,배송완료,중부HUB
3200002532,2026-05-31 02:58:00,집화처리,중부HUB
3200002532,2026-05-31 06:58:00,간선상차,중부HUB
3200002532,2026-05-31 09:58:00,간선하차,중부HUB
3200002532,2026-06-01 00:58:00,배송출발,중부HUB
3200002532,2026-06-01 10:58:00,배송완료,중부HUB
4100002533,2026-07-28 02:23:00,집화처리,중부HUB
4100002533,2026-07-28 22:23:00,간선상차,중부HUB
4100002533,2026-07-29 02:23:00,간선하차,중부HUB
4100002533,2026-07-29 17:23:00,배송출발,중부HUB
4100002533,2026-07-30 01:23:00,배송완료,중부HUB
1100002534,2026-05-25 22:56:00,집화처리,호남HUB
1100002534,2026-05-26 05:56:00,간선상차,호남HUB
1100002534,2026-05-26 12:56:00,간선하차,호남HUB
1100002534,2026-05-26 20:56:00,배송출발,호남HUB
1100002534,2026-05-27 08:56:00,배송완료,호남HUB
2100002535,2026-05-12 19:49:00,집화처리,영남HUB
2100002535,2026-05-13 14:49:00,간선상차,영남HUB
2100002535,2026-05-13 18:49:00,간선하차,영남HUB
2100002535,2026-05-14 02:49:00,배송출발,영남HUB
2100002535,2026-05-14 17:49:00,배송완료,영남HUB
2100002536,2026-07-09 18:18:00,집화처리,영남HUB
2100002536,2026-07-10 14:18:00,간선상차,영남HUB
2100002536,2026-07-10 18:18:00,간선하차,영남HUB
2100002536,2026-07-11 12:18:00,배송출발,영남HUB
2100002536,2026-07-12 02:18:00,배송완료,영남HUB
2100002537,2026-06-19 12:47:00,집화처리,영남HUB
2100002537,2026-06-20 02:47:00,간선상차,영남HUB
2100002537,2026-06-20 06:47:00,간선하차,영남HUB
2100002537,2026-06-20 22:47:00,배송출발,영남HUB
2100002537,2026-06-21 01:47:00,배송완료,영남HUB
2100002538,2026-06-18 05:33:00,집화처리,중부HUB
2100002538,2026-06-18 14:33:00,간선상차,중부HUB
2100002538,2026-06-19 09:33:00,간선하차,중부HUB
2100002538,2026-06-20 03:33:00,배송출발,중부HUB
2100002538,2026-06-20 14:33:00,배송완료,중부HUB
1200002539,2026-05-19 04:11:00,집화처리,수도권HUB
1200002539,2026-05-19 07:11:00,간선상차,수도권HUB
1200002539,2026-05-19 19:11:00,간선하차,수도권HUB
1200002539,2026-05-20 08:11:00,배송출발,수도권HUB
1200002539,2026-05-21 00:11:00,배송완료,수도권HUB
1100002540,2026-05-25 12:09:00,집화처리,수도권HUB
1100002540,2026-05-26 02:09:00,간선상차,수도권HUB
1100002540,2026-05-26 08:09:00,간선하차,수도권HUB
1100002540,2026-05-26 22:09:00,배송출발,수도권HUB
1100002540,2026-05-27 16:09:00,배송완료,수도권HUB
3100002541,2026-07-07 03:56:00,집화처리,중부HUB
3100002541,2026-07-07 09:56:00,간선상차,중부HUB
3100002541,2026-07-07 17:56:00,간선하차,중부HUB
3100002541,2026-07-08 06:56:00,배송출발,중부HUB
3100002541,2026-07-08 21:56:00,배송완료,중부HUB
4100002542,2026-06-01 20:45:00,집화처리,수도권HUB
4100002542,2026-06-02 12:45:00,간선상차,수도권HUB
4100002542,2026-06-03 01:45:00,간선하차,수도권HUB
4100002542,2026-06-03 17:45:00,배송출발,수도권HUB
4100002542,2026-06-04 03:45:00,배송완료,수도권HUB
1100002543,2026-07-02 02:05:00,집화처리,수도권HUB
1100002543,2026-07-02 15:05:00,간선상차,수도권HUB
1100002543,2026-07-02 23:05:00,간선하차,수도권HUB
1100002543,2026-07-03 15:05:00,배송출발,수도권HUB
1100002543,2026-07-03 22:05:00,배송완료,수도권HUB
1200002544,2026-07-13 17:10:00,집화처리,영남HUB
1200002544,2026-07-14 01:10:00,간선상차,영남HUB
1200002544,2026-07-14 13:10:00,간선하차,영남HUB
1200002544,2026-07-14 17:10:00,배송출발,영남HUB
1200002544,2026-07-15 03:10:00,배송완료,영남HUB
1100002545,2026-08-04 08:20:00,집화처리,영남HUB
1100002545,2026-08-04 13:20:00,간선상차,영남HUB
1100002545,2026-08-04 18:20:00,간선하차,영남HUB
1100002545,2026-08-04 21:20:00,배송출발,영남HUB
4100002546,2026-06-06 08:58:00,집화처리,영남HUB
4100002546,2026-06-07 00:58:00,간선상차,영남HUB
4100002546,2026-06-07 12:58:00,간선하차,영남HUB
4100002546,2026-06-07 22:58:00,배송출발,영남HUB
4100002546,2026-06-08 01:58:00,배송완료,영남HUB
1100002547,2026-07-09 23:12:00,집화처리,수도권HUB
1100002547,2026-07-10 08:12:00,간선상차,수도권HUB
1100002547,2026-07-10 21:12:00,간선하차,수도권HUB
1100002547,2026-07-11 09:12:00,배송출발,수도권HUB
1100002547,2026-07-11 16:12:00,배송완료,수도권HUB
1100002548,2026-06-16 01:36:00,집화처리,영남HUB
1100002548,2026-06-16 10:36:00,간선상차,영남HUB
1100002548,2026-06-16 14:36:00,간선하차,영남HUB
1100002548,2026-06-17 02:36:00,배송출발,영남HUB
1100002548,2026-06-17 16:36:00,배송완료,영남HUB
1100002549,2026-07-31 06:56:00,집화처리,수도권HUB
1100002549,2026-07-31 10:56:00,간선상차,수도권HUB
1100002549,2026-08-01 06:56:00,간선하차,수도권HUB
1100002549,2026-08-01 13:56:00,배송출발,수도권HUB
1100002549,2026-08-01 18:56:00,배송완료,수도권HUB
1200002550,2026-05-18 18:42:00,집화처리,영남HUB
1200002550,2026-05-19 14:42:00,간선상차,영남HUB
1200002550,2026-05-20 07:42:00,간선하차,영남HUB
1200002550,2026-05-20 22:42:00,배송출발,영남HUB
1200002550,2026-05-21 03:42:00,배송완료,영남HUB
1100002551,2026-06-23 06:24:00,집화처리,수도권HUB
1100002551,2026-06-23 15:24:00,간선상차,수도권HUB
1100002551,2026-06-24 07:24:00,간선하차,수도권HUB
1100002551,2026-06-24 23:24:00,배송출발,수도권HUB
1100002551,2026-06-25 18:24:00,배송완료,수도권HUB
1100002552,2026-07-14 11:10:00,집화처리,수도권HUB
1100002552,2026-07-14 18:10:00,간선상차,수도권HUB
1100002552,2026-07-15 06:10:00,간선하차,수도권HUB
1100002552,2026-07-15 09:10:00,배송출발,수도권HUB
1100002552,2026-07-15 16:10:00,배송완료,수도권HUB
1200002553,2026-06-06 06:17:00,집화처리,수도권HUB
1200002553,2026-06-06 12:17:00,간선상차,수도권HUB
1200002553,2026-06-06 16:17:00,간선하차,수도권HUB
1200002553,2026-06-07 01:17:00,배송출발,수도권HUB
1200002553,2026-06-07 08:17:00,배송완료,수도권HUB
4100002554,2026-06-18 02:22:00,집화처리,호남HUB
4100002554,2026-06-18 09:22:00,간선상차,호남HUB
4100002554,2026-06-18 16:22:00,간선하차,호남HUB
4100002554,2026-06-19 07:22:00,배송출발,호남HUB
4100002554,2026-06-20 03:22:00,배송완료,호남HUB
1100002555,2026-05-25 21:27:00,집화처리,호남HUB
1100002555,2026-05-26 02:27:00,간선상차,호남HUB
1100002555,2026-05-26 16:27:00,간선하차,호남HUB
1100002555,2026-05-27 00:27:00,배송출발,호남HUB
1100002555,2026-05-27 19:27:00,배송완료,호남HUB
2100002556,2026-05-16 03:58:00,집화처리,영남HUB
2100002556,2026-05-16 20:58:00,간선상차,영남HUB
2100002556,2026-05-17 05:58:00,간선하차,영남HUB
2100002556,2026-05-17 11:58:00,배송출발,영남HUB
2100002556,2026-05-17 21:58:00,배송완료,영남HUB
2100002557,2026-07-14 04:58:00,집화처리,중부HUB
2100002557,2026-07-14 16:58:00,간선상차,중부HUB
2100002557,2026-07-14 19:58:00,간선하차,중부HUB
2100002557,2026-07-15 14:58:00,배송출발,중부HUB
2100002557,2026-07-15 21:58:00,배송완료,중부HUB
2100002558,2026-06-26 19:28:00,집화처리,제주HUB
2100002558,2026-06-27 05:28:00,간선상차,제주HUB
2100002558,2026-06-27 16:28:00,간선하차,제주HUB
2100002558,2026-06-28 08:28:00,배송출발,제주HUB
2100002558,2026-06-28 11:28:00,배송완료,제주HUB
4100002559,2026-06-08 14:29:00,집화처리,호남HUB
4100002559,2026-06-09 06:29:00,간선상차,호남HUB
4100002559,2026-06-09 23:29:00,간선하차,호남HUB
4100002559,2026-06-10 12:29:00,배송출발,호남HUB
4100002559,2026-06-11 00:29:00,배송완료,호남HUB
3200002560,2026-05-23 12:57:00,집화처리,호남HUB
3200002560,2026-05-24 04:57:00,간선상차,호남HUB
3200002560,2026-05-24 08:57:00,간선하차,호남HUB
3200002560,2026-05-24 22:57:00,배송출발,호남HUB
3200002560,2026-05-25 05:57:00,배송완료,호남HUB
3100002561,2026-06-02 08:22:00,집화처리,중부HUB
3100002561,2026-06-03 01:22:00,간선상차,중부HUB
3100002561,2026-06-03 13:22:00,간선하차,중부HUB
3100002561,2026-06-04 01:22:00,배송출발,중부HUB
3100002561,2026-06-04 08:22:00,배송완료,중부HUB
1200002562,2026-06-09 13:20:00,집화처리,중부HUB
1200002562,2026-06-09 22:20:00,간선상차,중부HUB
1200002562,2026-06-10 02:20:00,간선하차,중부HUB
1200002562,2026-06-10 09:20:00,배송출발,중부HUB
1200002562,2026-06-10 14:20:00,배송완료,중부HUB
1200002563,2026-06-13 08:49:00,집화처리,중부HUB
1200002563,2026-06-14 00:49:00,간선상차,중부HUB
1200002563,2026-06-14 13:49:00,간선하차,중부HUB
1200002563,2026-06-14 16:49:00,배송출발,중부HUB
1200002563,2026-06-14 19:49:00,배송완료,중부HUB
1200002564,2026-06-23 05:02:00,집화처리,영남HUB
1200002564,2026-06-23 18:02:00,간선상차,영남HUB
1200002564,2026-06-24 04:02:00,간선하차,영남HUB
1200002564,2026-06-24 12:02:00,배송출발,영남HUB
1200002564,2026-06-24 21:02:00,배송완료,영남HUB
3100002565,2026-08-01 12:52:00,집화처리,영남HUB
3100002565,2026-08-01 15:52:00,간선상차,영남HUB
3100002565,2026-08-02 04:52:00,간선하차,영남HUB
3100002565,2026-08-02 11:52:00,배송출발,영남HUB
3100002565,2026-08-03 05:52:00,배송완료,영남HUB
1100002566,2026-06-16 00:08:00,집화처리,수도권HUB
1100002566,2026-06-16 08:08:00,간선상차,수도권HUB
1100002566,2026-06-16 15:08:00,간선하차,수도권HUB
1100002566,2026-06-17 04:08:00,배송출발,수도권HUB
1100002566,2026-06-17 12:08:00,배송완료,수도권HUB
1200002567,2026-07-21 00:50:00,집화처리,중부HUB
1200002567,2026-07-21 08:50:00,간선상차,중부HUB
1200002567,2026-07-21 19:50:00,간선하차,중부HUB
1200002567,2026-07-22 10:50:00,배송출발,중부HUB
1200002567,2026-07-22 13:50:00,배송완료,중부HUB
2100002568,2026-05-07 14:59:00,집화처리,중부HUB
2100002568,2026-05-08 01:59:00,간선상차,중부HUB
2100002568,2026-05-08 16:59:00,간선하차,중부HUB
2100002568,2026-05-09 09:59:00,배송출발,중부HUB
2100002568,2026-05-09 13:59:00,배송완료,중부HUB
1100002569,2026-08-05 01:14:00,집화처리,수도권HUB
1100002569,2026-08-05 09:14:00,간선상차,수도권HUB
2100002570,2026-05-05 07:39:00,집화처리,영남HUB
2100002570,2026-05-05 19:39:00,간선상차,영남HUB
2100002570,2026-05-06 05:39:00,간선하차,영남HUB
2100002570,2026-05-06 13:39:00,배송출발,영남HUB
2100002570,2026-05-06 19:39:00,배송완료,영남HUB
3100002571,2026-05-12 22:13:00,집화처리,영남HUB
3100002571,2026-05-13 08:13:00,간선상차,영남HUB
3100002571,2026-05-13 11:13:00,간선하차,영남HUB
3100002571,2026-05-14 07:13:00,배송출발,영남HUB
3100002571,2026-05-14 10:13:00,배송완료,영남HUB
1100002572,2026-05-25 17:26:00,집화처리,중부HUB
1100002572,2026-05-26 11:26:00,간선상차,중부HUB
1100002572,2026-05-26 14:26:00,간선하차,중부HUB
1100002572,2026-05-26 23:26:00,배송출발,중부HUB
1100002572,2026-05-27 09:26:00,배송완료,중부HUB
2100002573,2026-07-20 20:39:00,집화처리,영남HUB
2100002573,2026-07-21 07:39:00,간선상차,영남HUB
2100002573,2026-07-21 16:39:00,간선하차,영남HUB
2100002573,2026-07-22 00:39:00,배송출발,영남HUB
2100002573,2026-07-22 14:39:00,배송완료,영남HUB
4100002574,2026-07-01 17:44:00,집화처리,수도권HUB
4100002574,2026-07-02 02:44:00,간선상차,수도권HUB
4100002574,2026-07-02 13:44:00,간선하차,수도권HUB
4100002574,2026-07-02 22:44:00,배송출발,수도권HUB
4100002574,2026-07-03 09:44:00,배송완료,수도권HUB
3100002575,2026-06-22 05:03:00,집화처리,영남HUB
3100002575,2026-06-22 09:03:00,간선상차,영남HUB
3100002575,2026-06-22 23:03:00,간선하차,영남HUB
3100002575,2026-06-23 08:03:00,배송출발,영남HUB
3100002575,2026-06-23 11:03:00,배송완료,영남HUB
1100002576,2026-06-12 00:56:00,집화처리,영남HUB
1100002576,2026-06-12 17:56:00,간선상차,영남HUB
1100002576,2026-06-13 04:56:00,간선하차,영남HUB
1100002576,2026-06-13 15:56:00,배송출발,영남HUB
1100002576,2026-06-14 04:56:00,배송완료,영남HUB
4100002577,2026-07-30 17:00:00,집화처리,영남HUB
4100002577,2026-07-31 00:00:00,간선상차,영남HUB
4100002577,2026-07-31 13:00:00,간선하차,영남HUB
4100002577,2026-08-01 04:00:00,배송출발,영남HUB
4100002577,2026-08-01 07:00:00,배송완료,영남HUB
1100002578,2026-05-22 06:35:00,집화처리,중부HUB
1100002578,2026-05-22 14:35:00,간선상차,중부HUB
1100002578,2026-05-23 05:35:00,간선하차,중부HUB
1100002578,2026-05-23 21:35:00,배송출발,중부HUB
1100002578,2026-05-24 07:35:00,배송완료,중부HUB
1200002579,2026-07-17 21:49:00,집화처리,수도권HUB
1200002579,2026-07-18 10:49:00,간선상차,수도권HUB
1200002579,2026-07-18 22:49:00,간선하차,수도권HUB
1200002579,2026-07-19 05:49:00,배송출발,수도권HUB
1200002579,2026-07-19 22:49:00,배송완료,수도권HUB
1200002580,2026-06-15 08:34:00,집화처리,제주HUB
1200002580,2026-06-16 02:34:00,간선상차,제주HUB
1200002580,2026-06-16 14:34:00,간선하차,제주HUB
1200002580,2026-06-17 05:34:00,배송출발,제주HUB
1200002580,2026-06-17 17:34:00,배송완료,제주HUB
3200002581,2026-05-18 20:51:00,집화처리,영남HUB
3200002581,2026-05-19 11:51:00,간선상차,영남HUB
3200002581,2026-05-20 02:51:00,간선하차,영남HUB
3200002581,2026-05-20 22:51:00,배송출발,영남HUB
3200002581,2026-05-21 03:51:00,배송완료,영남HUB
2100002582,2026-06-22 22:28:00,집화처리,영남HUB
2100002582,2026-06-23 12:28:00,간선상차,영남HUB
2100002582,2026-06-24 03:28:00,간선하차,영남HUB
2100002582,2026-06-24 22:28:00,배송출발,영남HUB
2100002582,2026-06-25 03:28:00,배송완료,영남HUB
1200002583,2026-06-15 21:39:00,집화처리,수도권HUB
1200002583,2026-06-16 07:39:00,간선상차,수도권HUB
1200002583,2026-06-16 11:39:00,간선하차,수도권HUB
1200002583,2026-06-16 17:39:00,배송출발,수도권HUB
1200002583,2026-06-17 06:39:00,배송완료,수도권HUB
1100002584,2026-06-20 04:45:00,집화처리,중부HUB
1100002584,2026-06-20 08:45:00,간선상차,중부HUB
1100002584,2026-06-20 16:45:00,간선하차,중부HUB
1100002584,2026-06-21 08:45:00,배송출발,중부HUB
1100002584,2026-06-21 16:45:00,배송완료,중부HUB
1100002585,2026-06-12 01:52:00,집화처리,수도권HUB
1100002585,2026-06-12 17:52:00,간선상차,수도권HUB
1100002585,2026-06-13 12:52:00,간선하차,수도권HUB
1100002585,2026-06-14 05:52:00,배송출발,수도권HUB
1100002585,2026-06-14 14:52:00,배송완료,수도권HUB
1200002586,2026-07-07 05:03:00,집화처리,중부HUB
1200002586,2026-07-07 11:03:00,간선상차,중부HUB
1200002586,2026-07-07 17:03:00,간선하차,중부HUB
1200002586,2026-07-07 20:03:00,배송출발,중부HUB
1200002586,2026-07-08 14:03:00,배송완료,중부HUB
1100002587,2026-07-23 09:13:00,집화처리,영남HUB
1100002587,2026-07-24 02:13:00,간선상차,영남HUB
1100002587,2026-07-24 10:13:00,간선하차,영남HUB
1100002587,2026-07-24 18:13:00,배송출발,영남HUB
1100002587,2026-07-25 02:13:00,배송완료,영남HUB
1100002588,2026-07-03 21:53:00,집화처리,수도권HUB
1100002588,2026-07-04 12:53:00,간선상차,수도권HUB
1100002588,2026-07-05 01:53:00,간선하차,수도권HUB
1100002588,2026-07-05 19:53:00,배송출발,수도권HUB
1100002588,2026-07-06 08:53:00,배송완료,수도권HUB
1100002589,2026-06-09 14:17:00,집화처리,영남HUB
1100002589,2026-06-09 17:17:00,간선상차,영남HUB
1100002589,2026-06-10 10:17:00,간선하차,영남HUB
1100002589,2026-06-10 23:17:00,배송출발,영남HUB
1100002589,2026-06-11 15:17:00,배송완료,영남HUB
4100002590,2026-06-11 01:42:00,집화처리,수도권HUB
4100002590,2026-06-11 07:42:00,간선상차,수도권HUB
4100002590,2026-06-11 23:42:00,간선하차,수도권HUB
4100002590,2026-06-12 09:42:00,배송출발,수도권HUB
4100002590,2026-06-12 18:42:00,배송완료,수도권HUB
1200002591,2026-07-20 19:03:00,집화처리,수도권HUB
1200002591,2026-07-21 15:03:00,간선상차,수도권HUB
1200002591,2026-07-22 03:03:00,간선하차,수도권HUB
1200002591,2026-07-22 15:03:00,배송출발,수도권HUB
1200002591,2026-07-23 04:03:00,배송완료,수도권HUB
1200002592,2026-07-18 01:07:00,집화처리,호남HUB
1200002592,2026-07-18 12:07:00,간선상차,호남HUB
1200002592,2026-07-19 02:07:00,간선하차,호남HUB
1200002592,2026-07-19 16:07:00,배송출발,호남HUB
1200002592,2026-07-20 03:07:00,배송완료,호남HUB
3100002593,2026-08-04 11:52:00,집화처리,영남HUB
3100002593,2026-08-05 04:52:00,간선상차,영남HUB
3100002593,2026-08-05 19:52:00,간선하차,영남HUB
3100002593,2026-08-06 05:52:00,배송출발,영남HUB
3100002593,2026-08-06 11:52:00,배송완료,영남HUB
1100002594,2026-07-27 22:44:00,집화처리,수도권HUB
1100002594,2026-07-28 08:44:00,간선상차,수도권HUB
1100002594,2026-07-28 17:44:00,간선하차,수도권HUB
1100002594,2026-07-29 09:44:00,배송출발,수도권HUB
1100002594,2026-07-29 16:44:00,배송완료,수도권HUB
2100002595,2026-05-18 18:39:00,집화처리,영남HUB
2100002595,2026-05-19 11:39:00,간선상차,영남HUB
2100002595,2026-05-19 21:39:00,간선하차,영남HUB
2100002595,2026-05-20 11:39:00,배송출발,영남HUB
2100002595,2026-05-20 16:39:00,배송완료,영남HUB
1100002596,2026-06-23 00:42:00,집화처리,영남HUB
1100002596,2026-06-23 12:42:00,간선상차,영남HUB
1100002596,2026-06-23 16:42:00,간선하차,영남HUB
1100002596,2026-06-23 22:42:00,배송출발,영남HUB
1100002596,2026-06-24 01:42:00,배송완료,영남HUB
2100002597,2026-07-07 10:35:00,집화처리,수도권HUB
2100002597,2026-07-08 05:35:00,간선상차,수도권HUB
2100002597,2026-07-08 08:35:00,간선하차,수도권HUB
2100002597,2026-07-08 14:35:00,배송출발,수도권HUB
2100002597,2026-07-09 09:35:00,배송완료,수도권HUB
1100002598,2026-08-02 08:00:00,집화처리,중부HUB
1100002598,2026-08-02 22:00:00,간선상차,중부HUB
1100002598,2026-08-03 03:00:00,간선하차,중부HUB
1100002598,2026-08-03 18:00:00,배송출발,중부HUB
1100002598,2026-08-04 10:00:00,배송완료,중부HUB
4100002599,2026-06-02 21:33:00,집화처리,중부HUB
4100002599,2026-06-03 09:33:00,간선상차,중부HUB
4100002599,2026-06-03 18:33:00,간선하차,중부HUB
4100002599,2026-06-03 23:33:00,배송출발,중부HUB
4100002599,2026-06-04 07:33:00,배송완료,중부HUB
2100002600,2026-05-21 02:39:00,집화처리,영남HUB
2100002600,2026-05-21 20:39:00,간선상차,영남HUB
2100002600,2026-05-22 07:39:00,간선하차,영남HUB
2100002600,2026-05-22 13:39:00,배송출발,영남HUB
2100002600,2026-05-23 08:39:00,배송완료,영남HUB
1100002601,2026-06-25 07:26:00,집화처리,수도권HUB
1100002601,2026-06-25 11:26:00,간선상차,수도권HUB
1100002601,2026-06-26 00:26:00,간선하차,수도권HUB
1100002601,2026-06-26 04:26:00,배송출발,수도권HUB
1100002601,2026-06-26 11:26:00,배송완료,수도권HUB
4100002602,2026-06-03 07:18:00,집화처리,수도권HUB
4100002602,2026-06-04 01:18:00,간선상차,수도권HUB
4100002602,2026-06-04 19:18:00,간선하차,수도권HUB
4100002602,2026-06-05 04:18:00,배송출발,수도권HUB
4100002602,2026-06-05 08:18:00,배송완료,수도권HUB
4100002603,2026-07-29 10:21:00,집화처리,영남HUB
4100002603,2026-07-29 22:21:00,간선상차,영남HUB
4100002603,2026-07-30 02:21:00,간선하차,영남HUB
4100002603,2026-07-30 14:21:00,배송출발,영남HUB
4100002603,2026-07-31 08:21:00,배송완료,영남HUB
3100002604,2026-07-25 01:51:00,집화처리,중부HUB
3100002604,2026-07-25 08:51:00,간선상차,중부HUB
3100002604,2026-07-25 14:51:00,간선하차,중부HUB
3100002604,2026-07-25 21:51:00,배송출발,중부HUB
3100002604,2026-07-26 14:51:00,배송완료,중부HUB
1100002605,2026-05-12 09:34:00,집화처리,수도권HUB
1100002605,2026-05-12 22:34:00,간선상차,수도권HUB
1100002605,2026-05-13 04:34:00,간선하차,수도권HUB
1100002605,2026-05-13 14:34:00,배송출발,수도권HUB
1100002605,2026-05-14 08:34:00,배송완료,수도권HUB
1200002606,2026-08-03 19:12:00,집화처리,수도권HUB
1200002606,2026-08-04 11:12:00,간선상차,수도권HUB
1200002606,2026-08-05 02:12:00,간선하차,수도권HUB
1200002606,2026-08-05 08:12:00,배송출발,수도권HUB
1200002606,2026-08-06 04:12:00,배송완료,수도권HUB
1100002607,2026-06-11 02:24:00,집화처리,수도권HUB
1100002607,2026-06-11 17:24:00,간선상차,수도권HUB
1100002607,2026-06-12 02:24:00,간선하차,수도권HUB
1100002607,2026-06-12 21:24:00,배송출발,수도권HUB
1100002607,2026-06-13 01:24:00,배송완료,수도권HUB
1200002608,2026-07-31 01:05:00,집화처리,수도권HUB
1200002608,2026-07-31 14:05:00,간선상차,수도권HUB
1200002608,2026-08-01 08:05:00,간선하차,수도권HUB
1200002608,2026-08-01 14:05:00,배송출발,수도권HUB
1200002608,2026-08-02 04:05:00,배송완료,수도권HUB
1100002609,2026-06-23 10:35:00,집화처리,수도권HUB
1100002609,2026-06-23 15:35:00,간선상차,수도권HUB
1100002609,2026-06-23 20:35:00,간선하차,수도권HUB
1100002609,2026-06-24 09:35:00,배송출발,수도권HUB
1100002609,2026-06-24 14:35:00,배송완료,수도권HUB
1100002610,2026-07-13 00:01:00,집화처리,영남HUB
1100002610,2026-07-13 17:01:00,간선상차,영남HUB
1100002610,2026-07-13 22:01:00,간선하차,영남HUB
1100002610,2026-07-14 15:01:00,배송출발,영남HUB
1100002610,2026-07-15 09:01:00,배송완료,영남HUB
1200002611,2026-07-01 05:29:00,집화처리,영남HUB
1200002611,2026-07-01 23:29:00,간선상차,영남HUB
1200002611,2026-07-02 12:29:00,간선하차,영남HUB
1200002611,2026-07-03 04:29:00,배송출발,영남HUB
1200002611,2026-07-03 18:29:00,배송완료,영남HUB
1100002612,2026-07-13 18:46:00,집화처리,영남HUB
1100002612,2026-07-14 10:46:00,간선상차,영남HUB
1100002612,2026-07-14 15:46:00,간선하차,영남HUB
1100002612,2026-07-15 08:46:00,배송출발,영남HUB
1100002612,2026-07-16 01:46:00,배송완료,영남HUB
2100002613,2026-05-05 07:51:00,집화처리,수도권HUB
2100002613,2026-05-05 12:51:00,간선상차,수도권HUB
2100002613,2026-05-06 00:51:00,간선하차,수도권HUB
2100002613,2026-05-06 19:51:00,배송출발,수도권HUB
2100002613,2026-05-07 11:51:00,배송완료,수도권HUB
1100002614,2026-07-17 19:08:00,집화처리,수도권HUB
1100002614,2026-07-18 12:08:00,간선상차,수도권HUB
1100002614,2026-07-19 05:08:00,간선하차,수도권HUB
1100002614,2026-07-19 20:08:00,배송출발,수도권HUB
1100002614,2026-07-20 14:08:00,배송완료,수도권HUB
1200002615,2026-06-19 11:32:00,집화처리,수도권HUB
1200002615,2026-06-19 14:32:00,간선상차,수도권HUB
1200002615,2026-06-20 00:32:00,간선하차,수도권HUB
1200002615,2026-06-20 03:32:00,배송출발,수도권HUB
1200002615,2026-06-20 08:32:00,배송완료,수도권HUB
1100002616,2026-06-09 06:50:00,집화처리,수도권HUB
1100002616,2026-06-09 21:50:00,간선상차,수도권HUB
1100002616,2026-06-10 13:50:00,간선하차,수도권HUB
1100002616,2026-06-11 07:50:00,배송출발,수도권HUB
1100002616,2026-06-12 03:50:00,배송완료,수도권HUB
1200002617,2026-06-01 19:04:00,집화처리,수도권HUB
1200002617,2026-06-02 09:04:00,간선상차,수도권HUB
1200002617,2026-06-03 01:04:00,간선하차,수도권HUB
1200002617,2026-06-03 13:04:00,배송출발,수도권HUB
1200002617,2026-06-04 02:04:00,배송완료,수도권HUB
1200002618,2026-06-15 18:36:00,집화처리,호남HUB
1200002618,2026-06-16 03:36:00,간선상차,호남HUB
1200002618,2026-06-16 16:36:00,간선하차,호남HUB
1200002618,2026-06-16 22:36:00,배송출발,호남HUB
1200002618,2026-06-17 06:36:00,배송완료,호남HUB
1100002619,2026-07-10 19:55:00,집화처리,영남HUB
1100002619,2026-07-11 05:55:00,간선상차,영남HUB
1100002619,2026-07-11 20:55:00,간선하차,영남HUB
1100002619,2026-07-12 13:55:00,배송출발,영남HUB
1100002619,2026-07-12 19:55:00,배송완료,영남HUB
3200002620,2026-05-26 02:32:00,집화처리,호남HUB
3200002620,2026-05-26 19:32:00,간선상차,호남HUB
3200002620,2026-05-27 12:32:00,간선하차,호남HUB
3200002620,2026-05-28 01:32:00,배송출발,호남HUB
3200002620,2026-05-28 10:32:00,배송완료,호남HUB
3100002621,2026-07-12 04:07:00,집화처리,수도권HUB
3100002621,2026-07-12 11:07:00,간선상차,수도권HUB
3100002621,2026-07-13 06:07:00,간선하차,수도권HUB
3100002621,2026-07-13 14:07:00,배송출발,수도권HUB
3100002621,2026-07-13 17:07:00,배송완료,수도권HUB
1200002622,2026-07-07 01:32:00,집화처리,수도권HUB
1200002622,2026-07-07 17:32:00,간선상차,수도권HUB
1200002622,2026-07-08 03:32:00,간선하차,수도권HUB
1200002622,2026-07-08 22:32:00,배송출발,수도권HUB
1200002622,2026-07-09 15:32:00,배송완료,수도권HUB
1100002623,2026-08-05 03:41:00,집화처리,영남HUB
1100002623,2026-08-05 10:41:00,간선상차,영남HUB
4100002624,2026-05-06 02:43:00,집화처리,중부HUB
4100002624,2026-05-06 18:43:00,간선상차,중부HUB
4100002624,2026-05-07 12:43:00,간선하차,중부HUB
4100002624,2026-05-07 19:43:00,배송출발,중부HUB
4100002624,2026-05-08 14:43:00,배송완료,중부HUB
1200002625,2026-05-24 08:22:00,집화처리,수도권HUB
1200002625,2026-05-24 18:22:00,간선상차,수도권HUB
1200002625,2026-05-24 23:22:00,간선하차,수도권HUB
1200002625,2026-05-25 07:22:00,배송출발,수도권HUB
1200002625,2026-05-25 10:22:00,배송완료,수도권HUB
3100002626,2026-06-15 16:00:00,집화처리,수도권HUB
3100002626,2026-06-16 06:00:00,간선상차,수도권HUB
3100002626,2026-06-16 23:00:00,간선하차,수도권HUB
3100002626,2026-06-17 15:00:00,배송출발,수도권HUB
3100002626,2026-06-18 03:00:00,배송완료,수도권HUB
2100002627,2026-07-18 21:40:00,집화처리,중부HUB
2100002627,2026-07-19 00:40:00,간선상차,중부HUB
2100002627,2026-07-19 12:40:00,간선하차,중부HUB
2100002627,2026-07-20 03:40:00,배송출발,중부HUB
2100002627,2026-07-20 18:40:00,배송완료,중부HUB
3100002628,2026-05-11 19:57:00,집화처리,수도권HUB
3100002628,2026-05-12 15:57:00,간선상차,수도권HUB
3100002628,2026-05-13 08:57:00,간선하차,수도권HUB
3100002628,2026-05-13 19:57:00,배송출발,수도권HUB
3100002628,2026-05-13 22:57:00,배송완료,수도권HUB
3100002629,2026-05-04 09:31:00,집화처리,영남HUB
3100002629,2026-05-04 16:31:00,간선상차,영남HUB
3100002629,2026-05-04 21:31:00,간선하차,영남HUB
3100002629,2026-05-05 17:31:00,배송출발,영남HUB
3100002629,2026-05-06 13:31:00,배송완료,영남HUB
1100002630,2026-08-03 19:13:00,집화처리,수도권HUB
1100002630,2026-08-03 22:13:00,간선상차,수도권HUB
1100002630,2026-08-04 07:13:00,간선하차,수도권HUB
1100002630,2026-08-05 00:13:00,배송출발,수도권HUB
1100002630,2026-08-05 14:13:00,배송완료,수도권HUB
3200002631,2026-07-13 19:49:00,집화처리,영남HUB
3200002631,2026-07-14 05:49:00,간선상차,영남HUB
3200002631,2026-07-14 12:49:00,간선하차,영남HUB
3200002631,2026-07-14 19:49:00,배송출발,영남HUB
3200002631,2026-07-15 09:49:00,배송완료,영남HUB
2100002632,2026-07-24 05:13:00,집화처리,영남HUB
2100002632,2026-07-24 23:13:00,간선상차,영남HUB
2100002632,2026-07-25 03:13:00,간선하차,영남HUB
2100002632,2026-07-25 21:13:00,배송출발,영남HUB
2100002632,2026-07-26 04:13:00,배송완료,영남HUB
4100002633,2026-06-26 07:05:00,집화처리,영남HUB
4100002633,2026-06-26 23:05:00,간선상차,영남HUB
4100002633,2026-06-27 03:05:00,간선하차,영남HUB
4100002633,2026-06-27 06:05:00,배송출발,영남HUB
4100002633,2026-06-27 19:05:00,배송완료,영남HUB
1100002634,2026-05-28 05:59:00,집화처리,영남HUB
1100002634,2026-05-28 19:59:00,간선상차,영남HUB
1100002634,2026-05-29 00:59:00,간선하차,영남HUB
1100002634,2026-05-29 20:59:00,배송출발,영남HUB
1100002634,2026-05-30 00:59:00,배송완료,영남HUB
1100002635,2026-08-01 03:11:00,집화처리,중부HUB
1100002635,2026-08-01 21:11:00,간선상차,중부HUB
1100002635,2026-08-02 10:11:00,간선하차,중부HUB
1100002635,2026-08-02 16:11:00,배송출발,중부HUB
1100002635,2026-08-02 19:11:00,배송완료,중부HUB
1200002636,2026-06-01 20:30:00,집화처리,수도권HUB
1200002636,2026-06-02 13:30:00,간선상차,수도권HUB
1200002636,2026-06-03 09:30:00,간선하차,수도권HUB
1200002636,2026-06-03 16:30:00,배송출발,수도권HUB
1200002636,2026-06-04 05:30:00,배송완료,수도권HUB
1100002637,2026-06-24 07:03:00,집화처리,중부HUB
1100002637,2026-06-24 19:03:00,간선상차,중부HUB
1100002637,2026-06-24 23:03:00,간선하차,중부HUB
1100002637,2026-06-25 07:03:00,배송출발,중부HUB
1100002637,2026-06-26 02:03:00,배송완료,중부HUB
1100002638,2026-05-15 23:15:00,집화처리,영남HUB
1100002638,2026-05-16 17:15:00,간선상차,영남HUB
1100002638,2026-05-17 13:15:00,간선하차,영남HUB
1100002638,2026-05-18 00:15:00,배송출발,영남HUB
1100002638,2026-05-18 09:15:00,배송완료,영남HUB
3200002639,2026-07-05 12:39:00,집화처리,영남HUB
3200002639,2026-07-05 23:39:00,간선상차,영남HUB
3200002639,2026-07-06 06:39:00,간선하차,영남HUB
3200002639,2026-07-06 18:39:00,배송출발,영남HUB
3200002639,2026-07-07 09:39:00,배송완료,영남HUB
3100002640,2026-07-10 23:37:00,집화처리,영남HUB
3100002640,2026-07-11 07:37:00,간선상차,영남HUB
3100002640,2026-07-11 15:37:00,간선하차,영남HUB
3100002640,2026-07-12 04:37:00,배송출발,영남HUB
3100002640,2026-07-12 22:37:00,배송완료,영남HUB
2100002641,2026-06-02 08:55:00,집화처리,수도권HUB
2100002641,2026-06-02 12:55:00,간선상차,수도권HUB
2100002641,2026-06-02 22:55:00,간선하차,수도권HUB
2100002641,2026-06-03 04:55:00,배송출발,수도권HUB
2100002641,2026-06-03 18:55:00,배송완료,수도권HUB
4100002642,2026-05-22 05:11:00,집화처리,영남HUB
4100002642,2026-05-22 17:11:00,간선상차,영남HUB
4100002642,2026-05-22 23:11:00,간선하차,영남HUB
4100002642,2026-05-23 13:11:00,배송출발,영남HUB
4100002642,2026-05-23 20:11:00,배송완료,영남HUB
1100002643,2026-06-30 09:27:00,집화처리,호남HUB
1100002643,2026-07-01 02:27:00,간선상차,호남HUB
1100002643,2026-07-01 13:27:00,간선하차,호남HUB
1100002643,2026-07-01 16:27:00,배송출발,호남HUB
1100002643,2026-07-02 08:27:00,배송완료,호남HUB
3100002644,2026-06-30 08:00:00,집화처리,중부HUB
3100002644,2026-07-01 04:00:00,간선상차,중부HUB
3100002644,2026-07-01 09:00:00,간선하차,중부HUB
3100002644,2026-07-01 16:00:00,배송출발,중부HUB
3100002644,2026-07-02 04:00:00,배송완료,중부HUB
2100002645,2026-05-09 09:43:00,집화처리,수도권HUB
2100002645,2026-05-10 03:43:00,간선상차,수도권HUB
2100002645,2026-05-10 16:43:00,간선하차,수도권HUB
2100002645,2026-05-11 12:43:00,배송출발,수도권HUB
2100002645,2026-05-12 08:43:00,배송완료,수도권HUB
1100002646,2026-07-31 21:41:00,집화처리,영남HUB
1100002646,2026-08-01 11:41:00,간선상차,영남HUB
1100002646,2026-08-01 23:41:00,간선하차,영남HUB
1100002646,2026-08-02 14:41:00,배송출발,영남HUB
1100002646,2026-08-02 20:41:00,배송완료,영남HUB
3200002647,2026-07-16 01:35:00,집화처리,수도권HUB
3200002647,2026-07-16 19:35:00,간선상차,수도권HUB
3200002647,2026-07-17 05:35:00,간선하차,수도권HUB
3200002647,2026-07-17 19:35:00,배송출발,수도권HUB
3200002647,2026-07-18 07:35:00,배송완료,수도권HUB
1100002648,2026-06-19 13:49:00,집화처리,수도권HUB
1100002648,2026-06-19 18:49:00,간선상차,수도권HUB
1100002648,2026-06-20 08:49:00,간선하차,수도권HUB
1100002648,2026-06-20 12:49:00,배송출발,수도권HUB
1100002648,2026-06-21 01:49:00,배송완료,수도권HUB
1100002649,2026-07-13 20:40:00,집화처리,중부HUB
1100002649,2026-07-14 08:40:00,간선상차,중부HUB
1100002649,2026-07-14 23:40:00,간선하차,중부HUB
1100002649,2026-07-15 14:40:00,배송출발,중부HUB
1100002649,2026-07-15 22:40:00,배송완료,중부HUB
3100002650,2026-06-15 21:47:00,집화처리,영남HUB
3100002650,2026-06-16 17:47:00,간선상차,영남HUB
3100002650,2026-06-17 05:47:00,간선하차,영남HUB
3100002650,2026-06-17 17:47:00,배송출발,영남HUB
3100002650,2026-06-18 11:47:00,배송완료,영남HUB
1100002651,2026-06-20 07:30:00,집화처리,제주HUB
1100002651,2026-06-20 19:30:00,간선상차,제주HUB
1100002651,2026-06-21 06:30:00,간선하차,제주HUB
1100002651,2026-06-22 01:30:00,배송출발,제주HUB
1100002651,2026-06-22 19:30:00,배송완료,제주HUB
1100002652,2026-07-23 15:11:00,집화처리,영남HUB
1100002652,2026-07-23 20:11:00,간선상차,영남HUB
1100002652,2026-07-24 10:11:00,간선하차,영남HUB
1100002652,2026-07-25 01:11:00,배송출발,영남HUB
1100002652,2026-07-25 09:11:00,배송완료,영남HUB
4100002653,2026-08-01 08:54:00,집화처리,영남HUB
4100002653,2026-08-01 14:54:00,간선상차,영남HUB
4100002653,2026-08-01 21:54:00,간선하차,영남HUB
4100002653,2026-08-02 11:54:00,배송출발,영남HUB
4100002653,2026-08-02 18:54:00,배송완료,영남HUB
4100002654,2026-05-05 11:13:00,집화처리,영남HUB
4100002654,2026-05-05 19:13:00,간선상차,영남HUB
4100002654,2026-05-06 07:13:00,간선하차,영남HUB
4100002654,2026-05-06 20:13:00,배송출발,영남HUB
4100002654,2026-05-07 11:13:00,배송완료,영남HUB
3200002655,2026-05-07 05:45:00,집화처리,수도권HUB
3200002655,2026-05-07 10:45:00,간선상차,수도권HUB
3200002655,2026-05-07 14:45:00,간선하차,수도권HUB
3200002655,2026-05-07 20:45:00,배송출발,수도권HUB
3200002655,2026-05-08 06:45:00,배송완료,수도권HUB
1100002656,2026-05-05 12:33:00,집화처리,수도권HUB
1100002656,2026-05-06 03:33:00,간선상차,수도권HUB
1100002656,2026-05-06 12:33:00,간선하차,수도권HUB
1100002656,2026-05-06 18:33:00,배송출발,수도권HUB
1100002656,2026-05-07 07:33:00,배송완료,수도권HUB
3200002657,2026-07-27 16:04:00,집화처리,영남HUB
3200002657,2026-07-28 03:04:00,간선상차,영남HUB
3200002657,2026-07-28 18:04:00,간선하차,영남HUB
3200002657,2026-07-29 08:04:00,배송출발,영남HUB
3200002657,2026-07-30 00:04:00,배송완료,영남HUB
1100002658,2026-06-27 07:40:00,집화처리,중부HUB
1100002658,2026-06-27 15:40:00,간선상차,중부HUB
1100002658,2026-06-28 10:40:00,간선하차,중부HUB
1100002658,2026-06-29 04:40:00,배송출발,중부HUB
1100002658,2026-06-29 21:40:00,배송완료,중부HUB
1100002659,2026-05-16 11:04:00,집화처리,수도권HUB
1100002659,2026-05-17 05:04:00,간선상차,수도권HUB
1100002659,2026-05-17 15:04:00,간선하차,수도권HUB
1100002659,2026-05-18 08:04:00,배송출발,수도권HUB
1100002659,2026-05-19 01:04:00,배송완료,수도권HUB
3200002660,2026-06-10 19:14:00,집화처리,수도권HUB
3200002660,2026-06-10 23:14:00,간선상차,수도권HUB
3200002660,2026-06-11 05:14:00,간선하차,수도권HUB
3200002660,2026-06-11 08:14:00,배송출발,수도권HUB
3200002660,2026-06-12 03:14:00,배송완료,수도권HUB
3200002661,2026-07-16 15:04:00,집화처리,영남HUB
3200002661,2026-07-17 07:04:00,간선상차,영남HUB
3200002661,2026-07-17 15:04:00,간선하차,영남HUB
3200002661,2026-07-17 20:04:00,배송출발,영남HUB
3200002661,2026-07-18 16:04:00,배송완료,영남HUB
3100002662,2026-06-18 22:10:00,집화처리,중부HUB
3100002662,2026-06-19 16:10:00,간선상차,중부HUB
3100002662,2026-06-20 09:10:00,간선하차,중부HUB
3100002662,2026-06-20 21:10:00,배송출발,중부HUB
3100002662,2026-06-21 10:10:00,배송완료,중부HUB
2100002663,2026-05-05 09:17:00,집화처리,중부HUB
2100002663,2026-05-06 02:17:00,간선상차,중부HUB
2100002663,2026-05-06 15:17:00,간선하차,중부HUB
2100002663,2026-05-07 05:17:00,배송출발,중부HUB
2100002663,2026-05-07 19:17:00,배송완료,중부HUB
2100002664,2026-06-25 21:37:00,집화처리,수도권HUB
2100002664,2026-06-26 08:37:00,간선상차,수도권HUB
2100002664,2026-06-26 12:37:00,간선하차,수도권HUB
2100002664,2026-06-27 00:37:00,배송출발,수도권HUB
2100002664,2026-06-27 15:37:00,배송완료,수도권HUB
1200002665,2026-06-01 18:26:00,집화처리,중부HUB
1200002665,2026-06-02 07:26:00,간선상차,중부HUB
1200002665,2026-06-02 19:26:00,간선하차,중부HUB
1200002665,2026-06-03 09:26:00,배송출발,중부HUB
1200002665,2026-06-04 02:26:00,배송완료,중부HUB
4100002666,2026-07-13 21:29:00,집화처리,영남HUB
4100002666,2026-07-14 03:29:00,간선상차,영남HUB
4100002666,2026-07-14 11:29:00,간선하차,영남HUB
4100002666,2026-07-15 06:29:00,배송출발,영남HUB
4100002666,2026-07-15 17:29:00,배송완료,영남HUB
1200002667,2026-06-12 14:42:00,집화처리,수도권HUB
1200002667,2026-06-12 17:42:00,간선상차,수도권HUB
1200002667,2026-06-12 21:42:00,간선하차,수도권HUB
1200002667,2026-06-13 04:42:00,배송출발,수도권HUB
1200002667,2026-06-13 23:42:00,배송완료,수도권HUB
1200002668,2026-06-29 15:42:00,집화처리,수도권HUB
1200002668,2026-06-29 21:42:00,간선상차,수도권HUB
1200002668,2026-06-30 01:42:00,간선하차,수도권HUB
1200002668,2026-06-30 07:42:00,배송출발,수도권HUB
1200002668,2026-06-30 11:42:00,배송완료,수도권HUB
1200002669,2026-05-01 18:11:00,집화처리,중부HUB
1200002669,2026-05-02 14:11:00,간선상차,중부HUB
1200002669,2026-05-03 07:11:00,간선하차,중부HUB
1200002669,2026-05-03 14:11:00,배송출발,중부HUB
1200002669,2026-05-03 18:11:00,배송완료,중부HUB
1200002670,2026-06-11 00:58:00,집화처리,수도권HUB
1200002670,2026-06-11 09:58:00,간선상차,수도권HUB
1200002670,2026-06-11 21:58:00,간선하차,수도권HUB
1200002670,2026-06-12 03:58:00,배송출발,수도권HUB
1200002670,2026-06-12 19:58:00,배송완료,수도권HUB
1100002671,2026-05-04 20:40:00,집화처리,수도권HUB
1100002671,2026-05-05 03:40:00,간선상차,수도권HUB
1100002671,2026-05-05 17:40:00,간선하차,수도권HUB
1100002671,2026-05-06 06:40:00,배송출발,수도권HUB
1100002671,2026-05-06 15:40:00,배송완료,수도권HUB
1100002672,2026-07-11 05:10:00,집화처리,수도권HUB
1100002672,2026-07-11 11:10:00,간선상차,수도권HUB
1100002672,2026-07-11 18:10:00,간선하차,수도권HUB
1100002672,2026-07-12 06:10:00,배송출발,수도권HUB
1100002672,2026-07-12 11:10:00,배송완료,수도권HUB
4100002673,2026-06-18 13:44:00,집화처리,영남HUB
4100002673,2026-06-18 18:44:00,간선상차,영남HUB
4100002673,2026-06-19 00:44:00,간선하차,영남HUB
4100002673,2026-06-19 20:44:00,배송출발,영남HUB
4100002673,2026-06-20 11:44:00,배송완료,영남HUB
1100002674,2026-06-15 21:34:00,집화처리,영남HUB
1100002674,2026-06-16 00:34:00,간선상차,영남HUB
1100002674,2026-06-16 15:34:00,간선하차,영남HUB
1100002674,2026-06-17 04:34:00,배송출발,영남HUB
1100002674,2026-06-17 14:34:00,배송완료,영남HUB
2100002675,2026-06-09 01:56:00,집화처리,중부HUB
2100002675,2026-06-09 06:56:00,간선상차,중부HUB
2100002675,2026-06-09 15:56:00,간선하차,중부HUB
2100002675,2026-06-10 05:56:00,배송출발,중부HUB
2100002675,2026-06-10 11:56:00,배송완료,중부HUB
3200002676,2026-06-15 21:20:00,집화처리,영남HUB
3200002676,2026-06-16 12:20:00,간선상차,영남HUB
3200002676,2026-06-16 23:20:00,간선하차,영남HUB
3200002676,2026-06-17 11:20:00,배송출발,영남HUB
3200002676,2026-06-18 03:20:00,배송완료,영남HUB
4100002677,2026-06-01 06:20:00,집화처리,수도권HUB
4100002677,2026-06-01 16:20:00,간선상차,수도권HUB
4100002677,2026-06-01 19:20:00,간선하차,수도권HUB
4100002677,2026-06-02 11:20:00,배송출발,수도권HUB
4100002677,2026-06-03 02:20:00,배송완료,수도권HUB
1100002678,2026-07-15 06:27:00,집화처리,영남HUB
1100002678,2026-07-15 13:27:00,간선상차,영남HUB
1100002678,2026-07-16 02:27:00,간선하차,영남HUB
1100002678,2026-07-16 05:27:00,배송출발,영남HUB
1100002678,2026-07-16 19:27:00,배송완료,영남HUB
1200002679,2026-07-22 05:07:00,집화처리,호남HUB
1200002679,2026-07-22 16:07:00,간선상차,호남HUB
1200002679,2026-07-22 19:07:00,간선하차,호남HUB
1200002679,2026-07-23 07:07:00,배송출발,호남HUB
1200002679,2026-07-23 21:07:00,배송완료,호남HUB
2100002680,2026-06-03 05:16:00,집화처리,중부HUB
2100002680,2026-06-04 00:16:00,간선상차,중부HUB
2100002680,2026-06-04 06:16:00,간선하차,중부HUB
2100002680,2026-06-04 21:16:00,배송출발,중부HUB
2100002680,2026-06-05 08:16:00,배송완료,중부HUB
1100002681,2026-06-03 18:43:00,집화처리,중부HUB
1100002681,2026-06-04 04:43:00,간선상차,중부HUB
1100002681,2026-06-04 21:43:00,간선하차,중부HUB
1100002681,2026-06-05 10:43:00,배송출발,중부HUB
1100002681,2026-06-06 03:43:00,배송완료,중부HUB
1100002682,2026-07-03 02:57:00,집화처리,제주HUB
1100002682,2026-07-03 05:57:00,간선상차,제주HUB
1100002682,2026-07-03 12:57:00,간선하차,제주HUB
1100002682,2026-07-03 20:57:00,배송출발,제주HUB
1100002682,2026-07-04 06:57:00,배송완료,제주HUB
2100002683,2026-05-05 19:27:00,집화처리,영남HUB
2100002683,2026-05-06 05:27:00,간선상차,영남HUB
2100002683,2026-05-06 19:27:00,간선하차,영남HUB
2100002683,2026-05-07 07:27:00,배송출발,영남HUB
2100002683,2026-05-07 16:27:00,배송완료,영남HUB
1100002684,2026-07-07 23:35:00,집화처리,수도권HUB
1100002684,2026-07-08 06:35:00,간선상차,수도권HUB
1100002684,2026-07-08 19:35:00,간선하차,수도권HUB
1100002684,2026-07-09 06:35:00,배송출발,수도권HUB
1100002684,2026-07-09 12:35:00,배송완료,수도권HUB
1200002685,2026-06-22 20:46:00,집화처리,영남HUB
1200002685,2026-06-23 15:46:00,간선상차,영남HUB
1200002685,2026-06-24 03:46:00,간선하차,영남HUB
1200002685,2026-06-24 09:46:00,배송출발,영남HUB
1200002685,2026-06-24 18:46:00,배송완료,영남HUB
1100002686,2026-06-06 07:43:00,집화처리,호남HUB
1100002686,2026-06-06 10:43:00,간선상차,호남HUB
1100002686,2026-06-06 14:43:00,간선하차,호남HUB
1100002686,2026-06-07 09:43:00,배송출발,호남HUB
1100002686,2026-06-08 01:43:00,배송완료,호남HUB
1100002687,2026-05-22 20:14:00,집화처리,수도권HUB
1100002687,2026-05-23 02:14:00,간선상차,수도권HUB
1100002687,2026-05-23 05:14:00,간선하차,수도권HUB
1100002687,2026-05-23 12:14:00,배송출발,수도권HUB
1100002687,2026-05-23 22:14:00,배송완료,수도권HUB
2100002688,2026-06-23 01:03:00,집화처리,영남HUB
2100002688,2026-06-23 17:03:00,간선상차,영남HUB
2100002688,2026-06-24 03:03:00,간선하차,영남HUB
2100002688,2026-06-24 23:03:00,배송출발,영남HUB
2100002688,2026-06-25 15:03:00,배송완료,영남HUB
1100002689,2026-07-16 11:38:00,집화처리,수도권HUB
1100002689,2026-07-16 15:38:00,간선상차,수도권HUB
1100002689,2026-07-16 20:38:00,간선하차,수도권HUB
1100002689,2026-07-17 10:38:00,배송출발,수도권HUB
1100002689,2026-07-17 16:38:00,배송완료,수도권HUB
1100002690,2026-07-11 09:01:00,집화처리,영남HUB
1100002690,2026-07-11 12:01:00,간선상차,영남HUB
1100002690,2026-07-12 00:01:00,간선하차,영남HUB
1100002690,2026-07-12 03:01:00,배송출발,영남HUB
1100002690,2026-07-12 11:01:00,배송완료,영남HUB
4100002691,2026-05-13 11:20:00,집화처리,중부HUB
4100002691,2026-05-13 16:20:00,간선상차,중부HUB
4100002691,2026-05-14 06:20:00,간선하차,중부HUB
4100002691,2026-05-14 15:20:00,배송출발,중부HUB
4100002691,2026-05-15 05:20:00,배송완료,중부HUB
2100002692,2026-05-12 03:30:00,집화처리,수도권HUB
2100002692,2026-05-12 13:30:00,간선상차,수도권HUB
2100002692,2026-05-12 18:30:00,간선하차,수도권HUB
2100002692,2026-05-13 08:30:00,배송출발,수도권HUB
2100002692,2026-05-13 17:30:00,배송완료,수도권HUB
1100002693,2026-06-27 01:17:00,집화처리,중부HUB
1100002693,2026-06-27 21:17:00,간선상차,중부HUB
1100002693,2026-06-28 16:17:00,간선하차,중부HUB
1100002693,2026-06-28 23:17:00,배송출발,중부HUB
1100002693,2026-06-29 11:17:00,배송완료,중부HUB
4100002694,2026-05-27 18:41:00,집화처리,영남HUB
4100002694,2026-05-27 22:41:00,간선상차,영남HUB
4100002694,2026-05-28 15:41:00,간선하차,영남HUB
4100002694,2026-05-29 05:41:00,배송출발,영남HUB
4100002694,2026-05-29 11:41:00,배송완료,영남HUB
4100002695,2026-06-10 23:43:00,집화처리,수도권HUB
4100002695,2026-06-11 12:43:00,간선상차,수도권HUB
4100002695,2026-06-12 01:43:00,간선하차,수도권HUB
4100002695,2026-06-12 14:43:00,배송출발,수도권HUB
4100002695,2026-06-12 22:43:00,배송완료,수도권HUB
4100002696,2026-06-15 23:45:00,집화처리,중부HUB
4100002696,2026-06-16 04:45:00,간선상차,중부HUB
4100002696,2026-06-16 21:45:00,간선하차,중부HUB
4100002696,2026-06-17 14:45:00,배송출발,중부HUB
4100002696,2026-06-17 22:45:00,배송완료,중부HUB
1100002697,2026-05-06 00:43:00,집화처리,수도권HUB
1100002697,2026-05-06 12:43:00,간선상차,수도권HUB
1100002697,2026-05-07 01:43:00,간선하차,수도권HUB
1100002697,2026-05-07 16:43:00,배송출발,수도권HUB
1100002697,2026-05-07 19:43:00,배송완료,수도권HUB
1100002698,2026-07-14 07:37:00,집화처리,영남HUB
1100002698,2026-07-14 12:37:00,간선상차,영남HUB
1100002698,2026-07-15 08:37:00,간선하차,영남HUB
1100002698,2026-07-15 12:37:00,배송출발,영남HUB
1100002698,2026-07-15 16:37:00,배송완료,영남HUB
3100002699,2026-07-18 09:01:00,집화처리,수도권HUB
3100002699,2026-07-18 18:01:00,간선상차,수도권HUB
3100002699,2026-07-19 02:01:00,간선하차,수도권HUB
3100002699,2026-07-19 22:01:00,배송출발,수도권HUB
3100002699,2026-07-20 03:01:00,배송완료,수도권HUB
4100002700,2026-06-16 12:21:00,집화처리,수도권HUB
4100002700,2026-06-16 17:21:00,간선상차,수도권HUB
4100002700,2026-06-17 01:21:00,간선하차,수도권HUB
4100002700,2026-06-17 18:21:00,배송출발,수도권HUB
4100002700,2026-06-17 23:21:00,배송완료,수도권HUB
2100002701,2026-08-05 14:01:00,집화처리,수도권HUB
2100002701,2026-08-06 07:01:00,간선상차,수도권HUB
2100002701,2026-08-06 22:01:00,간선하차,수도권HUB
1100002702,2026-05-28 01:28:00,집화처리,수도권HUB
1100002702,2026-05-28 04:28:00,간선상차,수도권HUB
1100002702,2026-05-28 17:28:00,간선하차,수도권HUB
1100002702,2026-05-28 20:28:00,배송출발,수도권HUB
1100002702,2026-05-29 06:28:00,배송완료,수도권HUB
2100002703,2026-07-23 20:22:00,집화처리,중부HUB
2100002703,2026-07-24 11:22:00,간선상차,중부HUB
2100002703,2026-07-25 03:22:00,간선하차,중부HUB
2100002703,2026-07-25 15:22:00,배송출발,중부HUB
2100002703,2026-07-26 05:22:00,배송완료,중부HUB
1200002704,2026-06-06 00:47:00,집화처리,영남HUB
1200002704,2026-06-06 04:47:00,간선상차,영남HUB
1200002704,2026-06-06 12:47:00,간선하차,영남HUB
1200002704,2026-06-06 19:47:00,배송출발,영남HUB
1200002704,2026-06-07 10:47:00,배송완료,영남HUB
4100002705,2026-05-05 07:48:00,집화처리,수도권HUB
4100002705,2026-05-05 18:48:00,간선상차,수도권HUB
4100002705,2026-05-06 06:48:00,간선하차,수도권HUB
4100002705,2026-05-06 16:48:00,배송출발,수도권HUB
4100002705,2026-05-07 01:48:00,배송완료,수도권HUB
1100002706,2026-06-09 09:30:00,집화처리,중부HUB
1100002706,2026-06-09 20:30:00,간선상차,중부HUB
1100002706,2026-06-10 04:30:00,간선하차,중부HUB
1100002706,2026-06-10 16:30:00,배송출발,중부HUB
1100002706,2026-06-11 05:30:00,배송완료,중부HUB
3100002707,2026-06-11 07:35:00,집화처리,영남HUB
3100002707,2026-06-11 20:35:00,간선상차,영남HUB
3100002707,2026-06-12 10:35:00,간선하차,영남HUB
3100002707,2026-06-13 02:35:00,배송출발,영남HUB
3100002707,2026-06-13 21:35:00,배송완료,영남HUB
3100002708,2026-07-15 22:51:00,집화처리,수도권HUB
3100002708,2026-07-16 12:51:00,간선상차,수도권HUB
3100002708,2026-07-16 18:51:00,간선하차,수도권HUB
3100002708,2026-07-17 13:51:00,배송출발,수도권HUB
3100002708,2026-07-17 20:51:00,배송완료,수도권HUB
4100002709,2026-06-04 01:30:00,집화처리,수도권HUB
4100002709,2026-06-04 04:30:00,간선상차,수도권HUB
4100002709,2026-06-04 08:30:00,간선하차,수도권HUB
4100002709,2026-06-04 11:30:00,배송출발,수도권HUB
4100002709,2026-06-04 21:30:00,배송완료,수도권HUB
4100002710,2026-07-28 02:28:00,집화처리,중부HUB
4100002710,2026-07-28 19:28:00,간선상차,중부HUB
4100002710,2026-07-29 02:28:00,간선하차,중부HUB
4100002710,2026-07-29 07:28:00,배송출발,중부HUB
4100002710,2026-07-29 13:28:00,배송완료,중부HUB
2100002711,2026-07-30 02:39:00,집화처리,호남HUB
2100002711,2026-07-30 11:39:00,간선상차,호남HUB
2100002711,2026-07-30 23:39:00,간선하차,호남HUB
2100002711,2026-07-31 17:39:00,배송출발,호남HUB
2100002711,2026-08-01 10:39:00,배송완료,호남HUB
1200002712,2026-05-14 03:40:00,집화처리,영남HUB
1200002712,2026-05-14 11:40:00,간선상차,영남HUB
1200002712,2026-05-14 22:40:00,간선하차,영남HUB
1200002712,2026-05-15 09:40:00,배송출발,영남HUB
1200002712,2026-05-15 15:40:00,배송완료,영남HUB
3100002713,2026-06-30 23:39:00,집화처리,영남HUB
3100002713,2026-07-01 06:39:00,간선상차,영남HUB
3100002713,2026-07-01 17:39:00,간선하차,영남HUB
3100002713,2026-07-02 07:39:00,배송출발,영남HUB
3100002713,2026-07-03 00:39:00,배송완료,영남HUB
2100002714,2026-05-13 14:37:00,집화처리,영남HUB
2100002714,2026-05-13 20:37:00,간선상차,영남HUB
2100002714,2026-05-14 04:37:00,간선하차,영남HUB
2100002714,2026-05-14 16:37:00,배송출발,영남HUB
2100002714,2026-05-14 19:37:00,배송완료,영남HUB
3100002715,2026-06-11 04:18:00,집화처리,영남HUB
3100002715,2026-06-11 15:18:00,간선상차,영남HUB
3100002715,2026-06-12 11:18:00,간선하차,영남HUB
3100002715,2026-06-12 19:18:00,배송출발,영남HUB
3100002715,2026-06-13 03:18:00,배송완료,영남HUB
1100002716,2026-06-09 12:37:00,집화처리,영남HUB
1100002716,2026-06-10 01:37:00,간선상차,영남HUB
1100002716,2026-06-10 05:37:00,간선하차,영남HUB
1100002716,2026-06-10 15:37:00,배송출발,영남HUB
1100002716,2026-06-10 18:37:00,배송완료,영남HUB
4100002717,2026-05-20 20:25:00,집화처리,수도권HUB
4100002717,2026-05-21 09:25:00,간선상차,수도권HUB
4100002717,2026-05-21 17:25:00,간선하차,수도권HUB
4100002717,2026-05-22 03:25:00,배송출발,수도권HUB
4100002717,2026-05-22 14:25:00,배송완료,수도권HUB
1200002718,2026-06-19 19:03:00,집화처리,호남HUB
1200002718,2026-06-20 15:03:00,간선상차,호남HUB
1200002718,2026-06-21 06:03:00,간선하차,호남HUB
1200002718,2026-06-21 19:03:00,배송출발,호남HUB
1200002718,2026-06-22 15:03:00,배송완료,호남HUB
4100002719,2026-07-15 04:08:00,집화처리,수도권HUB
4100002719,2026-07-15 08:08:00,간선상차,수도권HUB
4100002719,2026-07-15 17:08:00,간선하차,수도권HUB
4100002719,2026-07-16 09:08:00,배송출발,수도권HUB
4100002719,2026-07-17 05:08:00,배송완료,수도권HUB
1100002720,2026-06-16 05:01:00,집화처리,수도권HUB
1100002720,2026-06-17 00:01:00,간선상차,수도권HUB
1100002720,2026-06-17 06:01:00,간선하차,수도권HUB
1100002720,2026-06-17 14:01:00,배송출발,수도권HUB
1100002720,2026-06-17 19:01:00,배송완료,수도권HUB
1200002721,2026-05-05 03:00:00,집화처리,수도권HUB
1200002721,2026-05-05 13:00:00,간선상차,수도권HUB
1200002721,2026-05-06 03:00:00,간선하차,수도권HUB
1200002721,2026-05-06 22:00:00,배송출발,수도권HUB
1200002721,2026-05-07 11:00:00,배송완료,수도권HUB
1100002722,2026-06-21 23:32:00,집화처리,영남HUB
1100002722,2026-06-22 07:32:00,간선상차,영남HUB
1100002722,2026-06-22 18:32:00,간선하차,영남HUB
1100002722,2026-06-23 14:32:00,배송출발,영남HUB
1100002722,2026-06-24 04:32:00,배송완료,영남HUB
1100002723,2026-05-08 03:26:00,집화처리,수도권HUB
1100002723,2026-05-08 11:26:00,간선상차,수도권HUB
1100002723,2026-05-08 19:26:00,간선하차,수도권HUB
1100002723,2026-05-09 11:26:00,배송출발,수도권HUB
1100002723,2026-05-09 22:26:00,배송완료,수도권HUB
1100002724,2026-06-12 20:49:00,집화처리,영남HUB
1100002724,2026-06-13 15:49:00,간선상차,영남HUB
1100002724,2026-06-14 07:49:00,간선하차,영남HUB
1100002724,2026-06-14 23:49:00,배송출발,영남HUB
1100002724,2026-06-15 09:49:00,배송완료,영남HUB
1100002725,2026-05-05 13:00:00,집화처리,중부HUB
1100002725,2026-05-06 06:00:00,간선상차,중부HUB
1100002725,2026-05-06 21:00:00,간선하차,중부HUB
1100002725,2026-05-07 13:00:00,배송출발,중부HUB
1100002725,2026-05-08 08:00:00,배송완료,중부HUB
3100002726,2026-06-22 17:48:00,집화처리,영남HUB
3100002726,2026-06-22 23:48:00,간선상차,영남HUB
3100002726,2026-06-23 08:48:00,간선하차,영남HUB
3100002726,2026-06-23 20:48:00,배송출발,영남HUB
3100002726,2026-06-24 13:48:00,배송완료,영남HUB
1200002727,2026-05-20 06:56:00,집화처리,영남HUB
1200002727,2026-05-20 13:56:00,간선상차,영남HUB
1200002727,2026-05-21 09:56:00,간선하차,영남HUB
1200002727,2026-05-21 12:56:00,배송출발,영남HUB
1200002727,2026-05-22 08:56:00,배송완료,영남HUB
1100002728,2026-07-29 09:14:00,집화처리,중부HUB
1100002728,2026-07-30 04:14:00,간선상차,중부HUB
1100002728,2026-07-30 21:14:00,간선하차,중부HUB
1100002728,2026-07-31 14:14:00,배송출발,중부HUB
1100002728,2026-07-31 21:14:00,배송완료,중부HUB
4100002729,2026-06-19 03:31:00,집화처리,영남HUB
4100002729,2026-06-19 20:31:00,간선상차,영남HUB
4100002729,2026-06-20 01:31:00,간선하차,영남HUB
4100002729,2026-06-20 18:31:00,배송출발,영남HUB
4100002729,2026-06-21 03:31:00,배송완료,영남HUB
1100002730,2026-05-12 07:38:00,집화처리,중부HUB
1100002730,2026-05-13 00:38:00,간선상차,중부HUB
1100002730,2026-05-13 09:38:00,간선하차,중부HUB
1100002730,2026-05-14 05:38:00,배송출발,중부HUB
1100002730,2026-05-15 01:38:00,배송완료,중부HUB
1100002731,2026-07-09 20:14:00,집화처리,수도권HUB
1100002731,2026-07-10 10:14:00,간선상차,수도권HUB
1100002731,2026-07-11 02:14:00,간선하차,수도권HUB
1100002731,2026-07-11 18:14:00,배송출발,수도권HUB
1100002731,2026-07-12 08:14:00,배송완료,수도권HUB
2100002732,2026-08-01 19:43:00,집화처리,중부HUB
2100002732,2026-08-02 00:43:00,간선상차,중부HUB
2100002732,2026-08-02 04:43:00,간선하차,중부HUB
2100002732,2026-08-02 07:43:00,배송출발,중부HUB
2100002732,2026-08-02 17:43:00,배송완료,중부HUB
2100002733,2026-07-09 04:42:00,집화처리,수도권HUB
2100002733,2026-07-09 22:42:00,간선상차,수도권HUB
2100002733,2026-07-10 11:42:00,간선하차,수도권HUB
2100002733,2026-07-10 22:42:00,배송출발,수도권HUB
2100002733,2026-07-11 16:42:00,배송완료,수도권HUB
3100002734,2026-07-28 01:40:00,집화처리,수도권HUB
3100002734,2026-07-28 19:40:00,간선상차,수도권HUB
3100002734,2026-07-29 10:40:00,간선하차,수도권HUB
3100002734,2026-07-30 02:40:00,배송출발,수도권HUB
3100002734,2026-07-30 06:40:00,배송완료,수도권HUB
1200002735,2026-05-06 09:45:00,집화처리,영남HUB
1200002735,2026-05-06 12:45:00,간선상차,영남HUB
1200002735,2026-05-06 15:45:00,간선하차,영남HUB
1200002735,2026-05-07 07:45:00,배송출발,영남HUB
1200002735,2026-05-07 21:45:00,배송완료,영남HUB
1100002736,2026-07-27 16:32:00,집화처리,영남HUB
1100002736,2026-07-27 21:32:00,간선상차,영남HUB
1100002736,2026-07-28 07:32:00,간선하차,영남HUB
1100002736,2026-07-28 12:32:00,배송출발,영남HUB
1100002736,2026-07-29 04:32:00,배송완료,영남HUB
4100002737,2026-06-16 22:29:00,집화처리,영남HUB
4100002737,2026-06-17 09:29:00,간선상차,영남HUB
4100002737,2026-06-17 14:29:00,간선하차,영남HUB
4100002737,2026-06-18 01:29:00,배송출발,영남HUB
4100002737,2026-06-18 08:29:00,배송완료,영남HUB
3100002738,2026-05-18 22:27:00,집화처리,중부HUB
3100002738,2026-05-19 17:27:00,간선상차,중부HUB
3100002738,2026-05-20 02:27:00,간선하차,중부HUB
3100002738,2026-05-20 07:27:00,배송출발,중부HUB
3100002738,2026-05-20 13:27:00,배송완료,중부HUB
3100002739,2026-06-25 23:07:00,집화처리,수도권HUB
3100002739,2026-06-26 10:07:00,간선상차,수도권HUB
3100002739,2026-06-27 05:07:00,간선하차,수도권HUB
3100002739,2026-06-27 22:07:00,배송출발,수도권HUB
3100002739,2026-06-28 10:07:00,배송완료,수도권HUB
1100002740,2026-06-25 06:40:00,집화처리,수도권HUB
1100002740,2026-06-25 14:40:00,간선상차,수도권HUB
1100002740,2026-06-26 03:40:00,간선하차,수도권HUB
1100002740,2026-06-26 16:40:00,배송출발,수도권HUB
1100002740,2026-06-27 11:40:00,배송완료,수도권HUB
1100002741,2026-05-16 01:48:00,집화처리,영남HUB
1100002741,2026-05-16 13:48:00,간선상차,영남HUB
1100002741,2026-05-17 03:48:00,간선하차,영남HUB
1100002741,2026-05-17 10:48:00,배송출발,영남HUB
1100002741,2026-05-17 19:48:00,배송완료,영남HUB
4100002742,2026-05-21 07:37:00,집화처리,중부HUB
4100002742,2026-05-21 22:37:00,간선상차,중부HUB
4100002742,2026-05-22 08:37:00,간선하차,중부HUB
4100002742,2026-05-22 23:37:00,배송출발,중부HUB
4100002742,2026-05-23 07:37:00,배송완료,중부HUB
1100002743,2026-07-13 22:59:00,집화처리,호남HUB
1100002743,2026-07-14 18:59:00,간선상차,호남HUB
1100002743,2026-07-15 09:59:00,간선하차,호남HUB
1100002743,2026-07-15 18:59:00,배송출발,호남HUB
1100002743,2026-07-16 00:59:00,배송완료,호남HUB
2100002744,2026-05-29 01:39:00,집화처리,영남HUB
2100002744,2026-05-29 10:39:00,간선상차,영남HUB
2100002744,2026-05-29 18:39:00,간선하차,영남HUB
2100002744,2026-05-30 12:39:00,배송출발,영남HUB
2100002744,2026-05-30 19:39:00,배송완료,영남HUB
3100002745,2026-07-24 00:46:00,집화처리,수도권HUB
3100002745,2026-07-24 05:46:00,간선상차,수도권HUB
3100002745,2026-07-24 21:46:00,간선하차,수도권HUB
3100002745,2026-07-25 05:46:00,배송출발,수도권HUB
3100002745,2026-07-25 18:46:00,배송완료,수도권HUB
2100002746,2026-06-23 04:15:00,집화처리,영남HUB
2100002746,2026-06-23 07:15:00,간선상차,영남HUB
2100002746,2026-06-23 21:15:00,간선하차,영남HUB
2100002746,2026-06-24 04:15:00,배송출발,영남HUB
2100002746,2026-06-24 08:15:00,배송완료,영남HUB
4100002747,2026-07-20 19:18:00,집화처리,중부HUB
4100002747,2026-07-20 22:18:00,간선상차,중부HUB
4100002747,2026-07-21 11:18:00,간선하차,중부HUB
4100002747,2026-07-22 07:18:00,배송출발,중부HUB
4100002747,2026-07-23 01:18:00,배송완료,중부HUB
1100002748,2026-06-16 02:11:00,집화처리,수도권HUB
1100002748,2026-06-16 16:11:00,간선상차,수도권HUB
1100002748,2026-06-17 02:11:00,간선하차,수도권HUB
1100002748,2026-06-17 15:11:00,배송출발,수도권HUB
1100002748,2026-06-18 06:11:00,배송완료,수도권HUB
1100002749,2026-06-25 04:43:00,집화처리,영남HUB
1100002749,2026-06-25 07:43:00,간선상차,영남HUB
1100002749,2026-06-25 19:43:00,간선하차,영남HUB
1100002749,2026-06-26 12:43:00,배송출발,영남HUB
1100002749,2026-06-27 00:43:00,배송완료,영남HUB
2100002750,2026-06-23 02:38:00,집화처리,영남HUB
2100002750,2026-06-23 21:38:00,간선상차,영남HUB
2100002750,2026-06-24 07:38:00,간선하차,영남HUB
2100002750,2026-06-25 03:38:00,배송출발,영남HUB
2100002750,2026-06-25 10:38:00,배송완료,영남HUB
1100002751,2026-07-09 01:44:00,집화처리,영남HUB
1100002751,2026-07-09 08:44:00,간선상차,영남HUB
1100002751,2026-07-09 17:44:00,간선하차,영남HUB
1100002751,2026-07-10 12:44:00,배송출발,영남HUB
1100002751,2026-07-10 21:44:00,배송완료,영남HUB
3100002752,2026-06-03 16:16:00,집화처리,중부HUB
3100002752,2026-06-04 12:16:00,간선상차,중부HUB
3100002752,2026-06-05 06:16:00,간선하차,중부HUB
3100002752,2026-06-06 01:16:00,배송출발,중부HUB
3100002752,2026-06-06 17:16:00,배송완료,중부HUB
1100002753,2026-06-12 23:48:00,집화처리,중부HUB
1100002753,2026-06-13 02:48:00,간선상차,중부HUB
1100002753,2026-06-13 21:48:00,간선하차,중부HUB
1100002753,2026-06-14 03:48:00,배송출발,중부HUB
1100002753,2026-06-14 08:48:00,배송완료,중부HUB
1200002754,2026-05-27 10:54:00,집화처리,영남HUB
1200002754,2026-05-27 21:54:00,간선상차,영남HUB
1200002754,2026-05-28 06:54:00,간선하차,영남HUB
1200002754,2026-05-28 19:54:00,배송출발,영남HUB
1200002754,2026-05-29 14:54:00,배송완료,영남HUB
1200002755,2026-07-28 13:15:00,집화처리,영남HUB
1200002755,2026-07-29 06:15:00,간선상차,영남HUB
1200002755,2026-07-29 20:15:00,간선하차,영남HUB
1200002755,2026-07-30 08:15:00,배송출발,영남HUB
1200002755,2026-07-31 01:15:00,배송완료,영남HUB
1200002756,2026-05-14 13:42:00,집화처리,호남HUB
1200002756,2026-05-15 04:42:00,간선상차,호남HUB
1200002756,2026-05-15 12:42:00,간선하차,호남HUB
1200002756,2026-05-15 19:42:00,배송출발,호남HUB
1200002756,2026-05-16 11:42:00,배송완료,호남HUB
3200002757,2026-07-04 05:16:00,집화처리,중부HUB
3200002757,2026-07-04 21:16:00,간선상차,중부HUB
3200002757,2026-07-05 01:16:00,간선하차,중부HUB
3200002757,2026-07-05 16:16:00,배송출발,중부HUB
3200002757,2026-07-05 20:16:00,배송완료,중부HUB
1100002758,2026-06-09 01:44:00,집화처리,영남HUB
1100002758,2026-06-09 06:44:00,간선상차,영남HUB
1100002758,2026-06-09 20:44:00,간선하차,영남HUB
1100002758,2026-06-10 05:44:00,배송출발,영남HUB
1100002758,2026-06-10 23:44:00,배송완료,영남HUB
3200002759,2026-05-04 16:46:00,집화처리,영남HUB
3200002759,2026-05-05 11:46:00,간선상차,영남HUB
3200002759,2026-05-06 02:46:00,간선하차,영남HUB
3200002759,2026-05-06 20:46:00,배송출발,영남HUB
3200002759,2026-05-07 00:46:00,배송완료,영남HUB
4100002760,2026-06-08 18:55:00,집화처리,호남HUB
4100002760,2026-06-09 13:55:00,간선상차,호남HUB
4100002760,2026-06-10 07:55:00,간선하차,호남HUB
4100002760,2026-06-10 13:55:00,배송출발,호남HUB
4100002760,2026-06-10 23:55:00,배송완료,호남HUB
1100002761,2026-05-29 21:24:00,집화처리,중부HUB
1100002761,2026-05-30 17:24:00,간선상차,중부HUB
1100002761,2026-05-31 05:24:00,간선하차,중부HUB
1100002761,2026-05-31 10:24:00,배송출발,중부HUB
1100002761,2026-06-01 03:24:00,배송완료,중부HUB
3100002762,2026-05-27 09:36:00,집화처리,수도권HUB
3100002762,2026-05-27 13:36:00,간선상차,수도권HUB
3100002762,2026-05-27 17:36:00,간선하차,수도권HUB
3100002762,2026-05-28 06:36:00,배송출발,수도권HUB
3100002762,2026-05-28 12:36:00,배송완료,수도권HUB
1200002763,2026-06-25 01:50:00,집화처리,중부HUB
1200002763,2026-06-25 20:50:00,간선상차,중부HUB
1200002763,2026-06-26 05:50:00,간선하차,중부HUB
1200002763,2026-06-26 17:50:00,배송출발,중부HUB
1200002763,2026-06-27 02:50:00,배송완료,중부HUB
1100002764,2026-06-02 03:25:00,집화처리,영남HUB
1100002764,2026-06-02 16:25:00,간선상차,영남HUB
1100002764,2026-06-03 08:25:00,간선하차,영남HUB
1100002764,2026-06-04 03:25:00,배송출발,영남HUB
1100002764,2026-06-04 07:25:00,배송완료,영남HUB
1100002765,2026-06-30 23:31:00,집화처리,영남HUB
1100002765,2026-07-01 18:31:00,간선상차,영남HUB
1100002765,2026-07-02 05:31:00,간선하차,영남HUB
1100002765,2026-07-02 15:31:00,배송출발,영남HUB
1100002765,2026-07-03 11:31:00,배송완료,영남HUB
3100002766,2026-05-19 20:59:00,집화처리,영남HUB
3100002766,2026-05-20 09:59:00,간선상차,영남HUB
3100002766,2026-05-21 04:59:00,간선하차,영남HUB
3100002766,2026-05-21 17:59:00,배송출발,영남HUB
3100002766,2026-05-21 20:59:00,배송완료,영남HUB
2100002767,2026-06-04 05:19:00,집화처리,중부HUB
2100002767,2026-06-04 22:19:00,간선상차,중부HUB
2100002767,2026-06-05 05:19:00,간선하차,중부HUB
2100002767,2026-06-06 01:19:00,배송출발,중부HUB
2100002767,2026-06-06 17:19:00,배송완료,중부HUB
3100002768,2026-07-10 20:21:00,집화처리,영남HUB
3100002768,2026-07-11 13:21:00,간선상차,영남HUB
3100002768,2026-07-11 16:21:00,간선하차,영남HUB
3100002768,2026-07-11 22:21:00,배송출발,영남HUB
3100002768,2026-07-12 15:21:00,배송완료,영남HUB
1100002769,2026-06-23 06:45:00,집화처리,수도권HUB
1100002769,2026-06-23 11:45:00,간선상차,수도권HUB
1100002769,2026-06-24 05:45:00,간선하차,수도권HUB
1100002769,2026-06-25 01:45:00,배송출발,수도권HUB
1100002769,2026-06-25 16:45:00,배송완료,수도권HUB
1200002770,2026-07-12 00:07:00,집화처리,영남HUB
1200002770,2026-07-12 05:07:00,간선상차,영남HUB
1200002770,2026-07-12 20:07:00,간선하차,영남HUB
1200002770,2026-07-13 12:07:00,배송출발,영남HUB
1200002770,2026-07-14 04:07:00,배송완료,영남HUB
1100002771,2026-08-05 06:29:00,집화처리,수도권HUB
1100002771,2026-08-05 15:29:00,간선상차,수도권HUB
1100002771,2026-08-06 07:29:00,간선하차,수도권HUB
1200002772,2026-07-13 21:50:00,집화처리,영남HUB
1200002772,2026-07-14 05:50:00,간선상차,영남HUB
1200002772,2026-07-14 08:50:00,간선하차,영남HUB
1200002772,2026-07-15 02:50:00,배송출발,영남HUB
1200002772,2026-07-15 17:50:00,배송완료,영남HUB
1100002773,2026-05-24 08:46:00,집화처리,수도권HUB
1100002773,2026-05-24 18:46:00,간선상차,수도권HUB
1100002773,2026-05-24 23:46:00,간선하차,수도권HUB
1100002773,2026-05-25 10:46:00,배송출발,수도권HUB
1100002773,2026-05-26 03:46:00,배송완료,수도권HUB
4100002774,2026-07-31 04:25:00,집화처리,중부HUB
4100002774,2026-07-31 19:25:00,간선상차,중부HUB
4100002774,2026-08-01 15:25:00,간선하차,중부HUB
4100002774,2026-08-02 07:25:00,배송출발,중부HUB
4100002774,2026-08-03 01:25:00,배송완료,중부HUB
1200002775,2026-07-28 00:50:00,집화처리,중부HUB
1200002775,2026-07-28 14:50:00,간선상차,중부HUB
1200002775,2026-07-29 06:50:00,간선하차,중부HUB
1200002775,2026-07-29 21:50:00,배송출발,중부HUB
1200002775,2026-07-30 13:50:00,배송완료,중부HUB
1100002776,2026-08-02 08:06:00,집화처리,중부HUB
1100002776,2026-08-02 23:06:00,간선상차,중부HUB
1100002776,2026-08-03 16:06:00,간선하차,중부HUB
1100002776,2026-08-04 08:06:00,배송출발,중부HUB
1100002776,2026-08-05 02:06:00,배송완료,중부HUB
2100002777,2026-07-15 17:31:00,집화처리,수도권HUB
2100002777,2026-07-16 02:31:00,간선상차,수도권HUB
2100002777,2026-07-16 08:31:00,간선하차,수도권HUB
2100002777,2026-07-17 00:31:00,배송출발,수도권HUB
2100002777,2026-07-17 03:31:00,배송완료,수도권HUB
3100002778,2026-06-02 09:19:00,집화처리,영남HUB
3100002778,2026-06-02 20:19:00,간선상차,영남HUB
3100002778,2026-06-03 13:19:00,간선하차,영남HUB
3100002778,2026-06-03 22:19:00,배송출발,영남HUB
3100002778,2026-06-04 09:19:00,배송완료,영남HUB
4100002779,2026-05-12 08:27:00,집화처리,영남HUB
4100002779,2026-05-12 20:27:00,간선상차,영남HUB
4100002779,2026-05-13 09:27:00,간선하차,영남HUB
4100002779,2026-05-13 23:27:00,배송출발,영남HUB
4100002779,2026-05-14 19:27:00,배송완료,영남HUB
4100002780,2026-07-09 09:31:00,집화처리,영남HUB
4100002780,2026-07-10 00:31:00,간선상차,영남HUB
4100002780,2026-07-10 17:31:00,간선하차,영남HUB
4100002780,2026-07-11 01:31:00,배송출발,영남HUB
4100002780,2026-07-11 06:31:00,배송완료,영남HUB
3100002781,2026-05-06 03:25:00,집화처리,중부HUB
3100002781,2026-05-06 10:25:00,간선상차,중부HUB
3100002781,2026-05-07 00:25:00,간선하차,중부HUB
3100002781,2026-05-07 20:25:00,배송출발,중부HUB
3100002781,2026-05-08 05:25:00,배송완료,중부HUB
1200002782,2026-05-06 08:11:00,집화처리,중부HUB
1200002782,2026-05-06 14:11:00,간선상차,중부HUB
1200002782,2026-05-07 10:11:00,간선하차,중부HUB
1200002782,2026-05-07 22:11:00,배송출발,중부HUB
1200002782,2026-05-08 08:11:00,배송완료,중부HUB
2100002783,2026-07-30 13:24:00,집화처리,수도권HUB
2100002783,2026-07-31 02:24:00,간선상차,수도권HUB
2100002783,2026-07-31 22:24:00,간선하차,수도권HUB
2100002783,2026-08-01 05:24:00,배송출발,수도권HUB
2100002783,2026-08-01 16:24:00,배송완료,수도권HUB
2100002784,2026-06-23 00:21:00,집화처리,중부HUB
2100002784,2026-06-23 17:21:00,간선상차,중부HUB
2100002784,2026-06-23 20:21:00,간선하차,중부HUB
2100002784,2026-06-24 00:21:00,배송출발,중부HUB
2100002784,2026-06-24 07:21:00,배송완료,중부HUB
4100002785,2026-08-06 00:41:00,집화처리,수도권HUB
4100002785,2026-08-06 07:41:00,간선상차,수도권HUB
4100002785,2026-08-06 20:41:00,간선하차,수도권HUB
4100002785,2026-08-07 06:41:00,배송출발,수도권HUB
1200002786,2026-07-28 16:31:00,집화처리,수도권HUB
1200002786,2026-07-29 01:31:00,간선상차,수도권HUB
1200002786,2026-07-29 12:31:00,간선하차,수도권HUB
1200002786,2026-07-29 16:31:00,배송출발,수도권HUB
1200002786,2026-07-30 08:31:00,배송완료,수도권HUB
1100002787,2026-06-29 21:14:00,집화처리,호남HUB
1100002787,2026-06-30 11:14:00,간선상차,호남HUB
1100002787,2026-07-01 00:14:00,간선하차,호남HUB
1100002787,2026-07-01 18:14:00,배송출발,호남HUB
1100002787,2026-07-02 05:14:00,배송완료,호남HUB
2100002788,2026-07-18 09:24:00,집화처리,수도권HUB
2100002788,2026-07-18 21:24:00,간선상차,수도권HUB
2100002788,2026-07-19 16:24:00,간선하차,수도권HUB
2100002788,2026-07-20 11:24:00,배송출발,수도권HUB
2100002788,2026-07-21 03:24:00,배송완료,수도권HUB
4100002789,2026-07-08 04:05:00,집화처리,중부HUB
4100002789,2026-07-08 16:05:00,간선상차,중부HUB
4100002789,2026-07-08 21:05:00,간선하차,중부HUB
4100002789,2026-07-09 13:05:00,배송출발,중부HUB
4100002789,2026-07-10 06:05:00,배송완료,중부HUB
3200002790,2026-06-17 08:35:00,집화처리,수도권HUB
3200002790,2026-06-17 12:35:00,간선상차,수도권HUB
3200002790,2026-06-18 00:35:00,간선하차,수도권HUB
3200002790,2026-06-18 08:35:00,배송출발,수도권HUB
3200002790,2026-06-18 14:35:00,배송완료,수도권HUB
1100002791,2026-05-11 21:01:00,집화처리,호남HUB
1100002791,2026-05-12 00:01:00,간선상차,호남HUB
1100002791,2026-05-12 03:01:00,간선하차,호남HUB
1100002791,2026-05-12 19:01:00,배송출발,호남HUB
1100002791,2026-05-12 23:01:00,배송완료,호남HUB
1100002792,2026-06-17 12:46:00,집화처리,수도권HUB
1100002792,2026-06-17 21:46:00,간선상차,수도권HUB
1100002792,2026-06-18 09:46:00,간선하차,수도권HUB
1100002792,2026-06-19 05:46:00,배송출발,수도권HUB
1100002792,2026-06-19 10:46:00,배송완료,수도권HUB
4100002793,2026-07-20 22:47:00,집화처리,호남HUB
4100002793,2026-07-21 17:47:00,간선상차,호남HUB
4100002793,2026-07-22 11:47:00,간선하차,호남HUB
4100002793,2026-07-22 15:47:00,배송출발,호남HUB
4100002793,2026-07-23 05:47:00,배송완료,호남HUB
4100002794,2026-05-06 23:32:00,집화처리,호남HUB
4100002794,2026-05-07 04:32:00,간선상차,호남HUB
4100002794,2026-05-07 13:32:00,간선하차,호남HUB
4100002794,2026-05-08 00:32:00,배송출발,호남HUB
4100002794,2026-05-08 18:32:00,배송완료,호남HUB
4100002795,2026-07-20 22:43:00,집화처리,영남HUB
4100002795,2026-07-21 07:43:00,간선상차,영남HUB
4100002795,2026-07-21 16:43:00,간선하차,영남HUB
4100002795,2026-07-22 10:43:00,배송출발,영남HUB
4100002795,2026-07-22 18:43:00,배송완료,영남HUB
4100002796,2026-06-23 23:15:00,집화처리,영남HUB
4100002796,2026-06-24 12:15:00,간선상차,영남HUB
4100002796,2026-06-25 03:15:00,간선하차,영남HUB
4100002796,2026-06-25 08:15:00,배송출발,영남HUB
4100002796,2026-06-25 11:15:00,배송완료,영남HUB
1200002797,2026-06-27 05:19:00,집화처리,중부HUB
1200002797,2026-06-27 15:19:00,간선상차,중부HUB
1200002797,2026-06-28 04:19:00,간선하차,중부HUB
1200002797,2026-06-28 17:19:00,배송출발,중부HUB
1200002797,2026-06-29 13:19:00,배송완료,중부HUB
3100002798,2026-07-28 13:06:00,집화처리,호남HUB
3100002798,2026-07-28 16:06:00,간선상차,호남HUB
3100002798,2026-07-29 03:06:00,간선하차,호남HUB
3100002798,2026-07-29 19:06:00,배송출발,호남HUB
3100002798,2026-07-30 12:06:00,배송완료,호남HUB
1100002799,2026-06-08 18:22:00,집화처리,수도권HUB
1100002799,2026-06-09 12:22:00,간선상차,수도권HUB
1100002799,2026-06-10 06:22:00,간선하차,수도권HUB
1100002799,2026-06-10 20:22:00,배송출발,수도권HUB
1100002799,2026-06-11 14:22:00,배송완료,수도권HUB
4100002800,2026-07-15 18:16:00,집화처리,영남HUB
4100002800,2026-07-16 12:16:00,간선상차,영남HUB
4100002800,2026-07-16 22:16:00,간선하차,영남HUB
4100002800,2026-07-17 11:16:00,배송출발,영남HUB
4100002800,2026-07-18 05:16:00,배송완료,영남HUB
2100002801,2026-05-02 09:27:00,집화처리,수도권HUB
2100002801,2026-05-03 02:27:00,간선상차,수도권HUB
2100002801,2026-05-03 12:27:00,간선하차,수도권HUB
2100002801,2026-05-04 06:27:00,배송출발,수도권HUB
2100002801,2026-05-04 18:27:00,배송완료,수도권HUB
2100002802,2026-05-06 01:58:00,집화처리,영남HUB
2100002802,2026-05-06 21:58:00,간선상차,영남HUB
2100002802,2026-05-07 06:58:00,간선하차,영남HUB
2100002802,2026-05-07 12:58:00,배송출발,영남HUB
2100002802,2026-05-08 00:58:00,배송완료,영남HUB
1200002803,2026-08-01 04:40:00,집화처리,영남HUB
1200002803,2026-08-01 18:40:00,간선상차,영남HUB
1200002803,2026-08-02 14:40:00,간선하차,영남HUB
1200002803,2026-08-03 10:40:00,배송출발,영남HUB
1200002803,2026-08-03 15:40:00,배송완료,영남HUB
3100002804,2026-06-16 04:05:00,집화처리,영남HUB
3100002804,2026-06-16 19:05:00,간선상차,영남HUB
3100002804,2026-06-17 14:05:00,간선하차,영남HUB
3100002804,2026-06-17 17:05:00,배송출발,영남HUB
3100002804,2026-06-18 03:05:00,배송완료,영남HUB
1100002805,2026-06-12 21:17:00,집화처리,수도권HUB
1100002805,2026-06-13 17:17:00,간선상차,수도권HUB
1100002805,2026-06-14 00:17:00,간선하차,수도권HUB
1100002805,2026-06-14 09:17:00,배송출발,수도권HUB
1100002805,2026-06-15 03:17:00,배송완료,수도권HUB
1200002806,2026-06-25 12:20:00,집화처리,영남HUB
1200002806,2026-06-26 07:20:00,간선상차,영남HUB
1200002806,2026-06-27 02:20:00,간선하차,영남HUB
1200002806,2026-06-27 21:20:00,배송출발,영남HUB
1200002806,2026-06-28 01:20:00,배송완료,영남HUB
1100002807,2026-07-27 15:22:00,집화처리,수도권HUB
1100002807,2026-07-28 02:22:00,간선상차,수도권HUB
1100002807,2026-07-28 10:22:00,간선하차,수도권HUB
1100002807,2026-07-29 01:22:00,배송출발,수도권HUB
1100002807,2026-07-29 07:22:00,배송완료,수도권HUB
1200002808,2026-06-09 04:19:00,집화처리,수도권HUB
1200002808,2026-06-09 23:19:00,간선상차,수도권HUB
1200002808,2026-06-10 14:19:00,간선하차,수도권HUB
1200002808,2026-06-11 07:19:00,배송출발,수도권HUB
1200002808,2026-06-11 16:19:00,배송완료,수도권HUB
1100002809,2026-07-14 13:44:00,집화처리,영남HUB
1100002809,2026-07-15 09:44:00,간선상차,영남HUB
1100002809,2026-07-15 16:44:00,간선하차,영남HUB
1100002809,2026-07-16 07:44:00,배송출발,영남HUB
1100002809,2026-07-16 13:44:00,배송완료,영남HUB
4100002810,2026-05-25 05:39:00,집화처리,수도권HUB
4100002810,2026-05-25 14:39:00,간선상차,수도권HUB
4100002810,2026-05-26 02:39:00,간선하차,수도권HUB
4100002810,2026-05-26 13:39:00,배송출발,수도권HUB
4100002810,2026-05-27 00:39:00,배송완료,수도권HUB
1100002811,2026-07-09 07:39:00,집화처리,호남HUB
1100002811,2026-07-10 02:39:00,간선상차,호남HUB
1100002811,2026-07-10 19:39:00,간선하차,호남HUB
1100002811,2026-07-11 00:39:00,배송출발,호남HUB
1100002811,2026-07-11 11:39:00,배송완료,호남HUB
4100002812,2026-07-21 18:25:00,집화처리,수도권HUB
4100002812,2026-07-22 13:25:00,간선상차,수도권HUB
4100002812,2026-07-23 03:25:00,간선하차,수도권HUB
4100002812,2026-07-23 13:25:00,배송출발,수도권HUB
4100002812,2026-07-24 09:25:00,배송완료,수도권HUB
3100002813,2026-06-10 03:59:00,집화처리,영남HUB
3100002813,2026-06-10 13:59:00,간선상차,영남HUB
3100002813,2026-06-11 05:59:00,간선하차,영남HUB
3100002813,2026-06-11 21:59:00,배송출발,영남HUB
3100002813,2026-06-12 14:59:00,배송완료,영남HUB
1200002814,2026-08-05 20:06:00,집화처리,영남HUB
1200002814,2026-08-06 12:06:00,간선상차,영남HUB
1200002814,2026-08-06 15:06:00,간선하차,영남HUB
1200002814,2026-08-07 07:06:00,배송출발,영남HUB
1100002815,2026-07-09 04:33:00,집화처리,수도권HUB
1100002815,2026-07-09 18:33:00,간선상차,수도권HUB
1100002815,2026-07-10 11:33:00,간선하차,수도권HUB
1100002815,2026-07-11 06:33:00,배송출발,수도권HUB
1100002815,2026-07-11 10:33:00,배송완료,수도권HUB
3200002816,2026-05-19 09:20:00,집화처리,영남HUB
3200002816,2026-05-19 20:20:00,간선상차,영남HUB
3200002816,2026-05-20 08:20:00,간선하차,영남HUB
3200002816,2026-05-20 18:20:00,배송출발,영남HUB
3200002816,2026-05-21 04:20:00,배송완료,영남HUB
2100002817,2026-06-24 17:15:00,집화처리,영남HUB
2100002817,2026-06-25 02:15:00,간선상차,영남HUB
2100002817,2026-06-25 07:15:00,간선하차,영남HUB
2100002817,2026-06-25 21:15:00,배송출발,영남HUB
2100002817,2026-06-26 13:15:00,배송완료,영남HUB
4100002818,2026-05-06 18:23:00,집화처리,중부HUB
4100002818,2026-05-06 22:23:00,간선상차,중부HUB
4100002818,2026-05-07 16:23:00,간선하차,중부HUB
4100002818,2026-05-07 20:23:00,배송출발,중부HUB
4100002818,2026-05-08 14:23:00,배송완료,중부HUB
1100002819,2026-06-23 06:55:00,집화처리,중부HUB
1100002819,2026-06-24 02:55:00,간선상차,중부HUB
1100002819,2026-06-24 11:55:00,간선하차,중부HUB
1100002819,2026-06-24 14:55:00,배송출발,중부HUB
1100002819,2026-06-24 17:55:00,배송완료,중부HUB
3100002820,2026-05-18 17:54:00,집화처리,영남HUB
3100002820,2026-05-19 02:54:00,간선상차,영남HUB
3100002820,2026-05-19 13:54:00,간선하차,영남HUB
3100002820,2026-05-19 16:54:00,배송출발,영남HUB
3100002820,2026-05-19 21:54:00,배송완료,영남HUB
1200002821,2026-05-26 09:10:00,집화처리,중부HUB
1200002821,2026-05-27 01:10:00,간선상차,중부HUB
1200002821,2026-05-27 21:10:00,간선하차,중부HUB
1200002821,2026-05-28 05:10:00,배송출발,중부HUB
1200002821,2026-05-28 20:10:00,배송완료,중부HUB
1100002822,2026-05-12 04:19:00,집화처리,수도권HUB
1100002822,2026-05-12 15:19:00,간선상차,수도권HUB
1100002822,2026-05-13 06:19:00,간선하차,수도권HUB
1100002822,2026-05-13 16:19:00,배송출발,수도권HUB
1100002822,2026-05-13 22:19:00,배송완료,수도권HUB
1100002823,2026-06-01 19:27:00,집화처리,영남HUB
1100002823,2026-06-02 14:27:00,간선상차,영남HUB
1100002823,2026-06-02 23:27:00,간선하차,영남HUB
1100002823,2026-06-03 11:27:00,배송출발,영남HUB
1100002823,2026-06-03 16:27:00,배송완료,영남HUB
4100002824,2026-07-24 20:17:00,집화처리,영남HUB
4100002824,2026-07-25 06:17:00,간선상차,영남HUB
4100002824,2026-07-26 00:17:00,간선하차,영남HUB
4100002824,2026-07-26 04:17:00,배송출발,영남HUB
4100002824,2026-07-26 07:17:00,배송완료,영남HUB
1100002825,2026-06-08 15:39:00,집화처리,중부HUB
1100002825,2026-06-09 11:39:00,간선상차,중부HUB
1100002825,2026-06-10 02:39:00,간선하차,중부HUB
1100002825,2026-06-10 20:39:00,배송출발,중부HUB
1100002825,2026-06-11 12:39:00,배송완료,중부HUB
1200002826,2026-06-06 00:28:00,집화처리,영남HUB
1200002826,2026-06-06 15:28:00,간선상차,영남HUB
1200002826,2026-06-06 21:28:00,간선하차,영남HUB
1200002826,2026-06-07 01:28:00,배송출발,영남HUB
1200002826,2026-06-07 17:28:00,배송완료,영남HUB
2100002827,2026-06-10 10:10:00,집화처리,수도권HUB
2100002827,2026-06-10 17:10:00,간선상차,수도권HUB
2100002827,2026-06-10 21:10:00,간선하차,수도권HUB
2100002827,2026-06-11 13:10:00,배송출발,수도권HUB
2100002827,2026-06-11 23:10:00,배송완료,수도권HUB
4100002828,2026-05-06 23:43:00,집화처리,영남HUB
4100002828,2026-05-07 07:43:00,간선상차,영남HUB
4100002828,2026-05-07 22:43:00,간선하차,영남HUB
4100002828,2026-05-08 14:43:00,배송출발,영남HUB
4100002828,2026-05-09 09:43:00,배송완료,영남HUB
2100002829,2026-05-26 18:38:00,집화처리,영남HUB
2100002829,2026-05-27 09:38:00,간선상차,영남HUB
2100002829,2026-05-27 13:38:00,간선하차,영남HUB
2100002829,2026-05-28 08:38:00,배송출발,영남HUB
2100002829,2026-05-28 20:38:00,배송완료,영남HUB
2100002830,2026-07-18 05:36:00,집화처리,수도권HUB
2100002830,2026-07-18 18:36:00,간선상차,수도권HUB
2100002830,2026-07-18 21:36:00,간선하차,수도권HUB
2100002830,2026-07-19 14:36:00,배송출발,수도권HUB
2100002830,2026-07-19 19:36:00,배송완료,수도권HUB
2100002831,2026-06-17 08:27:00,집화처리,호남HUB
2100002831,2026-06-17 18:27:00,간선상차,호남HUB
2100002831,2026-06-18 09:27:00,간선하차,호남HUB
2100002831,2026-06-18 19:27:00,배송출발,호남HUB
2100002831,2026-06-19 10:27:00,배송완료,호남HUB
4100002832,2026-05-12 04:58:00,집화처리,영남HUB
4100002832,2026-05-12 11:58:00,간선상차,영남HUB
4100002832,2026-05-12 16:58:00,간선하차,영남HUB
4100002832,2026-05-12 19:58:00,배송출발,영남HUB
4100002832,2026-05-13 10:58:00,배송완료,영남HUB
3200002833,2026-07-20 07:54:00,집화처리,영남HUB
3200002833,2026-07-20 21:54:00,간선상차,영남HUB
3200002833,2026-07-21 05:54:00,간선하차,영남HUB
3200002833,2026-07-21 13:54:00,배송출발,영남HUB
3200002833,2026-07-22 08:54:00,배송완료,영남HUB
1200002834,2026-05-24 20:11:00,집화처리,영남HUB
1200002834,2026-05-25 06:11:00,간선상차,영남HUB
1200002834,2026-05-25 14:11:00,간선하차,영남HUB
1200002834,2026-05-25 21:11:00,배송출발,영남HUB
1200002834,2026-05-26 16:11:00,배송완료,영남HUB
3200002835,2026-07-17 20:59:00,집화처리,수도권HUB
3200002835,2026-07-18 02:59:00,간선상차,수도권HUB
3200002835,2026-07-18 12:59:00,간선하차,수도권HUB
3200002835,2026-07-19 06:59:00,배송출발,수도권HUB
3200002835,2026-07-19 20:59:00,배송완료,수도권HUB
4100002836,2026-07-28 23:24:00,집화처리,수도권HUB
4100002836,2026-07-29 09:24:00,간선상차,수도권HUB
4100002836,2026-07-30 01:24:00,간선하차,수도권HUB
4100002836,2026-07-30 19:24:00,배송출발,수도권HUB
4100002836,2026-07-31 07:24:00,배송완료,수도권HUB
2100002837,2026-05-28 00:10:00,집화처리,수도권HUB
2100002837,2026-05-28 04:10:00,간선상차,수도권HUB
2100002837,2026-05-28 14:10:00,간선하차,수도권HUB
2100002837,2026-05-28 22:10:00,배송출발,수도권HUB
2100002837,2026-05-29 09:10:00,배송완료,수도권HUB
1100002838,2026-06-09 05:47:00,집화처리,제주HUB
1100002838,2026-06-09 19:47:00,간선상차,제주HUB
1100002838,2026-06-10 01:47:00,간선하차,제주HUB
1100002838,2026-06-10 11:47:00,배송출발,제주HUB
1100002838,2026-06-11 05:47:00,배송완료,제주HUB
1100002839,2026-06-18 19:56:00,집화처리,영남HUB
1100002839,2026-06-19 06:56:00,간선상차,영남HUB
1100002839,2026-06-20 01:56:00,간선하차,영남HUB
1100002839,2026-06-20 15:56:00,배송출발,영남HUB
1100002839,2026-06-20 20:56:00,배송완료,영남HUB
1200002840,2026-08-03 13:46:00,집화처리,중부HUB
1200002840,2026-08-04 00:46:00,간선상차,중부HUB
1200002840,2026-08-04 06:46:00,간선하차,중부HUB
1200002840,2026-08-05 01:46:00,배송출발,중부HUB
1100002841,2026-05-19 10:33:00,집화처리,수도권HUB
1100002841,2026-05-19 23:33:00,간선상차,수도권HUB
1100002841,2026-05-20 11:33:00,간선하차,수도권HUB
1100002841,2026-05-21 07:33:00,배송출발,수도권HUB
1100002841,2026-05-21 15:33:00,배송완료,수도권HUB
1100002842,2026-07-02 18:25:00,집화처리,중부HUB
1100002842,2026-07-03 01:25:00,간선상차,중부HUB
1100002842,2026-07-03 11:25:00,간선하차,중부HUB
1100002842,2026-07-03 19:25:00,배송출발,중부HUB
1100002842,2026-07-04 11:25:00,배송완료,중부HUB
2100002843,2026-05-11 21:01:00,집화처리,수도권HUB
2100002843,2026-05-12 04:01:00,간선상차,수도권HUB
2100002843,2026-05-12 19:01:00,간선하차,수도권HUB
2100002843,2026-05-13 06:01:00,배송출발,수도권HUB
2100002843,2026-05-13 20:01:00,배송완료,수도권HUB
2100002844,2026-05-29 20:49:00,집화처리,수도권HUB
2100002844,2026-05-30 15:49:00,간선상차,수도권HUB
2100002844,2026-05-31 02:49:00,간선하차,수도권HUB
2100002844,2026-05-31 07:49:00,배송출발,수도권HUB
2100002844,2026-05-31 16:49:00,배송완료,수도권HUB
2100002845,2026-05-20 00:33:00,집화처리,수도권HUB
2100002845,2026-05-20 18:33:00,간선상차,수도권HUB
2100002845,2026-05-21 00:33:00,간선하차,수도권HUB
2100002845,2026-05-21 04:33:00,배송출발,수도권HUB
2100002845,2026-05-21 15:33:00,배송완료,수도권HUB
1200002846,2026-07-10 09:20:00,집화처리,수도권HUB
1200002846,2026-07-11 04:20:00,간선상차,수도권HUB
1200002846,2026-07-11 09:20:00,간선하차,수도권HUB
1200002846,2026-07-12 03:20:00,배송출발,수도권HUB
1200002846,2026-07-12 08:20:00,배송완료,수도권HUB
2100002847,2026-05-26 08:18:00,집화처리,영남HUB
2100002847,2026-05-27 02:18:00,간선상차,영남HUB
2100002847,2026-05-27 19:18:00,간선하차,영남HUB
2100002847,2026-05-28 07:18:00,배송출발,영남HUB
2100002847,2026-05-28 19:18:00,배송완료,영남HUB
1200002848,2026-06-18 21:46:00,집화처리,수도권HUB
1200002848,2026-06-19 14:46:00,간선상차,수도권HUB
1200002848,2026-06-20 07:46:00,간선하차,수도권HUB
1200002848,2026-06-20 20:46:00,배송출발,수도권HUB
1200002848,2026-06-21 08:46:00,배송완료,수도권HUB
3100002849,2026-06-09 00:58:00,집화처리,호남HUB
3100002849,2026-06-09 07:58:00,간선상차,호남HUB
3100002849,2026-06-09 18:58:00,간선하차,호남HUB
3100002849,2026-06-10 02:58:00,배송출발,호남HUB
3100002849,2026-06-10 08:58:00,배송완료,호남HUB
1100002850,2026-08-06 02:01:00,집화처리,영남HUB
3100002851,2026-06-29 23:43:00,집화처리,수도권HUB
3100002851,2026-06-30 13:43:00,간선상차,수도권HUB
3100002851,2026-06-30 20:43:00,간선하차,수도권HUB
3100002851,2026-07-01 02:43:00,배송출발,수도권HUB
3100002851,2026-07-01 10:43:00,배송완료,수도권HUB
3200002852,2026-07-09 03:35:00,집화처리,수도권HUB
3200002852,2026-07-09 21:35:00,간선상차,수도권HUB
3200002852,2026-07-10 12:35:00,간선하차,수도권HUB
3200002852,2026-07-10 18:35:00,배송출발,수도권HUB
3200002852,2026-07-11 08:35:00,배송완료,수도권HUB
1100002853,2026-07-04 05:04:00,집화처리,영남HUB
1100002853,2026-07-04 16:04:00,간선상차,영남HUB
1100002853,2026-07-05 03:04:00,간선하차,영남HUB
1100002853,2026-07-05 10:04:00,배송출발,영남HUB
1100002853,2026-07-06 00:04:00,배송완료,영남HUB
1100002854,2026-06-22 21:38:00,집화처리,수도권HUB
1100002854,2026-06-23 14:38:00,간선상차,수도권HUB
1100002854,2026-06-24 07:38:00,간선하차,수도권HUB
1100002854,2026-06-24 12:38:00,배송출발,수도권HUB
1100002854,2026-06-24 21:38:00,배송완료,수도권HUB
1100002855,2026-07-27 19:18:00,집화처리,중부HUB
1100002855,2026-07-28 14:18:00,간선상차,중부HUB
1100002855,2026-07-28 22:18:00,간선하차,중부HUB
1100002855,2026-07-29 07:18:00,배송출발,중부HUB
1100002855,2026-07-29 14:18:00,배송완료,중부HUB
1100002856,2026-05-11 11:34:00,집화처리,호남HUB
1100002856,2026-05-11 23:34:00,간선상차,호남HUB
1100002856,2026-05-12 11:34:00,간선하차,호남HUB
1100002856,2026-05-12 20:34:00,배송출발,호남HUB
1100002856,2026-05-12 23:34:00,배송완료,호남HUB
1100002857,2026-07-15 00:43:00,집화처리,수도권HUB
1100002857,2026-07-15 07:43:00,간선상차,수도권HUB
1100002857,2026-07-16 02:43:00,간선하차,수도권HUB
1100002857,2026-07-16 17:43:00,배송출발,수도권HUB
1100002857,2026-07-16 20:43:00,배송완료,수도권HUB
3100002858,2026-06-03 23:11:00,집화처리,영남HUB
3100002858,2026-06-04 10:11:00,간선상차,영남HUB
3100002858,2026-06-04 22:11:00,간선하차,영남HUB
3100002858,2026-06-05 09:11:00,배송출발,영남HUB
3100002858,2026-06-05 18:11:00,배송완료,영남HUB
2100002859,2026-06-21 13:37:00,집화처리,수도권HUB
2100002859,2026-06-21 17:37:00,간선상차,수도권HUB
2100002859,2026-06-22 01:37:00,간선하차,수도권HUB
2100002859,2026-06-22 21:37:00,배송출발,수도권HUB
2100002859,2026-06-23 11:37:00,배송완료,수도권HUB
2100002860,2026-07-20 21:27:00,집화처리,중부HUB
2100002860,2026-07-21 17:27:00,간선상차,중부HUB
2100002860,2026-07-22 13:27:00,간선하차,중부HUB
2100002860,2026-07-22 19:27:00,배송출발,중부HUB
2100002860,2026-07-22 22:27:00,배송완료,중부HUB
2100002861,2026-05-12 23:35:00,집화처리,수도권HUB
2100002861,2026-05-13 04:35:00,간선상차,수도권HUB
2100002861,2026-05-13 07:35:00,간선하차,수도권HUB
2100002861,2026-05-13 16:35:00,배송출발,수도권HUB
2100002861,2026-05-14 06:35:00,배송완료,수도권HUB
1100002862,2026-08-01 00:38:00,집화처리,중부HUB
1100002862,2026-08-01 08:38:00,간선상차,중부HUB
1100002862,2026-08-02 01:38:00,간선하차,중부HUB
1100002862,2026-08-02 15:38:00,배송출발,중부HUB
1100002862,2026-08-03 05:38:00,배송완료,중부HUB
3100002863,2026-07-16 09:44:00,집화처리,수도권HUB
3100002863,2026-07-16 12:44:00,간선상차,수도권HUB
3100002863,2026-07-17 07:44:00,간선하차,수도권HUB
3100002863,2026-07-18 01:44:00,배송출발,수도권HUB
3100002863,2026-07-18 10:44:00,배송완료,수도권HUB
3200002864,2026-06-11 23:58:00,집화처리,영남HUB
3200002864,2026-06-12 08:58:00,간선상차,영남HUB
3200002864,2026-06-12 11:58:00,간선하차,영남HUB
3200002864,2026-06-12 22:58:00,배송출발,영남HUB
3200002864,2026-06-13 15:58:00,배송완료,영남HUB
2100002865,2026-06-06 21:25:00,집화처리,수도권HUB
2100002865,2026-06-07 07:25:00,간선상차,수도권HUB
2100002865,2026-06-07 18:25:00,간선하차,수도권HUB
2100002865,2026-06-08 02:25:00,배송출발,수도권HUB
2100002865,2026-06-08 21:25:00,배송완료,수도권HUB
1100002866,2026-06-12 06:23:00,집화처리,중부HUB
1100002866,2026-06-12 16:23:00,간선상차,중부HUB
1100002866,2026-06-13 09:23:00,간선하차,중부HUB
1100002866,2026-06-13 19:23:00,배송출발,중부HUB
1100002866,2026-06-14 03:23:00,배송완료,중부HUB
1200002867,2026-05-24 18:50:00,집화처리,수도권HUB
1200002867,2026-05-25 05:50:00,간선상차,수도권HUB
1200002867,2026-05-25 22:50:00,간선하차,수도권HUB
1200002867,2026-05-26 18:50:00,배송출발,수도권HUB
1200002867,2026-05-27 13:50:00,배송완료,수도권HUB
1200002868,2026-07-28 04:17:00,집화처리,호남HUB
1200002868,2026-07-28 13:17:00,간선상차,호남HUB
1200002868,2026-07-29 03:17:00,간선하차,호남HUB
1200002868,2026-07-29 22:17:00,배송출발,호남HUB
1200002868,2026-07-30 16:17:00,배송완료,호남HUB
1100002869,2026-06-25 00:11:00,집화처리,영남HUB
1100002869,2026-06-25 15:11:00,간선상차,영남HUB
1100002869,2026-06-26 03:11:00,간선하차,영남HUB
1100002869,2026-06-26 15:11:00,배송출발,영남HUB
1100002869,2026-06-27 09:11:00,배송완료,영남HUB
3200002870,2026-07-22 04:43:00,집화처리,영남HUB
3200002870,2026-07-22 15:43:00,간선상차,영남HUB
3200002870,2026-07-23 07:43:00,간선하차,영남HUB
3200002870,2026-07-24 00:43:00,배송출발,영남HUB
3200002870,2026-07-24 09:43:00,배송완료,영남HUB
1100002871,2026-05-06 04:08:00,집화처리,중부HUB
1100002871,2026-05-06 15:08:00,간선상차,중부HUB
1100002871,2026-05-07 11:08:00,간선하차,중부HUB
1100002871,2026-05-08 02:08:00,배송출발,중부HUB
1100002871,2026-05-08 08:08:00,배송완료,중부HUB
2100002872,2026-05-18 20:54:00,집화처리,중부HUB
2100002872,2026-05-19 03:54:00,간선상차,중부HUB
2100002872,2026-05-19 17:54:00,간선하차,중부HUB
2100002872,2026-05-20 05:54:00,배송출발,중부HUB
2100002872,2026-05-20 22:54:00,배송완료,중부HUB
2100002873,2026-05-26 06:47:00,집화처리,수도권HUB
2100002873,2026-05-26 12:47:00,간선상차,수도권HUB
2100002873,2026-05-26 15:47:00,간선하차,수도권HUB
2100002873,2026-05-26 20:47:00,배송출발,수도권HUB
2100002873,2026-05-27 08:47:00,배송완료,수도권HUB
1100002874,2026-08-03 13:48:00,집화처리,영남HUB
1100002874,2026-08-04 04:48:00,간선상차,영남HUB
1100002874,2026-08-04 22:48:00,간선하차,영남HUB
1100002874,2026-08-05 12:48:00,배송출발,영남HUB
1100002874,2026-08-05 21:48:00,배송완료,영남HUB
1100002875,2026-05-28 06:52:00,집화처리,호남HUB
1100002875,2026-05-29 01:52:00,간선상차,호남HUB
1100002875,2026-05-29 06:52:00,간선하차,호남HUB
1100002875,2026-05-29 09:52:00,배송출발,호남HUB
1100002875,2026-05-29 19:52:00,배송완료,호남HUB
1200002876,2026-07-21 05:56:00,집화처리,제주HUB
1200002876,2026-07-21 22:56:00,간선상차,제주HUB
1200002876,2026-07-22 10:56:00,간선하차,제주HUB
1200002876,2026-07-22 15:56:00,배송출발,제주HUB
1200002876,2026-07-23 01:56:00,배송완료,제주HUB
3200002877,2026-06-03 08:12:00,집화처리,수도권HUB
3200002877,2026-06-03 20:12:00,간선상차,수도권HUB
3200002877,2026-06-04 14:12:00,간선하차,수도권HUB
3200002877,2026-06-04 22:12:00,배송출발,수도권HUB
3200002877,2026-06-05 02:12:00,배송완료,수도권HUB
1100002878,2026-05-08 17:56:00,집화처리,수도권HUB
1100002878,2026-05-09 07:56:00,간선상차,수도권HUB
1100002878,2026-05-09 14:56:00,간선하차,수도권HUB
1100002878,2026-05-09 17:56:00,배송출발,수도권HUB
1100002878,2026-05-10 05:56:00,배송완료,수도권HUB
1100002879,2026-05-21 01:52:00,집화처리,영남HUB
1100002879,2026-05-21 19:52:00,간선상차,영남HUB
1100002879,2026-05-22 14:52:00,간선하차,영남HUB
1100002879,2026-05-23 00:52:00,배송출발,영남HUB
1100002879,2026-05-23 18:52:00,배송완료,영남HUB
2100002880,2026-05-15 05:08:00,집화처리,제주HUB
2100002880,2026-05-15 09:08:00,간선상차,제주HUB
2100002880,2026-05-15 14:08:00,간선하차,제주HUB
2100002880,2026-05-15 18:08:00,배송출발,제주HUB
2100002880,2026-05-16 05:08:00,배송완료,제주HUB
3100002881,2026-06-30 08:04:00,집화처리,중부HUB
3100002881,2026-07-01 02:04:00,간선상차,중부HUB
3100002881,2026-07-01 10:04:00,간선하차,중부HUB
3100002881,2026-07-01 18:04:00,배송출발,중부HUB
3100002881,2026-07-02 03:04:00,배송완료,중부HUB
1200002882,2026-05-23 02:04:00,집화처리,영남HUB
1200002882,2026-05-23 07:04:00,간선상차,영남HUB
1200002882,2026-05-24 01:04:00,간선하차,영남HUB
1200002882,2026-05-24 09:04:00,배송출발,영남HUB
1200002882,2026-05-24 21:04:00,배송완료,영남HUB
1200002883,2026-06-30 03:30:00,집화처리,중부HUB
1200002883,2026-06-30 07:30:00,간선상차,중부HUB
1200002883,2026-06-30 19:30:00,간선하차,중부HUB
1200002883,2026-06-30 23:30:00,배송출발,중부HUB
1200002883,2026-07-01 07:30:00,배송완료,중부HUB
3200002884,2026-06-18 07:21:00,집화처리,영남HUB
3200002884,2026-06-18 22:21:00,간선상차,영남HUB
3200002884,2026-06-19 14:21:00,간선하차,영남HUB
3200002884,2026-06-19 18:21:00,배송출발,영남HUB
3200002884,2026-06-20 01:21:00,배송완료,영남HUB
1100002885,2026-06-04 02:32:00,집화처리,영남HUB
1100002885,2026-06-04 21:32:00,간선상차,영남HUB
1100002885,2026-06-05 14:32:00,간선하차,영남HUB
1100002885,2026-06-06 04:32:00,배송출발,영남HUB
1100002885,2026-06-06 14:32:00,배송완료,영남HUB
4100002886,2026-07-12 01:41:00,집화처리,영남HUB
4100002886,2026-07-12 09:41:00,간선상차,영남HUB
4100002886,2026-07-13 04:41:00,간선하차,영남HUB
4100002886,2026-07-13 09:41:00,배송출발,영남HUB
4100002886,2026-07-14 02:41:00,배송완료,영남HUB
1100002887,2026-06-16 02:42:00,집화처리,수도권HUB
1100002887,2026-06-16 12:42:00,간선상차,수도권HUB
1100002887,2026-06-16 22:42:00,간선하차,수도권HUB
1100002887,2026-06-17 05:42:00,배송출발,수도권HUB
1100002887,2026-06-18 00:42:00,배송완료,수도권HUB
1200002888,2026-06-19 18:41:00,집화처리,수도권HUB
1200002888,2026-06-20 07:41:00,간선상차,수도권HUB
1200002888,2026-06-21 03:41:00,간선하차,수도권HUB
1200002888,2026-06-21 08:41:00,배송출발,수도권HUB
1200002888,2026-06-21 21:41:00,배송완료,수도권HUB
4100002889,2026-06-04 08:45:00,집화처리,중부HUB
4100002889,2026-06-04 15:45:00,간선상차,중부HUB
4100002889,2026-06-04 21:45:00,간선하차,중부HUB
4100002889,2026-06-05 07:45:00,배송출발,중부HUB
4100002889,2026-06-06 02:45:00,배송완료,중부HUB
1100002890,2026-07-13 07:56:00,집화처리,수도권HUB
1100002890,2026-07-13 20:56:00,간선상차,수도권HUB
1100002890,2026-07-14 10:56:00,간선하차,수도권HUB
1100002890,2026-07-15 02:56:00,배송출발,수도권HUB
1100002890,2026-07-15 10:56:00,배송완료,수도권HUB
2100002891,2026-06-25 22:10:00,집화처리,호남HUB
2100002891,2026-06-26 07:10:00,간선상차,호남HUB
2100002891,2026-06-26 23:10:00,간선하차,호남HUB
2100002891,2026-06-27 09:10:00,배송출발,호남HUB
2100002891,2026-06-27 22:10:00,배송완료,호남HUB
2100002892,2026-05-23 06:33:00,집화처리,수도권HUB
2100002892,2026-05-23 15:33:00,간선상차,수도권HUB
2100002892,2026-05-24 10:33:00,간선하차,수도권HUB
2100002892,2026-05-25 01:33:00,배송출발,수도권HUB
2100002892,2026-05-25 04:33:00,배송완료,수도권HUB
2100002893,2026-07-21 22:27:00,집화처리,중부HUB
2100002893,2026-07-22 05:27:00,간선상차,중부HUB
2100002893,2026-07-22 09:27:00,간선하차,중부HUB
2100002893,2026-07-22 13:27:00,배송출발,중부HUB
2100002893,2026-07-23 01:27:00,배송완료,중부HUB
1200002894,2026-06-25 01:30:00,집화처리,영남HUB
1200002894,2026-06-25 20:30:00,간선상차,영남HUB
1200002894,2026-06-26 16:30:00,간선하차,영남HUB
1200002894,2026-06-27 00:30:00,배송출발,영남HUB
1200002894,2026-06-27 14:30:00,배송완료,영남HUB
1100002895,2026-06-20 12:15:00,집화처리,중부HUB
1100002895,2026-06-20 19:15:00,간선상차,중부HUB
1100002895,2026-06-21 13:15:00,간선하차,중부HUB
1100002895,2026-06-22 01:15:00,배송출발,중부HUB
1100002895,2026-06-22 14:15:00,배송완료,중부HUB
3200002896,2026-07-30 09:32:00,집화처리,영남HUB
3200002896,2026-07-30 19:32:00,간선상차,영남HUB
3200002896,2026-07-31 06:32:00,간선하차,영남HUB
3200002896,2026-07-31 10:32:00,배송출발,영남HUB
3200002896,2026-07-31 19:32:00,배송완료,영남HUB
1100002897,2026-06-18 20:50:00,집화처리,영남HUB
1100002897,2026-06-19 04:50:00,간선상차,영남HUB
1100002897,2026-06-19 15:50:00,간선하차,영남HUB
1100002897,2026-06-20 04:50:00,배송출발,영남HUB
1100002897,2026-06-20 11:50:00,배송완료,영남HUB
2100002898,2026-07-09 08:57:00,집화처리,수도권HUB
2100002898,2026-07-09 15:57:00,간선상차,수도권HUB
2100002898,2026-07-10 00:57:00,간선하차,수도권HUB
2100002898,2026-07-10 20:57:00,배송출발,수도권HUB
2100002898,2026-07-11 06:57:00,배송완료,수도권HUB
1100002899,2026-08-04 10:34:00,집화처리,중부HUB
1100002899,2026-08-05 05:34:00,간선상차,중부HUB
1100002899,2026-08-05 17:34:00,간선하차,중부HUB
1100002899,2026-08-06 04:34:00,배송출발,중부HUB
1100002899,2026-08-06 19:34:00,배송완료,중부HUB
1100002900,2026-05-12 19:46:00,집화처리,중부HUB
1100002900,2026-05-12 22:46:00,간선상차,중부HUB
1100002900,2026-05-13 10:46:00,간선하차,중부HUB
1100002900,2026-05-13 16:46:00,배송출발,중부HUB
1100002900,2026-05-13 22:46:00,배송완료,중부HUB
4100002901,2026-06-16 07:44:00,집화처리,영남HUB
4100002901,2026-06-16 14:44:00,간선상차,영남HUB
4100002901,2026-06-17 08:44:00,간선하차,영남HUB
4100002901,2026-06-17 21:44:00,배송출발,영남HUB
4100002901,2026-06-18 12:44:00,배송완료,영남HUB
3100002902,2026-07-16 16:50:00,집화처리,수도권HUB
3100002902,2026-07-16 23:50:00,간선상차,수도권HUB
3100002902,2026-07-17 18:50:00,간선하차,수도권HUB
3100002902,2026-07-18 05:50:00,배송출발,수도권HUB
3100002902,2026-07-18 22:50:00,배송완료,수도권HUB
2100002903,2026-07-02 10:27:00,집화처리,영남HUB
2100002903,2026-07-02 14:27:00,간선상차,영남HUB
2100002903,2026-07-03 02:27:00,간선하차,영남HUB
2100002903,2026-07-03 19:27:00,배송출발,영남HUB
2100002903,2026-07-04 09:27:00,배송완료,영남HUB
3100002904,2026-07-28 04:11:00,집화처리,수도권HUB
3100002904,2026-07-28 13:11:00,간선상차,수도권HUB
3100002904,2026-07-29 08:11:00,간선하차,수도권HUB
3100002904,2026-07-29 11:11:00,배송출발,수도권HUB
3100002904,2026-07-29 18:11:00,배송완료,수도권HUB
2100002905,2026-05-28 04:50:00,집화처리,수도권HUB
2100002905,2026-05-28 08:50:00,간선상차,수도권HUB
2100002905,2026-05-29 04:50:00,간선하차,수도권HUB
2100002905,2026-05-29 18:50:00,배송출발,수도권HUB
2100002905,2026-05-30 12:50:00,배송완료,수도권HUB
1200002906,2026-05-02 04:31:00,집화처리,수도권HUB
1200002906,2026-05-02 21:31:00,간선상차,수도권HUB
1200002906,2026-05-03 02:31:00,간선하차,수도권HUB
1200002906,2026-05-03 21:31:00,배송출발,수도권HUB
1200002906,2026-05-04 01:31:00,배송완료,수도권HUB
1100002907,2026-07-08 05:52:00,집화처리,중부HUB
1100002907,2026-07-08 09:52:00,간선상차,중부HUB
1100002907,2026-07-08 18:52:00,간선하차,중부HUB
1100002907,2026-07-09 04:52:00,배송출발,중부HUB
1100002907,2026-07-09 09:52:00,배송완료,중부HUB
1100002908,2026-06-09 04:54:00,집화처리,수도권HUB
1100002908,2026-06-09 09:54:00,간선상차,수도권HUB
1100002908,2026-06-09 22:54:00,간선하차,수도권HUB
1100002908,2026-06-10 12:54:00,배송출발,수도권HUB
1100002908,2026-06-10 22:54:00,배송완료,수도권HUB
1100002909,2026-06-26 04:59:00,집화처리,영남HUB
1100002909,2026-06-26 23:59:00,간선상차,영남HUB
1100002909,2026-06-27 07:59:00,간선하차,영남HUB
1100002909,2026-06-27 14:59:00,배송출발,영남HUB
1100002909,2026-06-27 21:59:00,배송완료,영남HUB
3100002910,2026-07-14 04:14:00,집화처리,영남HUB
3100002910,2026-07-14 12:14:00,간선상차,영남HUB
3100002910,2026-07-14 17:14:00,간선하차,영남HUB
3100002910,2026-07-15 06:14:00,배송출발,영남HUB
3100002910,2026-07-15 13:14:00,배송완료,영남HUB
1200002911,2026-07-02 18:10:00,집화처리,영남HUB
1200002911,2026-07-03 09:10:00,간선상차,영남HUB
1200002911,2026-07-03 14:10:00,간선하차,영남HUB
1200002911,2026-07-04 10:10:00,배송출발,영남HUB
1200002911,2026-07-04 13:10:00,배송완료,영남HUB
1100002912,2026-07-31 12:31:00,집화처리,수도권HUB
1100002912,2026-08-01 02:31:00,간선상차,수도권HUB
1100002912,2026-08-01 08:31:00,간선하차,수도권HUB
1100002912,2026-08-02 01:31:00,배송출발,수도권HUB
1100002912,2026-08-02 06:31:00,배송완료,수도권HUB
2100002913,2026-05-21 09:52:00,집화처리,영남HUB
2100002913,2026-05-21 15:52:00,간선상차,영남HUB
2100002913,2026-05-21 21:52:00,간선하차,영남HUB
2100002913,2026-05-22 01:52:00,배송출발,영남HUB
2100002913,2026-05-22 05:52:00,배송완료,영남HUB
3200002914,2026-07-06 21:54:00,집화처리,수도권HUB
3200002914,2026-07-07 05:54:00,간선상차,수도권HUB
3200002914,2026-07-07 14:54:00,간선하차,수도권HUB
3200002914,2026-07-08 02:54:00,배송출발,수도권HUB
3200002914,2026-07-08 15:54:00,배송완료,수도권HUB
2100002915,2026-06-16 01:33:00,집화처리,영남HUB
2100002915,2026-06-16 15:33:00,간선상차,영남HUB
2100002915,2026-06-17 04:33:00,간선하차,영남HUB
2100002915,2026-06-17 17:33:00,배송출발,영남HUB
2100002915,2026-06-18 04:33:00,배송완료,영남HUB
1200002916,2026-06-29 18:34:00,집화처리,영남HUB
1200002916,2026-06-29 23:34:00,간선상차,영남HUB
1200002916,2026-06-30 08:34:00,간선하차,영남HUB
1200002916,2026-07-01 00:34:00,배송출발,영남HUB
1200002916,2026-07-01 20:34:00,배송완료,영남HUB
1100002917,2026-05-19 23:29:00,집화처리,수도권HUB
1100002917,2026-05-20 05:29:00,간선상차,수도권HUB
1100002917,2026-05-20 12:29:00,간선하차,수도권HUB
1100002917,2026-05-21 02:29:00,배송출발,수도권HUB
1100002917,2026-05-21 08:29:00,배송완료,수도권HUB
1200002918,2026-05-24 04:28:00,집화처리,영남HUB
1200002918,2026-05-24 12:28:00,간선상차,영남HUB
1200002918,2026-05-25 04:28:00,간선하차,영남HUB
1200002918,2026-05-25 17:28:00,배송출발,영남HUB
1200002918,2026-05-26 08:28:00,배송완료,영남HUB
2100002919,2026-07-21 07:28:00,집화처리,영남HUB
2100002919,2026-07-21 23:28:00,간선상차,영남HUB
2100002919,2026-07-22 03:28:00,간선하차,영남HUB
2100002919,2026-07-22 07:28:00,배송출발,영남HUB
2100002919,2026-07-22 21:28:00,배송완료,영남HUB
1100002920,2026-05-04 21:49:00,집화처리,수도권HUB
1100002920,2026-05-05 15:49:00,간선상차,수도권HUB
1100002920,2026-05-06 09:49:00,간선하차,수도권HUB
1100002920,2026-05-06 22:49:00,배송출발,수도권HUB
1100002920,2026-05-07 16:49:00,배송완료,수도권HUB
1100002921,2026-07-10 02:07:00,집화처리,수도권HUB
1100002921,2026-07-10 19:07:00,간선상차,수도권HUB
1100002921,2026-07-11 14:07:00,간선하차,수도권HUB
1100002921,2026-07-11 17:07:00,배송출발,수도권HUB
1100002921,2026-07-12 11:07:00,배송완료,수도권HUB
2100002922,2026-06-15 21:45:00,집화처리,중부HUB
2100002922,2026-06-16 11:45:00,간선상차,중부HUB
2100002922,2026-06-17 00:45:00,간선하차,중부HUB
2100002922,2026-06-17 06:45:00,배송출발,중부HUB
2100002922,2026-06-17 17:45:00,배송완료,중부HUB
4100002923,2026-06-24 03:30:00,집화처리,수도권HUB
4100002923,2026-06-24 16:30:00,간선상차,수도권HUB
4100002923,2026-06-25 10:30:00,간선하차,수도권HUB
4100002923,2026-06-26 02:30:00,배송출발,수도권HUB
4100002923,2026-06-26 20:30:00,배송완료,수도권HUB
4100002924,2026-05-26 22:06:00,집화처리,영남HUB
4100002924,2026-05-27 09:06:00,간선상차,영남HUB
4100002924,2026-05-28 00:06:00,간선하차,영남HUB
4100002924,2026-05-28 04:06:00,배송출발,영남HUB
4100002924,2026-05-28 13:06:00,배송완료,영남HUB
4100002925,2026-07-03 09:05:00,집화처리,수도권HUB
4100002925,2026-07-04 02:05:00,간선상차,수도권HUB
4100002925,2026-07-04 16:05:00,간선하차,수도권HUB
4100002925,2026-07-05 07:05:00,배송출발,수도권HUB
4100002925,2026-07-05 18:05:00,배송완료,수도권HUB
3100002926,2026-05-18 18:58:00,집화처리,영남HUB
3100002926,2026-05-19 09:58:00,간선상차,영남HUB
3100002926,2026-05-19 21:58:00,간선하차,영남HUB
3100002926,2026-05-20 14:58:00,배송출발,영남HUB
3100002926,2026-05-21 01:58:00,배송완료,영남HUB
1200002927,2026-08-05 00:35:00,집화처리,수도권HUB
1200002927,2026-08-05 19:35:00,간선상차,수도권HUB
1200002927,2026-08-06 01:35:00,간선하차,수도권HUB
1200002927,2026-08-06 11:35:00,배송출발,수도권HUB
2100002928,2026-06-22 18:37:00,집화처리,수도권HUB
2100002928,2026-06-23 01:37:00,간선상차,수도권HUB
2100002928,2026-06-23 07:37:00,간선하차,수도권HUB
2100002928,2026-06-23 19:37:00,배송출발,수도권HUB
2100002928,2026-06-24 10:37:00,배송완료,수도권HUB
2100002929,2026-07-23 04:12:00,집화처리,수도권HUB
2100002929,2026-07-23 07:12:00,간선상차,수도권HUB
2100002929,2026-07-23 10:12:00,간선하차,수도권HUB
2100002929,2026-07-24 02:12:00,배송출발,수도권HUB
2100002929,2026-07-24 06:12:00,배송완료,수도권HUB
1100002930,2026-07-08 20:38:00,집화처리,호남HUB
1100002930,2026-07-09 07:38:00,간선상차,호남HUB
1100002930,2026-07-09 11:38:00,간선하차,호남HUB
1100002930,2026-07-09 19:38:00,배송출발,호남HUB
1100002930,2026-07-10 11:38:00,배송완료,호남HUB
3100002931,2026-06-09 09:29:00,집화처리,수도권HUB
3100002931,2026-06-09 17:29:00,간선상차,수도권HUB
3100002931,2026-06-10 05:29:00,간선하차,수도권HUB
3100002931,2026-06-10 23:29:00,배송출발,수도권HUB
3100002931,2026-06-11 04:29:00,배송완료,수도권HUB
1100002932,2026-08-04 20:23:00,집화처리,영남HUB
1100002933,2026-07-31 11:56:00,집화처리,영남HUB
1100002933,2026-07-31 16:56:00,간선상차,영남HUB
1100002933,2026-07-31 21:56:00,간선하차,영남HUB
1100002933,2026-08-01 06:56:00,배송출발,영남HUB
1100002933,2026-08-01 10:56:00,배송완료,영남HUB
3100002934,2026-08-03 10:38:00,집화처리,중부HUB
3100002934,2026-08-03 15:38:00,간선상차,중부HUB
3100002934,2026-08-04 02:38:00,간선하차,중부HUB
3100002934,2026-08-04 09:38:00,배송출발,중부HUB
1100002935,2026-05-04 20:50:00,집화처리,영남HUB
1100002935,2026-05-04 23:50:00,간선상차,영남HUB
1100002935,2026-05-05 14:50:00,간선하차,영남HUB
1100002935,2026-05-06 09:50:00,배송출발,영남HUB
1100002935,2026-05-07 05:50:00,배송완료,영남HUB
1100002936,2026-07-01 07:20:00,집화처리,수도권HUB
1100002936,2026-07-01 13:20:00,간선상차,수도권HUB
1100002936,2026-07-01 16:20:00,간선하차,수도권HUB
1100002936,2026-07-02 03:20:00,배송출발,수도권HUB
1100002936,2026-07-02 10:20:00,배송완료,수도권HUB
3200002937,2026-05-19 09:13:00,집화처리,영남HUB
3200002937,2026-05-19 20:13:00,간선상차,영남HUB
3200002937,2026-05-20 06:13:00,간선하차,영남HUB
3200002937,2026-05-21 02:13:00,배송출발,영남HUB
3200002937,2026-05-21 05:13:00,배송완료,영남HUB
4100002938,2026-06-16 03:02:00,집화처리,영남HUB
4100002938,2026-06-16 08:02:00,간선상차,영남HUB
4100002938,2026-06-16 18:02:00,간선하차,영남HUB
4100002938,2026-06-17 09:02:00,배송출발,영남HUB
4100002938,2026-06-17 14:02:00,배송완료,영남HUB
1100002939,2026-05-26 11:48:00,집화처리,수도권HUB
1100002939,2026-05-27 02:48:00,간선상차,수도권HUB
1100002939,2026-05-27 19:48:00,간선하차,수도권HUB
1100002939,2026-05-28 10:48:00,배송출발,수도권HUB
1100002939,2026-05-28 22:48:00,배송완료,수도권HUB
1100002940,2026-07-10 03:33:00,집화처리,중부HUB
1100002940,2026-07-10 20:33:00,간선상차,중부HUB
1100002940,2026-07-11 14:33:00,간선하차,중부HUB
1100002940,2026-07-11 23:33:00,배송출발,중부HUB
1100002940,2026-07-12 16:33:00,배송완료,중부HUB
1100002941,2026-07-11 15:46:00,집화처리,수도권HUB
1100002941,2026-07-11 19:46:00,간선상차,수도권HUB
1100002941,2026-07-12 08:46:00,간선하차,수도권HUB
1100002941,2026-07-12 14:46:00,배송출발,수도권HUB
1100002941,2026-07-13 07:46:00,배송완료,수도권HUB
3100002942,2026-05-11 20:23:00,집화처리,영남HUB
3100002942,2026-05-12 16:23:00,간선상차,영남HUB
3100002942,2026-05-13 10:23:00,간선하차,영남HUB
3100002942,2026-05-14 01:23:00,배송출발,영남HUB
3100002942,2026-05-14 07:23:00,배송완료,영남HUB
2100002943,2026-07-11 11:52:00,집화처리,영남HUB
2100002943,2026-07-11 20:52:00,간선상차,영남HUB
2100002943,2026-07-12 05:52:00,간선하차,영남HUB
2100002943,2026-07-12 10:52:00,배송출발,영남HUB
2100002943,2026-07-13 03:52:00,배송완료,영남HUB
1100002944,2026-08-01 02:31:00,집화처리,영남HUB
1100002944,2026-08-01 21:31:00,간선상차,영남HUB
1100002944,2026-08-02 12:31:00,간선하차,영남HUB
1100002944,2026-08-02 20:31:00,배송출발,영남HUB
1100002944,2026-08-03 15:31:00,배송완료,영남HUB
1100002945,2026-06-27 03:52:00,집화처리,수도권HUB
1100002945,2026-06-27 21:52:00,간선상차,수도권HUB
1100002945,2026-06-28 00:52:00,간선하차,수도권HUB
1100002945,2026-06-28 20:52:00,배송출발,수도권HUB
1100002945,2026-06-29 12:52:00,배송완료,수도권HUB
4100002946,2026-07-28 00:36:00,집화처리,영남HUB
4100002946,2026-07-28 14:36:00,간선상차,영남HUB
4100002946,2026-07-28 22:36:00,간선하차,영남HUB
4100002946,2026-07-29 13:36:00,배송출발,영남HUB
4100002946,2026-07-30 09:36:00,배송완료,영남HUB
1100002947,2026-07-03 21:06:00,집화처리,수도권HUB
1100002947,2026-07-04 06:06:00,간선상차,수도권HUB
1100002947,2026-07-04 11:06:00,간선하차,수도권HUB
1100002947,2026-07-04 23:06:00,배송출발,수도권HUB
1100002947,2026-07-05 08:06:00,배송완료,수도권HUB
3100002948,2026-06-01 23:03:00,집화처리,중부HUB
3100002948,2026-06-02 19:03:00,간선상차,중부HUB
3100002948,2026-06-03 04:03:00,간선하차,중부HUB
3100002948,2026-06-03 23:03:00,배송출발,중부HUB
3100002948,2026-06-04 17:03:00,배송완료,중부HUB
1100002949,2026-05-11 10:54:00,집화처리,중부HUB
1100002949,2026-05-11 16:54:00,간선상차,중부HUB
1100002949,2026-05-12 05:54:00,간선하차,중부HUB
1100002949,2026-05-12 15:54:00,배송출발,중부HUB
1100002949,2026-05-13 07:54:00,배송완료,중부HUB
4100002950,2026-05-26 02:19:00,집화처리,중부HUB
4100002950,2026-05-26 16:19:00,간선상차,중부HUB
4100002950,2026-05-27 04:19:00,간선하차,중부HUB
4100002950,2026-05-27 08:19:00,배송출발,중부HUB
4100002950,2026-05-27 21:19:00,배송완료,중부HUB
3100002951,2026-07-18 01:23:00,집화처리,수도권HUB
3100002951,2026-07-18 17:23:00,간선상차,수도권HUB
3100002951,2026-07-19 02:23:00,간선하차,수도권HUB
3100002951,2026-07-19 10:23:00,배송출발,수도권HUB
3100002951,2026-07-20 02:23:00,배송완료,수도권HUB
1100002952,2026-05-27 23:51:00,집화처리,수도권HUB
1100002952,2026-05-28 18:51:00,간선상차,수도권HUB
1100002952,2026-05-29 12:51:00,간선하차,수도권HUB
1100002952,2026-05-29 22:51:00,배송출발,수도권HUB
1100002952,2026-05-30 05:51:00,배송완료,수도권HUB
3100002953,2026-07-06 09:26:00,집화처리,수도권HUB
3100002953,2026-07-06 14:26:00,간선상차,수도권HUB
3100002953,2026-07-06 20:26:00,간선하차,수도권HUB
3100002953,2026-07-06 23:26:00,배송출발,수도권HUB
3100002953,2026-07-07 07:26:00,배송완료,수도권HUB
3200002954,2026-06-02 05:25:00,집화처리,중부HUB
3200002954,2026-06-02 16:25:00,간선상차,중부HUB
3200002954,2026-06-03 08:25:00,간선하차,중부HUB
3200002954,2026-06-03 13:25:00,배송출발,중부HUB
3200002954,2026-06-04 07:25:00,배송완료,중부HUB
3100002955,2026-05-13 21:23:00,집화처리,호남HUB
3100002955,2026-05-14 17:23:00,간선상차,호남HUB
3100002955,2026-05-15 01:23:00,간선하차,호남HUB
3100002955,2026-05-15 06:23:00,배송출발,호남HUB
3100002955,2026-05-15 13:23:00,배송완료,호남HUB
1200002956,2026-07-11 11:06:00,집화처리,수도권HUB
1200002956,2026-07-11 23:06:00,간선상차,수도권HUB
1200002956,2026-07-12 17:06:00,간선하차,수도권HUB
1200002956,2026-07-13 02:06:00,배송출발,수도권HUB
1200002956,2026-07-13 21:06:00,배송완료,수도권HUB
2100002957,2026-07-07 10:25:00,집화처리,중부HUB
2100002957,2026-07-07 23:25:00,간선상차,중부HUB
2100002957,2026-07-08 09:25:00,간선하차,중부HUB
2100002957,2026-07-09 03:25:00,배송출발,중부HUB
2100002957,2026-07-09 08:25:00,배송완료,중부HUB
1100002958,2026-06-09 20:41:00,집화처리,중부HUB
1100002958,2026-06-10 15:41:00,간선상차,중부HUB
1100002958,2026-06-11 03:41:00,간선하차,중부HUB
1100002958,2026-06-11 10:41:00,배송출발,중부HUB
1100002958,2026-06-11 20:41:00,배송완료,중부HUB
3200002959,2026-06-08 19:08:00,집화처리,영남HUB
3200002959,2026-06-09 01:08:00,간선상차,영남HUB
3200002959,2026-06-09 15:08:00,간선하차,영남HUB
3200002959,2026-06-10 00:08:00,배송출발,영남HUB
3200002959,2026-06-10 14:08:00,배송완료,영남HUB
1200002960,2026-06-03 16:46:00,집화처리,수도권HUB
1200002960,2026-06-03 20:46:00,간선상차,수도권HUB
1200002960,2026-06-04 11:46:00,간선하차,수도권HUB
1200002960,2026-06-05 04:46:00,배송출발,수도권HUB
1200002960,2026-06-05 21:46:00,배송완료,수도권HUB
1100002961,2026-05-06 23:10:00,집화처리,중부HUB
1100002961,2026-05-07 07:10:00,간선상차,중부HUB
1100002961,2026-05-08 01:10:00,간선하차,중부HUB
1100002961,2026-05-08 05:10:00,배송출발,중부HUB
1100002961,2026-05-08 21:10:00,배송완료,중부HUB
1100002962,2026-06-30 00:31:00,집화처리,수도권HUB
1100002962,2026-06-30 10:31:00,간선상차,수도권HUB
1100002962,2026-06-30 22:31:00,간선하차,수도권HUB
1100002962,2026-07-01 01:31:00,배송출발,수도권HUB
1100002962,2026-07-01 15:31:00,배송완료,수도권HUB
3100002963,2026-06-16 09:01:00,집화처리,수도권HUB
3100002963,2026-06-17 04:01:00,간선상차,수도권HUB
3100002963,2026-06-17 09:01:00,간선하차,수도권HUB
3100002963,2026-06-18 01:01:00,배송출발,수도권HUB
3100002963,2026-06-18 14:01:00,배송완료,수도권HUB
3200002964,2026-06-19 02:00:00,집화처리,수도권HUB
3200002964,2026-06-19 15:00:00,간선상차,수도권HUB
3200002964,2026-06-20 07:00:00,간선하차,수도권HUB
3200002964,2026-06-20 15:00:00,배송출발,수도권HUB
3200002964,2026-06-20 22:00:00,배송완료,수도권HUB
4100002965,2026-07-25 09:22:00,집화처리,영남HUB
4100002965,2026-07-25 23:22:00,간선상차,영남HUB
4100002965,2026-07-26 16:22:00,간선하차,영남HUB
4100002965,2026-07-27 02:22:00,배송출발,영남HUB
4100002965,2026-07-27 08:22:00,배송완료,영남HUB
1200002966,2026-07-13 17:24:00,집화처리,중부HUB
1200002966,2026-07-14 01:24:00,간선상차,중부HUB
1200002966,2026-07-14 17:24:00,간선하차,중부HUB
1200002966,2026-07-15 03:24:00,배송출발,중부HUB
1200002966,2026-07-15 23:24:00,배송완료,중부HUB
1100002967,2026-06-22 14:08:00,집화처리,중부HUB
1100002967,2026-06-23 08:08:00,간선상차,중부HUB
1100002967,2026-06-23 13:08:00,간선하차,중부HUB
1100002967,2026-06-24 00:08:00,배송출발,중부HUB
1100002967,2026-06-24 10:08:00,배송완료,중부HUB
1200002968,2026-06-04 08:09:00,집화처리,수도권HUB
1200002968,2026-06-04 19:09:00,간선상차,수도권HUB
1200002968,2026-06-05 09:09:00,간선하차,수도권HUB
1200002968,2026-06-05 21:09:00,배송출발,수도권HUB
1200002968,2026-06-06 16:09:00,배송완료,수도권HUB
4100002969,2026-06-01 21:21:00,집화처리,영남HUB
4100002969,2026-06-02 14:21:00,간선상차,영남HUB
4100002969,2026-06-03 09:21:00,간선하차,영남HUB
4100002969,2026-06-04 01:21:00,배송출발,영남HUB
4100002969,2026-06-04 07:21:00,배송완료,영남HUB
3200002970,2026-05-19 05:49:00,집화처리,영남HUB
3200002970,2026-05-19 17:49:00,간선상차,영남HUB
3200002970,2026-05-20 13:49:00,간선하차,영남HUB
3200002970,2026-05-21 00:49:00,배송출발,영남HUB
3200002970,2026-05-21 09:49:00,배송완료,영남HUB
3100002971,2026-05-23 04:23:00,집화처리,중부HUB
3100002971,2026-05-23 13:23:00,간선상차,중부HUB
3100002971,2026-05-24 05:23:00,간선하차,중부HUB
3100002971,2026-05-24 08:23:00,배송출발,중부HUB
3100002971,2026-05-25 03:23:00,배송완료,중부HUB
2100002972,2026-05-22 23:56:00,집화처리,수도권HUB
2100002972,2026-05-23 12:56:00,간선상차,수도권HUB
2100002972,2026-05-24 00:56:00,간선하차,수도권HUB
2100002972,2026-05-24 15:56:00,배송출발,수도권HUB
2100002972,2026-05-24 23:56:00,배송완료,수도권HUB
3100002973,2026-06-10 00:55:00,집화처리,중부HUB
3100002973,2026-06-10 03:55:00,간선상차,중부HUB
3100002973,2026-06-10 21:55:00,간선하차,중부HUB
3100002973,2026-06-11 15:55:00,배송출발,중부HUB
3100002973,2026-06-11 19:55:00,배송완료,중부HUB
1200002974,2026-05-22 18:35:00,집화처리,수도권HUB
1200002974,2026-05-23 02:35:00,간선상차,수도권HUB
1200002974,2026-05-23 15:35:00,간선하차,수도권HUB
1200002974,2026-05-24 06:35:00,배송출발,수도권HUB
1200002974,2026-05-24 20:35:00,배송완료,수도권HUB
1200002975,2026-05-22 10:42:00,집화처리,수도권HUB
1200002975,2026-05-23 00:42:00,간선상차,수도권HUB
1200002975,2026-05-23 16:42:00,간선하차,수도권HUB
1200002975,2026-05-24 02:42:00,배송출발,수도권HUB
1200002975,2026-05-24 13:42:00,배송완료,수도권HUB
2100002976,2026-07-27 22:53:00,집화처리,수도권HUB
2100002976,2026-07-28 15:53:00,간선상차,수도권HUB
2100002976,2026-07-29 04:53:00,간선하차,수도권HUB
2100002976,2026-07-29 07:53:00,배송출발,수도권HUB
2100002976,2026-07-29 14:53:00,배송완료,수도권HUB
3100002977,2026-06-10 07:59:00,집화처리,영남HUB
3100002977,2026-06-10 14:59:00,간선상차,영남HUB
3100002977,2026-06-11 04:59:00,간선하차,영남HUB
3100002977,2026-06-11 14:59:00,배송출발,영남HUB
3100002977,2026-06-11 17:59:00,배송완료,영남HUB
1100002978,2026-06-30 01:52:00,집화처리,영남HUB
1100002978,2026-06-30 11:52:00,간선상차,영남HUB
1100002978,2026-07-01 04:52:00,간선하차,영남HUB
1100002978,2026-07-01 11:52:00,배송출발,영남HUB
1100002978,2026-07-01 18:52:00,배송완료,영남HUB
1200002979,2026-07-14 03:56:00,집화처리,호남HUB
1200002979,2026-07-14 13:56:00,간선상차,호남HUB
1200002979,2026-07-15 04:56:00,간선하차,호남HUB
1200002979,2026-07-15 23:56:00,배송출발,호남HUB
1200002979,2026-07-16 10:56:00,배송완료,호남HUB
3100002980,2026-05-27 12:31:00,집화처리,중부HUB
3100002980,2026-05-28 06:31:00,간선상차,중부HUB
3100002980,2026-05-28 18:31:00,간선하차,중부HUB
3100002980,2026-05-29 05:31:00,배송출발,중부HUB
3100002980,2026-05-30 01:31:00,배송완료,중부HUB
1100002981,2026-08-04 07:35:00,집화처리,영남HUB
1100002981,2026-08-04 23:35:00,간선상차,영남HUB
1100002981,2026-08-05 19:35:00,간선하차,영남HUB
1100002981,2026-08-06 15:35:00,배송출발,영남HUB
1100002981,2026-08-07 10:35:00,배송완료,영남HUB
3100002982,2026-05-25 22:49:00,집화처리,수도권HUB
3100002982,2026-05-26 12:49:00,간선상차,수도권HUB
3100002982,2026-05-26 21:49:00,간선하차,수도권HUB
3100002982,2026-05-27 13:49:00,배송출발,수도권HUB
3100002982,2026-05-28 09:49:00,배송완료,수도권HUB
3100002983,2026-06-08 20:36:00,집화처리,영남HUB
3100002983,2026-06-09 05:36:00,간선상차,영남HUB
3100002983,2026-06-09 20:36:00,간선하차,영남HUB
3100002983,2026-06-10 05:36:00,배송출발,영남HUB
3100002983,2026-06-11 00:36:00,배송완료,영남HUB
1100002984,2026-07-21 18:53:00,집화처리,영남HUB
1100002984,2026-07-22 11:53:00,간선상차,영남HUB
1100002984,2026-07-23 05:53:00,간선하차,영남HUB
1100002984,2026-07-23 09:53:00,배송출발,영남HUB
1100002984,2026-07-23 21:53:00,배송완료,영남HUB
2100002985,2026-07-05 12:07:00,집화처리,수도권HUB
2100002985,2026-07-05 20:07:00,간선상차,수도권HUB
2100002985,2026-07-06 16:07:00,간선하차,수도권HUB
2100002985,2026-07-07 05:07:00,배송출발,수도권HUB
2100002985,2026-07-07 19:07:00,배송완료,수도권HUB
1100002986,2026-06-29 19:02:00,집화처리,영남HUB
1100002986,2026-06-30 09:02:00,간선상차,영남HUB
1100002986,2026-06-30 22:02:00,간선하차,영남HUB
1100002986,2026-07-01 10:02:00,배송출발,영남HUB
1100002986,2026-07-01 16:02:00,배송완료,영남HUB
2100002987,2026-07-10 12:31:00,집화처리,수도권HUB
2100002987,2026-07-11 08:31:00,간선상차,수도권HUB
2100002987,2026-07-11 14:31:00,간선하차,수도권HUB
2100002987,2026-07-12 10:31:00,배송출발,수도권HUB
2100002987,2026-07-12 21:31:00,배송완료,수도권HUB
2100002988,2026-06-11 02:55:00,집화처리,호남HUB
2100002988,2026-06-11 19:55:00,간선상차,호남HUB
2100002988,2026-06-12 15:55:00,간선하차,호남HUB
2100002988,2026-06-12 19:55:00,배송출발,호남HUB
2100002988,2026-06-13 03:55:00,배송완료,호남HUB
1200002989,2026-06-27 11:45:00,집화처리,영남HUB
1200002989,2026-06-27 21:45:00,간선상차,영남HUB
1200002989,2026-06-28 03:45:00,간선하차,영남HUB
1200002989,2026-06-28 18:45:00,배송출발,영남HUB
1200002989,2026-06-29 01:45:00,배송완료,영남HUB
2100002990,2026-06-30 07:23:00,집화처리,영남HUB
2100002990,2026-06-30 17:23:00,간선상차,영남HUB
2100002990,2026-07-01 12:23:00,간선하차,영남HUB
2100002990,2026-07-01 22:23:00,배송출발,영남HUB
2100002990,2026-07-02 15:23:00,배송완료,영남HUB
1100002991,2026-07-16 19:57:00,집화처리,중부HUB
1100002991,2026-07-17 07:57:00,간선상차,중부HUB
1100002991,2026-07-17 13:57:00,간선하차,중부HUB
1100002991,2026-07-18 09:57:00,배송출발,중부HUB
1100002991,2026-07-18 21:57:00,배송완료,중부HUB
1200002992,2026-06-21 01:09:00,집화처리,호남HUB
1200002992,2026-06-21 14:09:00,간선상차,호남HUB
1200002992,2026-06-22 03:09:00,간선하차,호남HUB
1200002992,2026-06-22 23:09:00,배송출발,호남HUB
1200002992,2026-06-23 12:09:00,배송완료,호남HUB
3200002993,2026-06-30 11:13:00,집화처리,수도권HUB
3200002993,2026-07-01 03:13:00,간선상차,수도권HUB
3200002993,2026-07-01 20:13:00,간선하차,수도권HUB
3200002993,2026-07-02 10:13:00,배송출발,수도권HUB
3200002993,2026-07-03 01:13:00,배송완료,수도권HUB
1100002994,2026-05-27 12:41:00,집화처리,수도권HUB
1100002994,2026-05-28 01:41:00,간선상차,수도권HUB
1100002994,2026-05-28 06:41:00,간선하차,수도권HUB
1100002994,2026-05-28 13:41:00,배송출발,수도권HUB
1100002994,2026-05-29 08:41:00,배송완료,수도권HUB
1100002995,2026-07-15 00:27:00,집화처리,중부HUB
1100002995,2026-07-15 17:27:00,간선상차,중부HUB
1100002995,2026-07-15 20:27:00,간선하차,중부HUB
1100002995,2026-07-16 16:27:00,배송출발,중부HUB
1100002995,2026-07-17 01:27:00,배송완료,중부HUB
1100002996,2026-06-01 04:33:00,집화처리,호남HUB
1100002996,2026-06-01 19:33:00,간선상차,호남HUB
1100002996,2026-06-02 14:33:00,간선하차,호남HUB
1100002996,2026-06-02 23:33:00,배송출발,호남HUB
1100002996,2026-06-03 09:33:00,배송완료,호남HUB
3100002997,2026-06-02 00:54:00,집화처리,영남HUB
3100002997,2026-06-02 05:54:00,간선상차,영남HUB
3100002997,2026-06-03 00:54:00,간선하차,영남HUB
3100002997,2026-06-03 13:54:00,배송출발,영남HUB
3100002997,2026-06-04 00:54:00,배송완료,영남HUB
2100002998,2026-06-17 02:40:00,집화처리,영남HUB
2100002998,2026-06-17 15:40:00,간선상차,영남HUB
2100002998,2026-06-17 18:40:00,간선하차,영남HUB
2100002998,2026-06-17 23:40:00,배송출발,영남HUB
2100002998,2026-06-18 10:40:00,배송완료,영남HUB
1100002999,2026-07-07 03:38:00,집화처리,영남HUB
1100002999,2026-07-07 08:38:00,간선상차,영남HUB
1100002999,2026-07-07 16:38:00,간선하차,영남HUB
1100002999,2026-07-07 23:38:00,배송출발,영남HUB
1100002999,2026-07-08 02:38:00,배송완료,영남HUB
3100003000,2026-05-21 06:14:00,집화처리,중부HUB
3100003000,2026-05-22 02:14:00,간선상차,중부HUB
3100003000,2026-05-22 18:14:00,간선하차,중부HUB
3100003000,2026-05-23 05:14:00,배송출발,중부HUB
3100003000,2026-05-23 09:14:00,배송완료,중부HUB
